Facility ID,facility_name,state,total_discharges,n_conditions_reported,composite_err,reliability_tier,City/Town,ZIP Code,County/Parish,Hospital Type,Hospital Ownership,Emergency Services,FIPS,Median_HH_Income,Median_HH_Income_MOE,Total_Population,Pop_White_NonHispanic,Pop_Black,Pop_AIAN,Pop_Hispanic,ownership_bucket
10001,SOUTHEAST HEALTH MEDICAL CENTER,AL,1692.0,5,0.9899,high (4-6 conditions),DOTHAN,36301.0,HOUSTON,Acute Care Hospitals,Government - Hospital District or Authority,Yes,01069,57531,1310,107628,68699,29163,210,4680,Government
10005,MARSHALL MEDICAL CENTERS,AL,588.0,3,0.9237,medium (2-3 conditions),BOAZ,35957.0,MARSHALL,Acute Care Hospitals,Government - Hospital District or Authority,Yes,01095,60946,2309,98712,76318,2480,118,16360,Government
10006,NORTH ALABAMA MEDICAL CENTER,AL,1599.0,4,0.9815,high (4-6 conditions),FLORENCE,35630.0,LAUDERDALE,Acute Care Hospitals,Proprietary,Yes,01077,59082,3460,95037,78618,9058,168,3163,For-profit
10007,MIZELL MEMORIAL HOSPITAL,AL,123.0,2,1.0432,medium (2-3 conditions),OPP,36467.0,COVINGTON,Acute Care Hospitals,Voluntary non-profit - Private,Yes,01039,50886,4230,37647,31061,4413,70,727,Nonprofit
10011,ST. VINCENT'S EAST,AL,787.0,5,1.0214,high (4-6 conditions),BIRMINGHAM,35235.0,JEFFERSON,Acute Care Hospitals,Voluntary non-profit - Private,Yes,01073,64589,1226,669744,321127,283468,469,35103,Nonprofit
10012,DEKALB REGIONAL MEDICAL CENTER,AL,240.0,2,1.0465,medium (2-3 conditions),FORT PAYNE,35968.0,DE KALB,Acute Care Hospitals,Proprietary,Yes,01049,51149,2343,71946,55856,923,258,11987,For-profit
10016,SHELBY BAPTIST MEDICAL CENTER,AL,428.0,2,1.0174,medium (2-3 conditions),ALABASTER,35007.0,SHELBY,Acute Care Hospitals,Voluntary non-profit - Private,Yes,01117,93543,3051,226955,167841,29721,368,16709,Nonprofit
10019,HELEN KELLER HOSPITAL,AL,659.0,3,0.9741,medium (2-3 conditions),SHEFFIELD,35660.0,COLBERT,Acute Care Hospitals,Government - Hospital District or Authority,Yes,01033,56736,4001,57648,44648,9103,85,1890,Government
10023,BAPTIST MEDICAL CENTER SOUTH,AL,701.0,4,1.0418,high (4-6 conditions),MONTGOMERY,36116.0,MONTGOMERY,Acute Care Hospitals,Government - Hospital District or Authority,Yes,01101,58153,2052,227197,69425,133110,183,10796,Government
10024,JACKSON HOSPITAL & CLINIC INC,AL,809.0,4,1.0094,high (4-6 conditions),MONTGOMERY,36106.0,MONTGOMERY,Acute Care Hospitals,Voluntary non-profit - Private,Yes,01101,58153,2052,227197,69425,133110,183,10796,Nonprofit
10029,THE EAST ALABAMA HEALTHCARE AUTHORITY,AL,956.0,4,0.9767,high (4-6 conditions),OPELIKA,36801.0,LEE,Acute Care Hospitals,Government - Hospital District or Authority,Yes,01081,61123,3017,177663,117016,38972,130,9335,Government
10033,UNIVERSITY OF ALABAMA HOSPITAL,AL,1803.0,5,1.0988,high (4-6 conditions),BIRMINGHAM,35233.0,JEFFERSON,Acute Care Hospitals,Government - State,Yes,01073,64589,1226,669744,321127,283468,469,35103,Government
10035,CULLMAN REGIONAL MEDICAL CENTER,AL,930.0,3,0.9941,medium (2-3 conditions),CULLMAN,35058.0,CULLMAN,Acute Care Hospitals,Government - Hospital District or Authority,Yes,01043,60916,2736,89463,80673,957,189,4346,Government
10036,ANDALUSIA HEALTH,AL,271.0,2,0.9935,medium (2-3 conditions),ANDALUSIA,36420.0,COVINGTON,Acute Care Hospitals,Proprietary,Yes,01039,50886,4230,37647,31061,4413,70,727,For-profit
10039,HUNTSVILLE HOSPITAL,AL,3786.0,5,0.9431,high (4-6 conditions),HUNTSVILLE,35801.0,MADISON,Acute Care Hospitals,Government - Hospital District or Authority,Yes,01089,83528,1460,397135,247502,95160,1635,25948,Government
10040,GADSDEN REGIONAL MEDICAL CENTER,AL,613.0,4,1.0029,high (4-6 conditions),GADSDEN,35903.0,ETOWAH,Acute Care Hospitals,Proprietary,Yes,01055,53070,1864,103208,78922,15487,115,5134,For-profit
10046,RIVERVIEW REGIONAL MEDICAL CENTER,AL,696.0,3,1.1055,medium (2-3 conditions),GADSDEN,35901.0,ETOWAH,Acute Care Hospitals,Proprietary,Yes,01055,53070,1864,103208,78922,15487,115,5134,For-profit
10049,MEDICAL CENTER ENTERPRISE,AL,309.0,3,0.9872,medium (2-3 conditions),ENTERPRISE,36330.0,COFFEE,Acute Care Hospitals,Proprietary,Yes,01031,64672,3538,54231,36827,8623,223,5096,For-profit
10055,FLOWERS HOSPITAL,AL,1297.0,6,1.0762,high (4-6 conditions),DOTHAN,36302.0,HOUSTON,Acute Care Hospitals,Proprietary,Yes,01069,57531,1310,107628,68699,29163,210,4680,For-profit
10056,ST VINCENT'S BIRMINGHAM,AL,950.0,4,1.0434,high (4-6 conditions),BIRMINGHAM,35205.0,JEFFERSON,Acute Care Hospitals,Voluntary non-profit - Private,Yes,01073,64589,1226,669744,321127,283468,469,35103,Nonprofit
10061,HIGHLANDS MEDICAL CENTER,AL,124.0,1,0.9641,low (1 condition),SCOTTSBORO,35768.0,JACKSON,Acute Care Hospitals,Government - Hospital District or Authority,Yes,01071,49454,2597,52839,46787,1589,302,1777,Government
10065,RUSSELL MEDICAL CENTER,AL,71.0,1,0.9711,low (1 condition),ALEXANDER CITY,35010.0,TALLAPOOSA,Acute Care Hospitals,Voluntary non-profit - Private,Yes,01123,57185,2897,41070,27992,9582,117,1137,Nonprofit
10078,NORTHEAST ALABAMA REGIONAL MEDICAL CENTER,AL,1204.0,5,1.0654,high (4-6 conditions),ANNISTON,36207.0,CALHOUN,Acute Care Hospitals,Government - Local,Yes,01015,55826,2168,116141,81098,25029,188,5150,Government
10079,ATHENS LIMESTONE HOSPITAL,AL,412.0,3,1.0306,medium (2-3 conditions),ATHENS,35611.0,LIMESTONE,Acute Care Hospitals,Government - Hospital District or Authority,Yes,01083,83534,2861,107577,79087,13543,340,7785,Government
10083,BALDWIN HEALTH,AL,742.0,4,1.0007,high (4-6 conditions),FOLEY,36535.0,BALDWIN,Acute Care Hospitals,Proprietary,Yes,01003,75019,2751,239945,195347,19051,608,13393,For-profit
10085,DECATUR MORGAN HOSPITAL - DECATUR CAMPUS,AL,916.0,3,0.9509,medium (2-3 conditions),DECATUR,35601.0,MORGAN,Acute Care Hospitals,Government - Hospital District or Authority,Yes,01103,64858,2399,123742,90086,15484,197,12626,Government
10087,USA HEALTH UNIVERSITY HOSPITAL,AL,55.0,1,1.0179,low (1 condition),MOBILE,36617.0,MOBILE,Acute Care Hospitals,Government - State,Yes,01097,58119,1304,413162,228398,148205,1364,13778,Government
10089,WALKER BAPTIST MEDICAL CENTER,AL,403.0,3,1.0001,medium (2-3 conditions),JASPER,35502.0,WALKER,Acute Care Hospitals,Proprietary,Yes,01127,54509,4141,64886,56448,3952,86,2253,For-profit
10090,"USA HEALTH HCA PROVIDENCE HOSPITAL, LLC",AL,615.0,3,1.064,medium (2-3 conditions),MOBILE,36608.0,MOBILE,Acute Care Hospitals,Voluntary non-profit - Church,Yes,01097,58119,1304,413162,228398,148205,1364,13778,Nonprofit
10092,DCH REGIONAL MEDICAL CENTER,AL,1601.0,4,1.0702,high (4-6 conditions),TUSCALOOSA,35401.0,TUSCALOOSA,Acute Care Hospitals,Government - Hospital District or Authority,Yes,01125,63947,2475,234036,138682,74490,124,12593,Government
10100,THOMAS HOSPITAL,AL,1118.0,5,1.0475,high (4-6 conditions),FAIRHOPE,36532.0,BALDWIN,Acute Care Hospitals,Voluntary non-profit - Private,Yes,01003,75019,2751,239945,195347,19051,608,13393,Nonprofit
10101,CITIZENS BAPTIST MEDICAL CENTER,AL,50.0,1,1.1161,low (1 condition),TALLADEGA,35160.0,TALLADEGA,Acute Care Hospitals,Voluntary non-profit - Private,Yes,01121,56249,2242,81170,50450,25670,77,1879,Nonprofit
10103,PRINCETON BAPTIST MEDICAL CENTER,AL,467.0,3,0.9637,medium (2-3 conditions),BIRMINGHAM,35211.0,JEFFERSON,Acute Care Hospitals,Voluntary non-profit - Church,Yes,01073,64589,1226,669744,321127,283468,469,35103,Nonprofit
10104,GRANDVIEW MEDICAL CENTER,AL,1802.0,6,0.9955,high (4-6 conditions),BIRMINGHAM,35243.0,JEFFERSON,Acute Care Hospitals,Proprietary,Yes,01073,64589,1226,669744,321127,283468,469,35103,For-profit
10108,PRATTVILLE BAPTIST HOSPITAL,AL,404.0,3,1.0079,medium (2-3 conditions),PRATTVILLE,36067.0,AUTAUGA,Acute Care Hospitals,Government - Hospital District or Authority,Yes,01001,69841,5512,59285,42497,11829,42,2188,Government
10112,WHITFIELD REGIONAL HOSPITAL,AL,51.0,1,1.0366,low (1 condition),DEMOPOLIS,36732.0,MARENGO,Acute Care Hospitals,Government - Hospital District or Authority,Yes,01091,44205,5009,19027,8475,9767,46,452,Government
10113,MOBILE INFIRMARY MEDICAL CENTER,AL,1056.0,4,1.026,high (4-6 conditions),MOBILE,36607.0,MOBILE,Acute Care Hospitals,Voluntary non-profit - Private,Yes,01097,58119,1304,413162,228398,148205,1364,13778,Nonprofit
10114,"MEDICAL WEST, AN AFFILIATE OF UAB HEALTH SYSTEM",AL,261.0,2,0.98,medium (2-3 conditions),BESSEMER,35022.0,JEFFERSON,Acute Care Hospitals,Government - Hospital District or Authority,Yes,01073,64589,1226,669744,321127,283468,469,35103,Government
10118,VAUGHAN REGIONAL MEDICAL CENTER PARKWAY CAMPUS,AL,95.0,1,1.0838,low (1 condition),SELMA,36701.0,DALLAS,Acute Care Hospitals,Proprietary,Yes,01047,36810,3543,37536,10073,26389,93,340,For-profit
10125,LAKELAND COMMUNITY HOSPITAL,AL,284.0,2,0.972,medium (2-3 conditions),HALEYVILLE,35565.0,WINSTON,Acute Care Hospitals,Proprietary,Yes,01133,48032,6325,23637,21752,284,13,826,For-profit
10130,ST VINCENT'S ST CLAIR,AL,174.0,2,1.0428,medium (2-3 conditions),PELL CITY,35125.0,ST. CLAIR,Acute Care Hospitals,Voluntary non-profit - Private,Yes,01115,78993,3859,92903,77684,8942,249,2670,Nonprofit
10131,CRESTWOOD MEDICAL CENTER,AL,850.0,4,1.083,high (4-6 conditions),HUNTSVILLE,35801.0,MADISON,Acute Care Hospitals,Proprietary,Yes,01089,83528,1460,397135,247502,95160,1635,25948,For-profit
10139,BROOKWOOD BAPTIST MEDICAL CENTER,AL,310.0,2,0.9596,medium (2-3 conditions),BIRMINGHAM,35209.0,JEFFERSON,Acute Care Hospitals,Proprietary,Yes,01073,64589,1226,669744,321127,283468,469,35103,For-profit
10144,SPRINGHILL MEDICAL CENTER,AL,517.0,3,1.0145,medium (2-3 conditions),MOBILE,36608.0,MOBILE,Acute Care Hospitals,Proprietary,Yes,01097,58119,1304,413162,228398,148205,1364,13778,For-profit
10148,EVERGREEN MEDICAL CENTER,AL,80.0,1,1.0231,low (1 condition),EVERGREEN,36401.0,CONECUH,Acute Care Hospitals,Proprietary,Yes,01035,42266,4545,11411,5713,5182,17,101,For-profit
10149,BAPTIST MEDICAL CENTER EAST,AL,592.0,3,1.0624,medium (2-3 conditions),MONTGOMERY,36117.0,MONTGOMERY,Acute Care Hospitals,Government - Hospital District or Authority,Yes,01101,58153,2052,227197,69425,133110,183,10796,Government
10158,RUSSELLVILLE HOSPITAL,AL,92.0,1,1.0278,low (1 condition),RUSSELLVILLE,35653.0,FRANKLIN,Acute Care Hospitals,Proprietary,Yes,01059,51493,5249,31978,23424,1287,29,6341,For-profit
10164,COOSA VALLEY MEDICAL CENTER,AL,180.0,2,1.0823,medium (2-3 conditions),SYLACAUGA,35150.0,TALLADEGA,Acute Care Hospitals,Government - Hospital District or Authority,Yes,01121,56249,2242,81170,50450,25670,77,1879,Government
20001,PROVIDENCE ALASKA MEDICAL CENTER,AK,1480.0,5,0.9166,high (4-6 conditions),ANCHORAGE,99508.0,ANCHORAGE,Acute Care Hospitals,Voluntary non-profit - Church,Yes,02020,98152,2660,289069,159262,14649,20248,26953,Nonprofit
20006,MAT-SU REGIONAL MEDICAL CENTER,AK,848.0,4,0.9571,high (4-6 conditions),PALMER,99645.0,MATANUSKA-SUSITNA,Acute Care Hospitals,Voluntary non-profit - Other,Yes,02170,90625,2552,110677,84590,1416,6195,5748,Nonprofit
20008,BARTLETT REGIONAL HOSPITAL,AK,119.0,2,1.0214,medium (2-3 conditions),JUNEAU,99801.0,JUNEAU,Acute Care Hospitals,Government - Local,Yes,02110,100513,7275,31969,19748,224,2659,2234,Government
20012,FAIRBANKS MEMORIAL HOSPITAL,AK,298.0,2,0.939,medium (2-3 conditions),FAIRBANKS,99701.0,FAIRBANKS NORTH STAR,Acute Care Hospitals,Voluntary non-profit - Private,Yes,02090,84722,5460,95555,64461,3494,6060,7825,Nonprofit
20017,ALASKA REGIONAL HOSPITAL,AK,1155.0,5,1.1071,high (4-6 conditions),ANCHORAGE,99508.0,ANCHORAGE,Acute Care Hospitals,Proprietary,Yes,02020,98152,2660,289069,159262,14649,20248,26953,For-profit
20024,CENTRAL PENINSULA GENERAL HOSPITAL,AK,470.0,3,1.1177,medium (2-3 conditions),SOLDOTNA,99669.0,KENAI PENINSULA,Acute Care Hospitals,Voluntary non-profit - Other,Yes,02122,77722,5508,59843,46602,325,3802,2547,Nonprofit
20026,ALASKA NATIVE MEDICAL CENTER,AK,303.0,2,1.0009,medium (2-3 conditions),ANCHORAGE,99508.0,ANCHORAGE,Acute Care Hospitals,Government - Federal,Yes,02020,98152,2660,289069,159262,14649,20248,26953,Government
30002,BANNER - UNIVERSITY MEDICAL CENTER PHOENIX,AZ,529.0,2,1.0493,medium (2-3 conditions),PHOENIX,85006.0,MARICOPA,Acute Care Hospitals,Voluntary non-profit - Other,Yes,04013,85518,635,4491987,2397465,246536,60061,1387720,Nonprofit
30006,TUCSON MEDICAL CENTER,AZ,1915.0,5,1.0987,high (4-6 conditions),TUCSON,85712.0,PIMA,Acute Care Hospitals,Voluntary non-profit - Private,Yes,04019,67929,992,1049947,537936,34497,21245,379548,Nonprofit
30007,VERDE VALLEY MEDICAL CENTER,AZ,492.0,3,0.9032,medium (2-3 conditions),COTTONWOOD,86326.0,YAVAPAI,Acute Care Hospitals,Voluntary non-profit - Private,Yes,04025,66106,1808,241656,189248,1347,2690,36225,Nonprofit
30010,ST. MARY'S HOSPITAL,AZ,548.0,3,1.0051,medium (2-3 conditions),TUCSON,85745.0,PIMA,Acute Care Hospitals,Voluntary non-profit - Private,Yes,04019,67929,992,1049947,537936,34497,21245,379548,Nonprofit
30011,ST JOSEPH'S HOSPITAL,AZ,486.0,3,0.9899,medium (2-3 conditions),TUCSON,85711.0,PIMA,Acute Care Hospitals,Voluntary non-profit - Other,Yes,04019,67929,992,1049947,537936,34497,21245,379548,Nonprofit
30012,YAVAPAI REGIONAL MEDICAL CENTER,AZ,1918.0,5,1.0003,high (4-6 conditions),PRESCOTT,86301.0,YAVAPAI,Acute Care Hospitals,Voluntary non-profit - Private,Yes,04025,66106,1808,241656,189248,1347,2690,36225,Nonprofit
30013,YUMA REGIONAL MEDICAL CENTER,AZ,1546.0,4,1.0079,high (4-6 conditions),YUMA,85364.0,YUMA,Acute Care Hospitals,Voluntary non-profit - Private,Yes,04027,60417,1438,207685,61490,3233,1869,133743,Nonprofit
30014,HONOR HEALTH JOHN C. LINCOLN MEDICAL CENTER,AZ,661.0,3,0.977,medium (2-3 conditions),PHOENIX,85020.0,MARICOPA,Acute Care Hospitals,Voluntary non-profit - Private,Yes,04013,85518,635,4491987,2397465,246536,60061,1387720,Nonprofit
30016,BANNER CASA GRANDE MEDICAL CENTER,AZ,526.0,2,1.0718,medium (2-3 conditions),CASA GRANDE,85122.0,PINAL,Acute Care Hospitals,Voluntary non-profit - Other,Yes,04021,77588,1730,449219,251010,21823,16900,131771,Nonprofit
30022,VALLEYWISE HEALTH MEDICAL CENTER,AZ,38.0,1,1.0638,low (1 condition),PHOENIX,85008.0,MARICOPA,Acute Care Hospitals,Government - Local,No,04013,85518,635,4491987,2397465,246536,60061,1387720,Government
30023,FLAGSTAFF MEDICAL CENTER,AZ,724.0,3,1.0012,medium (2-3 conditions),FLAGSTAFF,86001.0,COCONINO,Acute Care Hospitals,Voluntary non-profit - Private,Yes,04005,69748,2305,144643,75884,2130,35078,22034,Nonprofit
30024,ST JOSEPHS HOSPITAL AND MEDICAL CENTER,AZ,722.0,4,0.9931,high (4-6 conditions),PHOENIX,85013.0,MARICOPA,Acute Care Hospitals,Voluntary non-profit - Church,Yes,04013,85518,635,4491987,2397465,246536,60061,1387720,Nonprofit
30030,ABRAZO CENTRAL CAMPUS,AZ,74.0,1,1.0229,low (1 condition),PHOENIX,85015.0,MARICOPA,Acute Care Hospitals,Physician,Yes,04013,85518,635,4491987,2397465,246536,60061,1387720,Physician-owned
30036,CHANDLER REGIONAL MEDICAL CENTER,AZ,2133.0,5,0.9633,high (4-6 conditions),CHANDLER,85224.0,MARICOPA,Acute Care Hospitals,Voluntary non-profit - Private,Yes,04013,85518,635,4491987,2397465,246536,60061,1387720,Nonprofit
30038,HONORHEALTH SCOTTSDALE OSBORN MEDICAL CENTER,AZ,1067.0,4,1.0331,high (4-6 conditions),SCOTTSDALE,85251.0,MARICOPA,Acute Care Hospitals,Proprietary,Yes,04013,85518,635,4491987,2397465,246536,60061,1387720,For-profit
30043,CANYON VISTA MEDICAL CENTER,AZ,661.0,4,1.0378,high (4-6 conditions),SIERRA VISTA,85635.0,COCHISE,Acute Care Hospitals,Voluntary non-profit - Other,Yes,04003,58970,1831,125458,68464,4055,601,43077,Nonprofit
30055,KINGMAN REGIONAL MEDICAL CENTER,AZ,626.0,2,1.0111,medium (2-3 conditions),KINGMAN,86401.0,MOHAVE,Acute Care Hospitals,Government - Hospital District or Authority,Yes,04015,55799,1721,217420,164363,2403,2873,36295,Government
30061,BANNER BOSWELL MEDICAL CENTER,AZ,2315.0,5,1.0447,high (4-6 conditions),SUN CITY,85351.0,MARICOPA,Acute Care Hospitals,Voluntary non-profit - Other,Yes,04013,85518,635,4491987,2397465,246536,60061,1387720,Nonprofit
30062,SUMMIT HEALTHCARE REGIONAL MEDICAL CENTER,AZ,419.0,2,0.9804,medium (2-3 conditions),SHOW LOW,85901.0,NAVAJO,Acute Care Hospitals,Voluntary non-profit - Private,Yes,04017,52752,2280,107744,45710,1147,45130,11466,Nonprofit
30064,BANNER - UNIVERSITY MEDICAL CENTER TUCSON CAMPUS,AZ,656.0,3,0.9541,medium (2-3 conditions),TUCSON,85719.0,PIMA,Acute Care Hospitals,Voluntary non-profit - Private,Yes,04019,67929,992,1049947,537936,34497,21245,379548,Nonprofit
30065,BANNER DESERT MEDICAL CENTER,AZ,1289.0,4,1.0613,high (4-6 conditions),MESA,85202.0,MARICOPA,Acute Care Hospitals,Voluntary non-profit - Private,Yes,04013,85518,635,4491987,2397465,246536,60061,1387720,Nonprofit
30069,HAVASU REGIONAL MEDICAL CENTER,AZ,868.0,5,1.0099,high (4-6 conditions),LAKE HAVASU CITY,86403.0,MOHAVE,Acute Care Hospitals,Proprietary,Yes,04015,55799,1721,217420,164363,2403,2873,36295,For-profit
30083,ABRAZO SCOTTSDALE CAMPUS,AZ,226.0,2,0.9314,medium (2-3 conditions),PHOENIX,85032.0,MARICOPA,Acute Care Hospitals,Proprietary,Yes,04013,85518,635,4491987,2397465,246536,60061,1387720,For-profit
30084,CHINLE COMPREHENSIVE HEALTH CARE FACILITY,AZ,82.0,1,1.0551,low (1 condition),CHINLE,86503.0,APACHE,Acute Care Hospitals,Government - Federal,Yes,04001,40338,2657,65680,12207,622,46913,4092,Government
30085,NORTHWEST MEDICAL CENTER,AZ,1294.0,5,0.9652,high (4-6 conditions),TUCSON,85741.0,PIMA,Acute Care Hospitals,Proprietary,Yes,04019,67929,992,1049947,537936,34497,21245,379548,For-profit
30087,HONORHEALTH SCOTTSDALE SHEA MEDICAL CENTER,AZ,1987.0,5,1.0521,high (4-6 conditions),SCOTTSDALE,85260.0,MARICOPA,Acute Care Hospitals,Proprietary,Yes,04013,85518,635,4491987,2397465,246536,60061,1387720,For-profit
30088,BANNER BAYWOOD MEDICAL CENTER,AZ,1334.0,3,0.9388,medium (2-3 conditions),MESA,85206.0,MARICOPA,Acute Care Hospitals,Voluntary non-profit - Private,Yes,04013,85518,635,4491987,2397465,246536,60061,1387720,Nonprofit
30089,BANNER THUNDERBIRD MEDICAL CENTER,AZ,1239.0,4,0.9825,high (4-6 conditions),GLENDALE,85306.0,MARICOPA,Acute Care Hospitals,Government - Hospital District or Authority,No,04013,85518,635,4491987,2397465,246536,60061,1387720,Government
30092,HONORHEALTH DEER VALLEY MEDICAL CENTER,AZ,981.0,4,1.0131,high (4-6 conditions),PHOENIX,85027.0,MARICOPA,Acute Care Hospitals,Voluntary non-profit - Private,Yes,04013,85518,635,4491987,2397465,246536,60061,1387720,Nonprofit
30093,BANNER DEL E. WEBB MEDICAL CENTER,AZ,2294.0,4,1.0319,high (4-6 conditions),SUN CITY WEST,85375.0,MARICOPA,Acute Care Hospitals,Voluntary non-profit - Private,Yes,04013,85518,635,4491987,2397465,246536,60061,1387720,Nonprofit
30094,ABRAZO ARROWHEAD HOSPITAL,AZ,1294.0,5,1.0087,high (4-6 conditions),GLENDALE,85308.0,MARICOPA,Acute Care Hospitals,Proprietary,Yes,04013,85518,635,4491987,2397465,246536,60061,1387720,For-profit
30101,WESTERN ARIZONA REGIONAL MEDICAL CENTER,AZ,623.0,4,0.9851,high (4-6 conditions),BULLHEAD CITY,86442.0,MOHAVE,Acute Care Hospitals,Proprietary,Yes,04015,55799,1721,217420,164363,2403,2873,36295,For-profit
30103,MAYO CLINIC HOSPITAL,AZ,2717.0,6,0.9497,high (4-6 conditions),PHOENIX,85054.0,MARICOPA,Acute Care Hospitals,Voluntary non-profit - Private,Yes,04013,85518,635,4491987,2397465,246536,60061,1387720,Nonprofit
30105,BANNER HEART HOSPITAL,AZ,1042.0,3,0.9721,medium (2-3 conditions),MESA,85206.0,MARICOPA,Acute Care Hospitals,Voluntary non-profit - Private,No,04013,85518,635,4491987,2397465,246536,60061,1387720,Nonprofit
30107,ARIZONA SPINE AND JOINT HOSPITAL,AZ,705.0,1,0.7975,low (1 condition),MESA,85206.0,MARICOPA,Acute Care Hospitals,Physician,No,04013,85518,635,4491987,2397465,246536,60061,1387720,Physician-owned
30110,ABRAZO WEST CAMPUS,AZ,659.0,3,1.008,medium (2-3 conditions),GOODYEAR,85395.0,MARICOPA,Acute Care Hospitals,Proprietary,Yes,04013,85518,635,4491987,2397465,246536,60061,1387720,For-profit
30111,BANNER-UNIVERSITY MEDICAL CENTER SOUTH CAMPUS,AZ,204.0,2,0.9781,medium (2-3 conditions),TUCSON,85713.0,PIMA,Acute Care Hospitals,Voluntary non-profit - Private,Yes,04019,67929,992,1049947,537936,34497,21245,379548,Nonprofit
30112,ARIZONA ORTHOPEDIC AND SURGICAL SPECIALTY HOSPITAL,AZ,261.0,1,1.2591,low (1 condition),PHOENIX,85008.0,MARICOPA,Acute Care Hospitals,Proprietary,No,04013,85518,635,4491987,2397465,246536,60061,1387720,For-profit
30114,ORO VALLEY HOSPITAL,AZ,664.0,2,0.977,medium (2-3 conditions),ORO VALLEY,85755.0,PIMA,Acute Care Hospitals,Proprietary,Yes,04019,67929,992,1049947,537936,34497,21245,379548,For-profit
30115,BANNER ESTRELLA MEDICAL CENTER,AZ,679.0,3,1.0168,medium (2-3 conditions),PHOENIX,85037.0,MARICOPA,Acute Care Hospitals,Voluntary non-profit - Private,Yes,04013,85518,635,4491987,2397465,246536,60061,1387720,Nonprofit
30119,MERCY GILBERT MEDICAL CENTER,AZ,1259.0,4,1.029,high (4-6 conditions),GILBERT,85297.0,MARICOPA,Acute Care Hospitals,Voluntary non-profit - Church,Yes,04013,85518,635,4491987,2397465,246536,60061,1387720,Nonprofit
30121,HONORHEALTH MOUNTAIN VISTA MEDICAL CENTER,AZ,322.0,2,0.9605,medium (2-3 conditions),MESA,85209.0,MARICOPA,Acute Care Hospitals,Proprietary,Yes,04013,85518,635,4491987,2397465,246536,60061,1387720,For-profit
30122,BANNER GATEWAY MEDICAL CENTER,AZ,486.0,2,0.9735,medium (2-3 conditions),GILBERT,85234.0,MARICOPA,Acute Care Hospitals,Voluntary non-profit - Other,Yes,04013,85518,635,4491987,2397465,246536,60061,1387720,Nonprofit
30123,HONORHEALTH SCOTTSDALE THOMPSON PEAK MED CTR,AZ,1156.0,4,1.044,high (4-6 conditions),SCOTTSDALE,85255.0,MARICOPA,Acute Care Hospitals,Voluntary non-profit - Private,Yes,04013,85518,635,4491987,2397465,246536,60061,1387720,Nonprofit
30130,BANNER IRONWOOD MEDICAL CENTER,AZ,375.0,3,1.0041,medium (2-3 conditions),QUEEN CREEK,85140.0,PINAL,Acute Care Hospitals,Voluntary non-profit - Private,Yes,04021,77588,1730,449219,251010,21823,16900,131771,Nonprofit
30134,BANNER GOLDFIELD MEDICAL CENTER,AZ,100.0,1,0.976,low (1 condition),APACHE JUNCTION,85120.0,PINAL,Acute Care Hospitals,Voluntary non-profit - Other,Yes,04021,77588,1730,449219,251010,21823,16900,131771,Nonprofit
30139,DIGNITY HEALTH ARIZONA GENERAL HOSPITAL,AZ,139.0,1,0.9484,low (1 condition),MESA,85212.0,MARICOPA,Acute Care Hospitals,Voluntary non-profit - Private,Yes,04013,85518,635,4491987,2397465,246536,60061,1387720,Nonprofit
30146,HONORHEALTH SONORAN CROSSING MEDICAL CENTER,AZ,252.0,2,1.0819,medium (2-3 conditions),PHOENIX,85085.0,MARICOPA,Acute Care Hospitals,Voluntary non-profit - Private,Yes,04013,85518,635,4491987,2397465,246536,60061,1387720,Nonprofit
30147,BANNER OCOTILLO MEDICAL CENTER,AZ,310.0,2,1.1052,medium (2-3 conditions),CHANDLER,85286.0,MARICOPA,Acute Care Hospitals,Voluntary non-profit - Private,Yes,04013,85518,635,4491987,2397465,246536,60061,1387720,Nonprofit
30148,NORTHWEST MEDICAL CENTER SAHUARITA,AZ,416.0,2,1.0161,medium (2-3 conditions),SAHUARITA,85629.0,PIMA,Acute Care Hospitals,Voluntary non-profit - Private,Yes,04019,67929,992,1049947,537936,34497,21245,379548,Nonprofit
40001,SILOAM SPRINGS REGIONAL HOSPITAL,AR,78.0,1,1.0123,low (1 condition),SILOAM SPRINGS,72761.0,BENTON,Acute Care Hospitals,Proprietary,Yes,05007,89879,2078,294541,179996,5238,1903,53388,For-profit
40002,JOHNSON REGIONAL MEDICAL CENTER,AR,103.0,1,1.0783,low (1 condition),CLARKSVILLE,72830.0,JOHNSON,Acute Care Hospitals,Voluntary non-profit - Private,Yes,05071,44808,4077,25932,20077,380,45,3539,Nonprofit
40004,WASHINGTON REGIONAL MEDICAL CENTER,AR,1586.0,5,0.8825,high (4-6 conditions),FAYETTEVILLE,72703.0,WASHINGTON,Acute Care Hospitals,Voluntary non-profit - Private,Yes,05143,66426,2116,251863,157981,7911,1276,46214,Nonprofit
40007,CHI-ST VINCENT INFIRMARY,AR,1223.0,4,0.9708,high (4-6 conditions),LITTLE ROCK,72205.0,PULASKI,Acute Care Hospitals,Voluntary non-profit - Private,Yes,05119,60385,1648,398949,194286,146488,853,32722,Nonprofit
40010,MERCY HOSPITAL NORTHWEST ARKANSAS,AR,1210.0,4,0.9961,high (4-6 conditions),ROGERS,72758.0,BENTON,Acute Care Hospitals,Voluntary non-profit - Private,Yes,05007,89879,2078,294541,179996,5238,1903,53388,Nonprofit
40011,CHAMBERS MEMORIAL HOSPITAL,AR,228.0,2,0.9847,medium (2-3 conditions),DANVILLE,72833.0,YELL,Acute Care Hospitals,Voluntary non-profit - Private,Yes,05149,58870,9002,20195,14905,349,58,4214,Nonprofit
40014,WHITE COUNTY MEDICAL CENTER,AR,1244.0,4,1.0672,high (4-6 conditions),SEARCY,72143.0,WHITE,Acute Care Hospitals,Voluntary non-profit - Private,Yes,05145,53435,4396,77395,66100,3323,66,3693,Nonprofit
40016,University of Arkansas Medical Sciences,AR,694.0,4,0.9825,high (4-6 conditions),LITTLE ROCK,72205.0,PULASKI,Acute Care Hospitals,Government - State,Yes,05119,60385,1648,398949,194286,146488,853,32722,Government
40017,NORTH ARKANSAS REGIONAL MEDICAL CENTER,AR,217.0,1,1.0204,low (1 condition),HARRISON,72601.0,BOONE,Acute Care Hospitals,Voluntary non-profit - Private,Yes,05009,54195,2906,37896,35186,103,128,1120,Nonprofit
40020,ST BERNARDS MEDICAL CENTER,AR,1591.0,5,1.0569,high (4-6 conditions),JONESBORO,72401.0,CRAIGHEAD,Acute Care Hospitals,Voluntary non-profit - Private,Yes,05031,57615,2605,112097,80425,18660,239,6899,Nonprofit
40022,NORTHWEST MEDICAL CENTER-SPRINGDALE,AR,900.0,4,0.9294,high (4-6 conditions),SPRINGDALE,72764.0,WASHINGTON,Acute Care Hospitals,Proprietary,Yes,05143,66426,2116,251863,157981,7911,1276,46214,For-profit
40026,CHI ST. VINCENT HOSPITAL HOT SPRINGS,AR,1531.0,4,1.0434,high (4-6 conditions),HOT SPRINGS,71903.0,GARLAND,Acute Care Hospitals,Voluntary non-profit - Private,Yes,05051,55409,2233,100062,79816,7787,386,7179,Nonprofit
40027,BAXTER HEALTH,AR,1613.0,6,1.0674,high (4-6 conditions),MOUNTAIN HOME,72653.0,BAXTER,Acute Care Hospitals,Voluntary non-profit - Private,Yes,05005,48427,2668,42150,38626,159,147,1157,Nonprofit
40029,"CONWAY REGIONAL MEDICAL CENTER, INC",AR,962.0,4,1.0013,high (4-6 conditions),CONWAY,72034.0,FAULKNER,Acute Care Hospitals,Voluntary non-profit - Private,Yes,05045,65071,2574,126001,97864,14782,282,6949,Nonprofit
40036,BAPTIST HEALTH MEDICAL CENTER NORTH LITTLE ROCK,AR,1703.0,4,1.0127,high (4-6 conditions),NORTH LITTLE ROCK,72117.0,PULASKI,Acute Care Hospitals,Voluntary non-profit - Private,Yes,05119,60385,1648,398949,194286,146488,853,32722,Nonprofit
40039,ARKANSAS METHODIST MEDICAL CENTER,AR,233.0,2,0.9839,medium (2-3 conditions),PARAGOULD,72450.0,GREENE,Acute Care Hospitals,Voluntary non-profit - Private,Yes,05055,56793,2743,46182,41140,1026,43,1678,Nonprofit
40041,ST MARYS REGIONAL MEDICAL CENTER,AR,399.0,2,0.9081,medium (2-3 conditions),RUSSELLVILLE,72801.0,POPE,Acute Care Hospitals,Proprietary,Yes,05115,54606,2921,63830,51884,1419,135,6783,For-profit
40050,OUACHITA COUNTY MEDICAL CENTER,AR,78.0,1,1.045,low (1 condition),CAMDEN,71701.0,OUACHITA,Acute Care Hospitals,Voluntary non-profit - Private,Yes,05103,49838,3674,22317,12104,9146,41,562,Nonprofit
40051,BAPTIST HEALTH MEDICAL CENTER-DREW COUNTY,AR,460.0,3,1.0392,medium (2-3 conditions),MONTICELLO,71655.0,DREW,Acute Care Hospitals,Voluntary non-profit - Private,Yes,05043,41071,6065,17143,11124,4574,0,706,Nonprofit
40055,BAPTIST HEALTH - FORT SMITH,AR,1742.0,4,1.0308,high (4-6 conditions),FORT SMITH,72901.0,SEBASTIAN,Acute Care Hospitals,Voluntary non-profit - Private,Yes,05131,56450,2401,128448,85809,7353,883,20023,Nonprofit
40062,MERCY HOSPITAL FORT SMITH,AR,1612.0,4,1.0084,high (4-6 conditions),FORT SMITH,72903.0,SEBASTIAN,Acute Care Hospitals,Voluntary non-profit - Private,Yes,05131,56450,2401,128448,85809,7353,883,20023,Nonprofit
40069,GREAT RIVER MEDICAL CENTER,AR,64.0,1,1.0847,low (1 condition),BLYTHEVILLE,72315.0,MISSISSIPPI,Acute Care Hospitals,Government - Local,Yes,05093,53428,4079,39749,22402,13817,5,1861,Government
40071,JEFFERSON REGIONAL MEDICAL CENTER,AR,812.0,4,1.0013,high (4-6 conditions),PINE BLUFF,71603.0,JEFFERSON,Acute Care Hospitals,Voluntary non-profit - Private,Yes,05069,48552,2575,65780,24473,36920,42,1631,Nonprofit
40078,NATIONAL PARK MEDICAL CENTER,AR,629.0,4,1.0092,high (4-6 conditions),HOT SPRINGS,71901.0,GARLAND,Acute Care Hospitals,Proprietary,Yes,05051,55409,2233,100062,79816,7787,386,7179,For-profit
40084,SALINE MEMORIAL HOSPITAL,AR,317.0,2,1.0269,medium (2-3 conditions),BENTON,72015.0,SALINE,Acute Care Hospitals,Proprietary,Yes,05125,76534,3116,125724,99778,10373,234,8776,For-profit
40088,SOUTH ARKANSAS REGIONAL HOSPITAL LLC,AR,320.0,2,0.935,medium (2-3 conditions),EL DORADO,71730.0,UNION,Acute Care Hospitals,Proprietary,Yes,05139,50221,4191,38368,22887,12362,41,1751,For-profit
40114,BAPTIST HEALTH MEDICAL CENTER-LITTLE ROCK,AR,2048.0,4,1.0234,high (4-6 conditions),LITTLE ROCK,72205.0,PULASKI,Acute Care Hospitals,Voluntary non-profit - Private,Yes,05119,60385,1648,398949,194286,146488,853,32722,Nonprofit
40118,"BAPTIST MEMORIAL HOSPITAL JONESBORO, INC.",AR,1660.0,4,1.0614,high (4-6 conditions),JONESBORO,72405.0,CRAIGHEAD,Acute Care Hospitals,Voluntary non-profit - Private,Yes,05031,57615,2605,112097,80425,18660,239,6899,Nonprofit
40119,WHITE RIVER MEDICAL CENTER,AR,1003.0,4,0.9886,high (4-6 conditions),BATESVILLE,72503.0,INDEPENDENCE,Acute Care Hospitals,Voluntary non-profit - Private,Yes,05063,56009,4703,38120,31607,591,39,3313,Nonprofit
40134,"ARKANSAS HEART HOSPITAL, LLC",AR,1618.0,4,1.0274,high (4-6 conditions),LITTLE ROCK,72211.0,PULASKI,Acute Care Hospitals,Proprietary,Yes,05119,60385,1648,398949,194286,146488,853,32722,For-profit
40137,ST VINCENT MEDICAL CENTER/NORTH,AR,78.0,1,1.0116,low (1 condition),SHERWOOD,72120.0,PULASKI,Acute Care Hospitals,Voluntary non-profit - Church,Yes,05119,60385,1648,398949,194286,146488,853,32722,Nonprofit
40147,ARKANSAS SURGICAL HOSPITAL,AR,1380.0,1,0.7189,low (1 condition),NO LITTLE ROCK,72118.0,PULASKI,Acute Care Hospitals,Physician,Yes,05119,60385,1648,398949,194286,146488,853,32722,Physician-owned
40154,BAPTIST HEALTH MEDICAL CENTER- CONWAY,AR,675.0,4,1.0208,high (4-6 conditions),CONWAY,72032.0,FAULKNER,Acute Care Hospitals,Voluntary non-profit - Private,Yes,05045,65071,2574,126001,97864,14782,282,6949,Nonprofit
40161,ARKANSAS HEART HOSPITAL-ENCORE,AR,276.0,3,1.068,medium (2-3 conditions),BRYANT,72019.0,SALINE,Acute Care Hospitals,Proprietary,Yes,05125,76534,3116,125724,99778,10373,234,8776,For-profit
50002,ST ROSE HOSPITAL,CA,408.0,4,1.0948,high (4-6 conditions),HAYWARD,94545.0,ALAMEDA,Acute Care Hospitals,Voluntary non-profit - Church,No,06001,126240,1364,1651949,466445,159042,4002,385245,Nonprofit
50006,PROVIDENCE ST JOSEPH HOSPITAL,CA,1131.0,4,0.8646,high (4-6 conditions),EUREKA,95501.0,HUMBOLDT,Acute Care Hospitals,Voluntary non-profit - Private,Yes,06023,61135,1997,135418,95115,1523,4120,18744,Nonprofit
50007,PENINSULA MEDICAL CENTER,CA,1097.0,4,0.9953,high (4-6 conditions),BURLINGAME,94010.0,SAN MATEO,Acute Care Hospitals,Voluntary non-profit - Private,Yes,06081,156000,3019,745100,266446,15321,898,185378,Nonprofit
50008,CALIFORNIA PACIFIC MEDICAL CTR-DAVIES CAMPUS HOSP,CA,74.0,1,1.0191,low (1 condition),SAN FRANCISCO,94117.0,SAN FRANCISCO,Acute Care Hospitals,Voluntary non-profit - Other,No,06075,141446,2576,836321,313559,40243,1691,133266,Nonprofit
50009,PROVIDENCE QUEEN OF THE VALLEY MEDICAL CENTER,CA,838.0,4,0.9589,high (4-6 conditions),NAPA,94558.0,NAPA,Acute Care Hospitals,Voluntary non-profit - Private,Yes,06055,108970,3018,136070,67232,2440,254,48801,Nonprofit
50013,ADVENTIST HEALTH ST HELENA,CA,405.0,2,1.003,medium (2-3 conditions),SAINT HELENA,94574.0,NAPA,Acute Care Hospitals,Voluntary non-profit - Private,Yes,06055,108970,3018,136070,67232,2440,254,48801,Nonprofit
50014,SUTTER AMADOR HOSPITAL,CA,326.0,2,0.9464,medium (2-3 conditions),JACKSON,95642.0,AMADOR,Acute Care Hospitals,Voluntary non-profit - Private,Yes,06005,81526,7398,41029,30234,781,398,6361,Nonprofit
50017,MERCY GENERAL HOSPITAL,CA,1240.0,4,1.0361,high (4-6 conditions),SACRAMENTO,95819.0,SACRAMENTO,Acute Care Hospitals,Voluntary non-profit - Private,Yes,06067,88724,986,1584047,657865,144563,4186,379734,Nonprofit
50022,RIVERSIDE COMMUNITY HOSPITAL,CA,981.0,4,1.0711,high (4-6 conditions),RIVERSIDE,92501.0,RIVERSIDE,Acute Care Hospitals,Proprietary,Yes,06065,89672,879,2449909,784572,149836,6809,1239702,For-profit
50024,PARADISE VALLEY HOSPITAL,CA,193.0,2,1.0651,medium (2-3 conditions),NATIONAL CITY,91950.0,SAN DIEGO,Acute Care Hospitals,Proprietary,Yes,06073,102285,899,3282782,1417346,145704,8395,1127221,For-profit
50025,UC SAN DIEGO HEALTH HILLCREST - HILLCREST MED CTR,CA,1691.0,5,0.9622,high (4-6 conditions),SAN DIEGO,92103.0,SAN DIEGO,Acute Care Hospitals,Voluntary non-profit - Other,Yes,06073,102285,899,3282782,1417346,145704,8395,1127221,Nonprofit
50026,GROSSMONT HOSPITAL,CA,1657.0,4,1.033,high (4-6 conditions),LA MESA,91942.0,SAN DIEGO,Acute Care Hospitals,Government - Hospital District or Authority,Yes,06073,102285,899,3282782,1417346,145704,8395,1127221,Government
50030,OROVILLE HOSPITAL,CA,1268.0,4,1.384,high (4-6 conditions),OROVILLE,95966.0,BUTTE,Acute Care Hospitals,Voluntary non-profit - Private,Yes,06007,68574,2351,209470,139527,3550,1611,40829,Nonprofit
50036,BAKERSFIELD MEMORIAL HOSPITAL,CA,770.0,4,1.0438,high (4-6 conditions),BAKERSFIELD,93301.0,KERN,Acute Care Hospitals,Voluntary non-profit - Private,Yes,06029,67660,1400,910433,279058,43962,2829,507456,Nonprofit
50038,SANTA CLARA VALLEY MEDICAL CENTER,CA,1593.0,4,1.008,high (4-6 conditions),SAN JOSE,95128.0,SANTA CLARA,Acute Care Hospitals,Government - Local,Yes,06085,159674,1962,1903297,537099,42949,2799,477632,Government
50039,ENLOE HEALTH,CA,4020.0,5,1.0542,high (4-6 conditions),CHICO,95926.0,BUTTE,Acute Care Hospitals,Voluntary non-profit - Private,Yes,06007,68574,2351,209470,139527,3550,1611,40829,Nonprofit
50040,LAC/OLIVE VIEW-UCLA MEDICAL CENTER,CA,193.0,2,0.9843,medium (2-3 conditions),SYLMAR,91342.0,LOS ANGELES,Acute Care Hospitals,Voluntary non-profit - Other,Yes,06037,87760,463,9848406,2477324,742849,18057,4753369,Nonprofit
50042,ST ELIZABETH COMMUNITY HOSPITAL,CA,357.0,3,0.9861,medium (2-3 conditions),RED BLUFF,96080.0,TEHAMA,Acute Care Hospitals,Voluntary non-profit - Church,No,06103,61834,3283,65520,41228,541,743,18458,Nonprofit
50043,ALTA BATES SUMMIT MEDICAL CENTER,CA,1295.0,4,0.9281,high (4-6 conditions),OAKLAND,94609.0,ALAMEDA,Acute Care Hospitals,Voluntary non-profit - Private,Yes,06001,126240,1364,1651949,466445,159042,4002,385245,Nonprofit
50045,EL CENTRO REGIONAL MEDICAL CENTER,CA,483.0,2,0.9971,medium (2-3 conditions),EL CENTRO,92243.0,IMPERIAL,Acute Care Hospitals,Government - Local,Yes,06025,56393,2266,179319,16894,3935,1197,153460,Government
50047,CALIFORNIA PACIFIC MEDICAL CENTER- VAN NESS CAMPUS,CA,901.0,4,1.059,high (4-6 conditions),SAN FRANCISCO,94109.0,SAN FRANCISCO,Acute Care Hospitals,Voluntary non-profit - Private,Yes,06075,141446,2576,836321,313559,40243,1691,133266,Nonprofit
50055,CALIFORNIA PACIFIC MEDICAL CENTER - MISSION BERNAL,CA,389.0,3,1.026,medium (2-3 conditions),SAN FRANCISCO,94110.0,SAN FRANCISCO,Acute Care Hospitals,Voluntary non-profit - Church,Yes,06075,141446,2576,836321,313559,40243,1691,133266,Nonprofit
50056,ANTELOPE VALLEY HOSPITAL,CA,499.0,3,1.0244,medium (2-3 conditions),LANCASTER,93534.0,LOS ANGELES,Acute Care Hospitals,Government - Hospital District or Authority,Yes,06037,87760,463,9848406,2477324,742849,18057,4753369,Government
50057,KAWEAH HEALTH MEDICAL CENTER,CA,2020.0,5,0.9739,high (4-6 conditions),VISALIA,93291.0,TULARE,Acute Care Hospitals,Government - Hospital District or Authority,Yes,06107,69489,1785,475774,125098,6156,2223,314250,Government
50058,GLENDALE MEM HOSPITAL & HLTH CENTER,CA,1056.0,4,1.0636,high (4-6 conditions),GLENDALE,91204.0,LOS ANGELES,Acute Care Hospitals,Voluntary non-profit - Private,Yes,06037,87760,463,9848406,2477324,742849,18057,4753369,Nonprofit
50060,COMMUNITY REGIONAL MEDICAL CENTER,CA,1550.0,5,1.0736,high (4-6 conditions),FRESNO,93721.0,FRESNO,Acute Care Hospitals,Voluntary non-profit - Private,Yes,06019,71434,1034,1012152,273299,42060,4074,547669,Nonprofit
50063,HOLLYWOOD PRESBYTERIAN MEDICAL CENTER,CA,676.0,4,1.0708,high (4-6 conditions),LOS ANGELES,90027.0,LOS ANGELES,Acute Care Hospitals,Proprietary,Yes,06037,87760,463,9848406,2477324,742849,18057,4753369,For-profit
50069,PROVIDENCE ST. JOSEPH HOSPITAL,CA,1088.0,4,0.9762,high (4-6 conditions),ORANGE,92868.0,ORANGE,Acute Care Hospitals,Voluntary non-profit - Church,Yes,06059,113702,986,3164063,1191304,48224,3634,1080480,Nonprofit
50075,KAISER FOUNDATION HOSPITAL - OAKLAND/RICHMOND,CA,308.0,3,1.071,medium (2-3 conditions),OAKLAND,94611.0,ALAMEDA,Acute Care Hospitals,Voluntary non-profit - Private,Yes,06001,126240,1364,1651949,466445,159042,4002,385245,Nonprofit
50077,SCRIPPS MERCY HOSPITAL,CA,942.0,4,1.0532,high (4-6 conditions),SAN DIEGO,92103.0,SAN DIEGO,Acute Care Hospitals,Voluntary non-profit - Private,Yes,06073,102285,899,3282782,1417346,145704,8395,1127221,Nonprofit
50078,PROVIDENCE LITTLE CO OF MARY MED CTR SAN PEDRO,CA,218.0,2,0.9656,medium (2-3 conditions),SAN PEDRO,90732.0,LOS ANGELES,Acute Care Hospitals,Voluntary non-profit - Private,No,06037,87760,463,9848406,2477324,742849,18057,4753369,Nonprofit
50082,ST JOHNS REGIONAL MEDICAL CENTER,CA,1689.0,4,0.9688,high (4-6 conditions),OXNARD,93030.0,VENTURA,Acute Care Hospitals,Voluntary non-profit - Private,Yes,06111,107327,1391,838259,359342,14033,1324,367516,Nonprofit
50084,ST JOSEPH'S MEDICAL CENTER OF STOCKTON,CA,1286.0,5,1.0166,high (4-6 conditions),STOCKTON,95204.0,SAN JOAQUIN,Acute Care Hospitals,Voluntary non-profit - Private,Yes,06077,88531,1554,787416,220011,52610,2086,332543,Nonprofit
50089,COMMUNITY HOSPITAL OF SAN BERNARDINO,CA,41.0,1,1.0333,low (1 condition),SAN BERNARDINO,92411.0,SAN BERNARDINO,Acute Care Hospitals,Voluntary non-profit - Private,Yes,06071,82184,950,2187816,560649,166813,6104,1193691,Nonprofit
50091,COMMUNITY HOSPITAL OF HUNTINGTON PARK,CA,160.0,2,1.092,medium (2-3 conditions),HUNTINGTON PARK,90255.0,LOS ANGELES,Acute Care Hospitals,Proprietary,Yes,06037,87760,463,9848406,2477324,742849,18057,4753369,For-profit
50093,SAINT AGNES MEDICAL CENTER,CA,2585.0,5,1.1387,high (4-6 conditions),FRESNO,93720.0,FRESNO,Acute Care Hospitals,Voluntary non-profit - Church,Yes,06019,71434,1034,1012152,273299,42060,4074,547669,Nonprofit
50099,SAN ANTONIO REGIONAL HOSPITAL,CA,1049.0,4,0.9925,high (4-6 conditions),UPLAND,91786.0,SAN BERNARDINO,Acute Care Hospitals,Voluntary non-profit - Other,Yes,06071,82184,950,2187816,560649,166813,6104,1193691,Nonprofit
50100,SHARP MEMORIAL HOSPITAL,CA,1277.0,4,0.9903,high (4-6 conditions),SAN DIEGO,92123.0,SAN DIEGO,Acute Care Hospitals,Voluntary non-profit - Private,Yes,06073,102285,899,3282782,1417346,145704,8395,1127221,Nonprofit
50101,SUTTER SOLANO MEDICAL CENTER,CA,343.0,3,0.9951,medium (2-3 conditions),VALLEJO,94589.0,SOLANO,Acute Care Hospitals,Voluntary non-profit - Private,Yes,06095,99994,2122,450824,154748,56789,1252,130628,Nonprofit
50102,PARKVIEW COMMUNITY HOSPITAL MEDICAL CENTER,CA,257.0,2,1.0079,medium (2-3 conditions),RIVERSIDE,92503.0,RIVERSIDE,Acute Care Hospitals,Proprietary,Yes,06065,89672,879,2449909,784572,149836,6809,1239702,For-profit
50103,ADVENTIST HEALTH WHITE MEMORIAL,CA,412.0,3,1.0498,medium (2-3 conditions),LOS ANGELES,90033.0,LOS ANGELES,Acute Care Hospitals,Voluntary non-profit - Church,No,06037,87760,463,9848406,2477324,742849,18057,4753369,Nonprofit
50104,SAINT FRANCIS MEDICAL CENTER,CA,420.0,3,1.0519,medium (2-3 conditions),LYNWOOD,90262.0,LOS ANGELES,Acute Care Hospitals,Voluntary non-profit - Church,No,06037,87760,463,9848406,2477324,742849,18057,4753369,Nonprofit
50107,MARIAN REGIONAL MEDICAL CENTER,CA,1846.0,6,0.9885,high (4-6 conditions),SANTA MARIA,93454.0,SANTA BARBARA,Acute Care Hospitals,Voluntary non-profit - Church,Yes,06083,95977,1875,443975,184336,6832,1020,211412,Nonprofit
50108,"SUTTER MEDICAL CENTER, SACRAMENTO",CA,1990.0,5,0.9925,high (4-6 conditions),SACRAMENTO,95816.0,SACRAMENTO,Acute Care Hospitals,Voluntary non-profit - Private,Yes,06067,88724,986,1584047,657865,144563,4186,379734,Nonprofit
50110,LOMPOC VALLEY MEDICAL CENTER,CA,203.0,2,1.0659,medium (2-3 conditions),LOMPOC,93436.0,SANTA BARBARA,Acute Care Hospitals,Government - Hospital District or Authority,Yes,06083,95977,1875,443975,184336,6832,1020,211412,Government
50112,SANTA MONICA - UCLA MED CTR & ORTHOPAEDIC HOSPITAL,CA,1502.0,5,1.0592,high (4-6 conditions),SANTA MONICA,90404.0,LOS ANGELES,Acute Care Hospitals,Voluntary non-profit - Private,Yes,06037,87760,463,9848406,2477324,742849,18057,4753369,Nonprofit
50115,PALOMAR HEALTH DOWNTOWN CAMPUS,CA,1158.0,4,0.9716,high (4-6 conditions),ESCONDIDO,92025.0,SAN DIEGO,Acute Care Hospitals,Government - Hospital District or Authority,Yes,06073,102285,899,3282782,1417346,145704,8395,1127221,Government
50116,NORTHRIDGE HOSPITAL MEDICAL CENTER,CA,1144.0,4,1.0465,high (4-6 conditions),NORTHRIDGE,91325.0,LOS ANGELES,Acute Care Hospitals,Voluntary non-profit - Private,Yes,06037,87760,463,9848406,2477324,742849,18057,4753369,Nonprofit
50118,DOCTORS HOSPITAL OF MANTECA,CA,286.0,2,1.078,medium (2-3 conditions),MANTECA,95336.0,SAN JOAQUIN,Acute Care Hospitals,Voluntary non-profit - Other,Yes,06077,88531,1554,787416,220011,52610,2086,332543,Nonprofit
50121,ADVENTIST HEALTH HANFORD,CA,764.0,3,0.9899,medium (2-3 conditions),HANFORD,93230.0,KINGS,Acute Care Hospitals,Voluntary non-profit - Church,Yes,06031,68750,2976,152830,43991,9143,1107,87860,Nonprofit
50122,DAMERON HOSPITAL,CA,302.0,3,0.994,medium (2-3 conditions),STOCKTON,95203.0,SAN JOAQUIN,Acute Care Hospitals,Voluntary non-profit - Other,Yes,06077,88531,1554,787416,220011,52610,2086,332543,Nonprofit
50124,USC VERDUGO HILLS HOSPITAL,CA,588.0,2,1.0505,medium (2-3 conditions),GLENDALE,91208.0,LOS ANGELES,Acute Care Hospitals,Voluntary non-profit - Private,Yes,06037,87760,463,9848406,2477324,742849,18057,4753369,Nonprofit
50126,VALLEY PRESBYTERIAN HOSPITAL,CA,723.0,4,1.0674,high (4-6 conditions),VAN NUYS,91405.0,LOS ANGELES,Acute Care Hospitals,Voluntary non-profit - Other,Yes,06037,87760,463,9848406,2477324,742849,18057,4753369,Nonprofit
50127,WOODLAND MEMORIAL HOSPITAL,CA,106.0,1,1.0423,low (1 condition),WOODLAND,95695.0,YOLO,Acute Care Hospitals,Voluntary non-profit - Other,Yes,06113,88818,3641,217782,93721,5364,892,72347,Nonprofit
50128,TRI-CITY MEDICAL CENTER,CA,643.0,4,1.0159,high (4-6 conditions),OCEANSIDE,92056.0,SAN DIEGO,Acute Care Hospitals,Government - Hospital District or Authority,Yes,06073,102285,899,3282782,1417346,145704,8395,1127221,Government
50129,ST BERNARDINE MEDICAL CENTER,CA,500.0,4,1.0474,high (4-6 conditions),SAN BERNARDINO,92404.0,SAN BERNARDINO,Acute Care Hospitals,Voluntary non-profit - Private,Yes,06071,82184,950,2187816,560649,166813,6104,1193691,Nonprofit
50131,NOVATO COMMUNITY HOSPITAL,CA,238.0,2,0.9585,medium (2-3 conditions),NOVATO,94945.0,MARIN,Acute Care Hospitals,Voluntary non-profit - Private,Yes,06041,142785,4083,258765,172256,5544,189,49128,Nonprofit
50132,SAN GABRIEL VALLEY MEDICAL CENTER,CA,647.0,2,1.0713,medium (2-3 conditions),SAN GABRIEL,91776.0,LOS ANGELES,Acute Care Hospitals,Proprietary,Yes,06037,87760,463,9848406,2477324,742849,18057,4753369,For-profit
50133,ADVENTIST HEALTH AND RIDEOUT,CA,1812.0,4,1.0712,high (4-6 conditions),MARYSVILLE,95901.0,YUBA,Acute Care Hospitals,Government - Federal,Yes,06115,73313,4341,83079,42130,2920,505,24887,Government
50135,SOUTHERN CALIFORNIA HOSPITAL AT HOLLYWOOD,CA,1345.0,4,1.0482,high (4-6 conditions),HOLLYWOOD,90028.0,LOS ANGELES,Acute Care Hospitals,Proprietary,Yes,06037,87760,463,9848406,2477324,742849,18057,4753369,For-profit
50136,PETALUMA VALLEY HOSPITAL,CA,248.0,2,0.9972,medium (2-3 conditions),PETALUMA,94954.0,SONOMA,Acute Care Hospitals,Voluntary non-profit - Other,No,06097,102840,2032,485642,287210,7062,1482,142986,Nonprofit
50145,COMMUNITY HOSPITAL OF THE MONTEREY PENINSULA,CA,2185.0,5,0.9849,high (4-6 conditions),MONTEREY,93940.0,MONTEREY,Acute Care Hospitals,Voluntary non-profit - Private,Yes,06053,94486,1879,435834,120310,8785,581,265748,Nonprofit
50149,CALIFORNIA HOSPITAL MEDICAL CENTER LA,CA,150.0,2,1.0367,medium (2-3 conditions),LOS ANGELES,90015.0,LOS ANGELES,Acute Care Hospitals,Voluntary non-profit - Other,Yes,06037,87760,463,9848406,2477324,742849,18057,4753369,Nonprofit
50150,SIERRA NEVADA MEMORIAL HOSPITAL,CA,644.0,3,0.9876,medium (2-3 conditions),GRASS VALLEY,95945.0,NEVADA,Acute Care Hospitals,Voluntary non-profit - Other,Yes,06057,84905,4336,102452,83696,309,378,10723,Nonprofit
50152,UCSF HEALTH SAINT FRANCIS HOSPITAL,CA,182.0,3,1.0462,medium (2-3 conditions),SAN FRANCISCO,94109.0,SAN FRANCISCO,Acute Care Hospitals,Voluntary non-profit - Private,Yes,06075,141446,2576,836321,313559,40243,1691,133266,Nonprofit
50158,ENCINO HOSPITAL MEDICAL CENTER,CA,288.0,3,1.0289,medium (2-3 conditions),ENCINO,91436.0,LOS ANGELES,Acute Care Hospitals,Proprietary,No,06037,87760,463,9848406,2477324,742849,18057,4753369,For-profit
50159,VENTURA COUNTY MEDICAL CENTER,CA,253.0,2,1.0291,medium (2-3 conditions),VENTURA,93003.0,VENTURA,Acute Care Hospitals,Government - Local,Yes,06111,107327,1391,838259,359342,14033,1324,367516,Government
50167,SAN JOAQUIN GENERAL HOSPITAL,CA,104.0,1,1.0446,low (1 condition),FRENCH CAMP,95231.0,SAN JOAQUIN,Acute Care Hospitals,Government - Local,Yes,06077,88531,1554,787416,220011,52610,2086,332543,Government
50168,PROVIDENCE ST. JUDE MEDICAL CENTER,CA,1429.0,4,1.0293,high (4-6 conditions),FULLERTON,92835.0,ORANGE,Acute Care Hospitals,Voluntary non-profit - Church,Yes,06059,113702,986,3164063,1191304,48224,3634,1080480,Nonprofit
50169,PIH HEALTH HOSPITAL-WHITTIER,CA,908.0,4,1.0603,high (4-6 conditions),WHITTIER,90602.0,LOS ANGELES,Acute Care Hospitals,Voluntary non-profit - Private,Yes,06037,87760,463,9848406,2477324,742849,18057,4753369,Nonprofit
50174,PROVIDENCE SANTA ROSA MEMORIAL HOSPITAL,CA,1358.0,4,0.9782,high (4-6 conditions),SANTA ROSA,95405.0,SONOMA,Acute Care Hospitals,Voluntary non-profit - Private,Yes,06097,102840,2032,485642,287210,7062,1482,142986,Nonprofit
50179,EMANUEL MEDICAL CENTER,CA,1259.0,4,1.0554,high (4-6 conditions),TURLOCK,95382.0,STANISLAUS,Acute Care Hospitals,Proprietary,Yes,06099,79661,1906,552250,207182,14636,1549,271787,For-profit
50180,JOHN MUIR MEDICAL CENTER - WALNUT CREEK CAMPUS,CA,2265.0,4,0.8978,high (4-6 conditions),WALNUT CREEK,94598.0,CONTRA COSTA,Acute Care Hospitals,Voluntary non-profit - Other,Yes,06013,125727,1829,1161458,455961,94864,1806,316799,Nonprofit
50191,ST MARY MEDICAL CENTER,CA,355.0,4,0.9782,high (4-6 conditions),LONG BEACH,90813.0,LOS ANGELES,Acute Care Hospitals,Voluntary non-profit - Church,Yes,06037,87760,463,9848406,2477324,742849,18057,4753369,Nonprofit
50194,WATSONVILLE COMMUNITY HOSPITAL,CA,345.0,2,1.0286,medium (2-3 conditions),WATSONVILLE,95076.0,SANTA CRUZ,Acute Care Hospitals,Proprietary,Yes,06087,109266,2959,266021,145237,1990,222,93116,For-profit
50195,WASHINGTON HOSPITAL,CA,1444.0,4,1.0657,high (4-6 conditions),FREMONT,94538.0,ALAMEDA,Acute Care Hospitals,Government - Hospital District or Authority,Yes,06001,126240,1364,1651949,466445,159042,4002,385245,Government
50197,SEQUOIA HOSPITAL,CA,471.0,2,0.9732,medium (2-3 conditions),REDWOOD CITY,94062.0,SAN MATEO,Acute Care Hospitals,Voluntary non-profit - Private,Yes,06081,156000,3019,745100,266446,15321,898,185378,Nonprofit
50204,PALMDALE REGIONAL MEDICAL CENTER,CA,404.0,3,1.0266,medium (2-3 conditions),PALMDALE,93552.0,LOS ANGELES,Acute Care Hospitals,Proprietary,Yes,06037,87760,463,9848406,2477324,742849,18057,4753369,For-profit
50211,ALAMEDA HOSPITAL,CA,295.0,2,1.0268,medium (2-3 conditions),ALAMEDA,94501.0,ALAMEDA,Acute Care Hospitals,Government - Hospital District or Authority,Yes,06001,126240,1364,1651949,466445,159042,4002,385245,Government
50222,SHARP CHULA VISTA MEDICAL CENTER,CA,1139.0,5,0.9853,high (4-6 conditions),CHULA VISTA,91911.0,SAN DIEGO,Acute Care Hospitals,Proprietary,Yes,06073,102285,899,3282782,1417346,145704,8395,1127221,For-profit
50224,HOAG MEMORIAL HOSPITAL PRESBYTERIAN,CA,2624.0,4,0.941,high (4-6 conditions),NEWPORT BEACH,92663.0,ORANGE,Acute Care Hospitals,Voluntary non-profit - Private,Yes,06059,113702,986,3164063,1191304,48224,3634,1080480,Nonprofit
50226,AHMC ANAHEIM REGIONAL MEDICAL CENTER,CA,484.0,3,1.0344,medium (2-3 conditions),ANAHEIM,92801.0,ORANGE,Acute Care Hospitals,Voluntary non-profit - Private,Yes,06059,113702,986,3164063,1191304,48224,3634,1080480,Nonprofit
50228,ZUCKERBERG SAN FRANCISCO GENERAL HOSP & TRAUMA CTR,CA,609.0,4,1.0858,high (4-6 conditions),SAN FRANCISCO,94110.0,SAN FRANCISCO,Acute Care Hospitals,Government - Local,Yes,06075,141446,2576,836321,313559,40243,1691,133266,Government
50230,GARDEN GROVE HOSPITAL & MEDICAL CENTER,CA,393.0,2,1.125,medium (2-3 conditions),GARDEN GROVE,92843.0,ORANGE,Acute Care Hospitals,Proprietary,Yes,06059,113702,986,3164063,1191304,48224,3634,1080480,For-profit
50231,POMONA VALLEY HOSPITAL MEDICAL CENTER,CA,694.0,3,0.9455,medium (2-3 conditions),POMONA,91767.0,LOS ANGELES,Acute Care Hospitals,Voluntary non-profit - Private,Yes,06037,87760,463,9848406,2477324,742849,18057,4753369,Nonprofit
50232,FRENCH HOSPITAL MEDICAL CENTER,CA,935.0,3,0.9947,medium (2-3 conditions),SAN LUIS OBISPO,93401.0,SAN LUIS OBISPO,Acute Care Hospitals,Voluntary non-profit - Private,Yes,06079,93398,2535,281486,184190,3086,505,68980,Nonprofit
50234,SHARP CORONADO HOSPITAL AND HLTHCR CTR,CA,144.0,1,0.9117,low (1 condition),CORONADO,92118.0,SAN DIEGO,Acute Care Hospitals,Proprietary,Yes,06073,102285,899,3282782,1417346,145704,8395,1127221,For-profit
50235,PROVIDENCE SAINT JOSEPH MEDICAL CTR,CA,1879.0,4,1.1131,high (4-6 conditions),BURBANK,91505.0,LOS ANGELES,Acute Care Hospitals,Voluntary non-profit - Church,Yes,06037,87760,463,9848406,2477324,742849,18057,4753369,Nonprofit
50236,ADVENTIST HEALTH SIMI VALLEY,CA,1012.0,4,1.078,high (4-6 conditions),SIMI VALLEY,93065.0,VENTURA,Acute Care Hospitals,Voluntary non-profit - Private,Yes,06111,107327,1391,838259,359342,14033,1324,367516,Nonprofit
50238,USC ARCADIA HOSPITAL,CA,1284.0,4,0.9731,high (4-6 conditions),ARCADIA,91007.0,LOS ANGELES,Acute Care Hospitals,Voluntary non-profit - Private,Yes,06037,87760,463,9848406,2477324,742849,18057,4753369,Nonprofit
50239,GLENDALE ADVENTIST MEDICAL CENTER,CA,2771.0,4,1.1094,high (4-6 conditions),GLENDALE,91206.0,LOS ANGELES,Acute Care Hospitals,Voluntary non-profit - Private,Yes,06037,87760,463,9848406,2477324,742849,18057,4753369,Nonprofit
50242,DOMINICAN HOSPITAL,CA,1373.0,4,0.9839,high (4-6 conditions),SANTA CRUZ,95065.0,SANTA CRUZ,Acute Care Hospitals,Voluntary non-profit - Private,Yes,06087,109266,2959,266021,145237,1990,222,93116,Nonprofit
50243,DESERT REGIONAL MEDICAL CENTER,CA,663.0,4,1.0411,high (4-6 conditions),PALM SPRINGS,92262.0,RIVERSIDE,Acute Care Hospitals,Proprietary,Yes,06065,89672,879,2449909,784572,149836,6809,1239702,For-profit
50245,ARROWHEAD REGIONAL MEDICAL CENTER,CA,212.0,2,0.9818,medium (2-3 conditions),COLTON,92324.0,SAN BERNARDINO,Acute Care Hospitals,Government - Local,Yes,06071,82184,950,2187816,560649,166813,6104,1193691,Government
50248,NATIVIDAD MEDICAL CENTER,CA,210.0,2,1.003,medium (2-3 conditions),SALINAS,93906.0,MONTEREY,Acute Care Hospitals,Government - Local,Yes,06053,94486,1879,435834,120310,8785,581,265748,Government
50254,MARSHALL MEDICAL CENTER,CA,763.0,3,0.9521,medium (2-3 conditions),PLACERVILLE,95667.0,EL DORADO,Acute Care Hospitals,Voluntary non-profit - Private,Yes,06017,106190,3811,192299,142547,1522,824,27230,Nonprofit
50261,SIERRA VIEW MEDICAL CENTER,CA,526.0,3,1.0293,medium (2-3 conditions),PORTERVILLE,93257.0,TULARE,Acute Care Hospitals,Voluntary non-profit - Private,Yes,06107,69489,1785,475774,125098,6156,2223,314250,Nonprofit
50262,RONALD REAGAN UCLA MEDICAL CENTER,CA,1071.0,4,0.9521,high (4-6 conditions),LOS ANGELES,90095.0,LOS ANGELES,Acute Care Hospitals,Government - State,Yes,06037,87760,463,9848406,2477324,742849,18057,4753369,Government
50272,REDLANDS COMMUNITY HOSPITAL,CA,304.0,2,0.9842,medium (2-3 conditions),REDLANDS,92373.0,SAN BERNARDINO,Acute Care Hospitals,Voluntary non-profit - Private,Yes,06071,82184,950,2187816,560649,166813,6104,1193691,Nonprofit
50276,CONTRA COSTA REGIONAL MEDICAL CENTER,CA,107.0,1,1.0291,low (1 condition),MARTINEZ,94553.0,CONTRA COSTA,Acute Care Hospitals,Government - Local,Yes,06013,125727,1829,1161458,455961,94864,1806,316799,Government
50278,PROVIDENCE HOLY CROSS MEDICAL CENTER,CA,834.0,2,1.0706,medium (2-3 conditions),MISSION HILLS,91346.0,LOS ANGELES,Acute Care Hospitals,Voluntary non-profit - Church,Yes,06037,87760,463,9848406,2477324,742849,18057,4753369,Nonprofit
50279,HI-DESERT MEDICAL CENTER,CA,92.0,1,1.0114,low (1 condition),JOSHUA TREE,92252.0,SAN BERNARDINO,Acute Care Hospitals,Government - Hospital District or Authority,Yes,06071,82184,950,2187816,560649,166813,6104,1193691,Government
50280,MERCY MEDICAL CENTER REDDING,CA,1726.0,5,0.9784,high (4-6 conditions),REDDING,96001.0,SHASTA,Acute Care Hospitals,Voluntary non-profit - Private,Yes,06089,71931,2596,181554,138823,1591,2614,20604,Nonprofit
50281,ALHAMBRA HOSPITAL MEDICAL CENTER,CA,291.0,2,1.038,medium (2-3 conditions),ALHAMBRA,91801.0,LOS ANGELES,Acute Care Hospitals,Proprietary,No,06037,87760,463,9848406,2477324,742849,18057,4753369,For-profit
50283,STANFORD HEALTH CARE TRI-VALLEY,CA,912.0,3,0.9548,medium (2-3 conditions),PLEASANTON,94588.0,ALAMEDA,Acute Care Hospitals,Voluntary non-profit - Private,Yes,06001,126240,1364,1651949,466445,159042,4002,385245,Nonprofit
50289,AHMC SETON MEDICAL CENTER,CA,349.0,3,1.0219,medium (2-3 conditions),DALY CITY,94015.0,SAN MATEO,Acute Care Hospitals,Proprietary,Yes,06081,156000,3019,745100,266446,15321,898,185378,For-profit
50290,SAINT JOHN'S HEALTH CENTER,CA,3034.0,5,0.7031,high (4-6 conditions),SANTA MONICA,90404.0,LOS ANGELES,Acute Care Hospitals,Voluntary non-profit - Private,Yes,06037,87760,463,9848406,2477324,742849,18057,4753369,Nonprofit
50291,SUTTER SANTA ROSA REGIONAL HOSPITAL,CA,1122.0,5,0.9805,high (4-6 conditions),SANTA ROSA,95403.0,SONOMA,Acute Care Hospitals,Voluntary non-profit - Other,Yes,06097,102840,2032,485642,287210,7062,1482,142986,Nonprofit
50292,RIVERSIDE UNIVERSITY HEALTH SYSTEM-MEDICAL CENTER,CA,353.0,3,1.0507,medium (2-3 conditions),MORENO VALLEY,92555.0,RIVERSIDE,Acute Care Hospitals,Government - Local,Yes,06065,89672,879,2449909,784572,149836,6809,1239702,Government
50295,MERCY HOSPITAL,CA,561.0,3,1.0009,medium (2-3 conditions),BAKERSFIELD,93301.0,KERN,Acute Care Hospitals,Voluntary non-profit - Other,Yes,06029,67660,1400,910433,279058,43962,2829,507456,Nonprofit
50298,BARSTOW COMMUNITY HOSPITAL,CA,62.0,1,1.007,low (1 condition),BARSTOW,92311.0,SAN BERNARDINO,Acute Care Hospitals,Proprietary,Yes,06071,82184,950,2187816,560649,166813,6104,1193691,For-profit
50300,PROVIDENCE ST MARY MEDICAL CENTER,CA,702.0,3,1.0339,medium (2-3 conditions),APPLE VALLEY,92307.0,SAN BERNARDINO,Acute Care Hospitals,Voluntary non-profit - Private,Yes,06071,82184,950,2187816,560649,166813,6104,1193691,Nonprofit
50301,ADVENTIST HEALTH UKIAH VALLEY,CA,398.0,2,0.9842,medium (2-3 conditions),UKIAH,95482.0,MENDOCINO,Acute Care Hospitals,Voluntary non-profit - Private,Yes,06045,64688,2951,90709,56350,749,2465,24440,Nonprofit
50305,ALTA BATES SUMMIT MEDICAL CENTER - ALTA BATES CAMP,CA,352.0,2,0.9078,medium (2-3 conditions),BERKELEY,94705.0,ALAMEDA,Acute Care Hospitals,Voluntary non-profit - Private,Yes,06001,126240,1364,1651949,466445,159042,4002,385245,Nonprofit
50308,EL CAMINO HEALTH,CA,2111.0,4,1.018,high (4-6 conditions),MOUNTAIN VIEW,94040.0,SANTA CLARA,Acute Care Hospitals,Government - Hospital District or Authority,Yes,06085,159674,1962,1903297,537099,42949,2799,477632,Government
50309,SUTTER ROSEVILLE MEDICAL CENTER,CA,2412.0,4,0.9482,high (4-6 conditions),ROSEVILLE,95661.0,PLACER,Acute Care Hospitals,Voluntary non-profit - Private,Yes,06061,114678,1891,412435,277453,6560,763,63412,Nonprofit
50313,SUTTER TRACY COMMUNITY HOSPITAL,CA,259.0,2,0.8892,medium (2-3 conditions),TRACY,95376.0,SAN JOAQUIN,Acute Care Hospitals,Proprietary,Yes,06077,88531,1554,787416,220011,52610,2086,332543,For-profit
50320,HIGHLAND HOSPITAL,CA,612.0,4,1.0208,high (4-6 conditions),OAKLAND,94602.0,ALAMEDA,Acute Care Hospitals,Government - Hospital District or Authority,Yes,06001,126240,1364,1651949,466445,159042,4002,385245,Government
50324,SCRIPPS MEMORIAL HOSPITAL LA JOLLA,CA,2469.0,6,0.9608,high (4-6 conditions),LA JOLLA,92037.0,SAN DIEGO,Acute Care Hospitals,Physician,Yes,06073,102285,899,3282782,1417346,145704,8395,1127221,Physician-owned
50327,LOMA LINDA UNIVERSITY MEDICAL CENTER,CA,888.0,4,0.9819,high (4-6 conditions),LOMA LINDA,92354.0,SAN BERNARDINO,Acute Care Hospitals,Voluntary non-profit - Private,Yes,06071,82184,950,2187816,560649,166813,6104,1193691,Nonprofit
50329,CORONA REGIONAL MEDICAL CENTER,CA,351.0,2,1.056,medium (2-3 conditions),CORONA,92882.0,RIVERSIDE,Acute Care Hospitals,Proprietary,Yes,06065,89672,879,2449909,784572,149836,6809,1239702,For-profit
50334,SALINAS VALLEY MEMORIAL HOSPITAL,CA,1570.0,4,1.0493,high (4-6 conditions),SALINAS,93901.0,MONTEREY,Acute Care Hospitals,Voluntary non-profit - Other,Yes,06053,94486,1879,435834,120310,8785,581,265748,Nonprofit
50335,ADVENTIST HEALTH SONORA,CA,785.0,3,0.9669,medium (2-3 conditions),SONORA,95370.0,TUOLUMNE,Acute Care Hospitals,Voluntary non-profit - Church,No,06109,72259,5678,54873,43120,881,539,7250,Nonprofit
50336,ADVENTIST HEALTH LODI MEMORIAL,CA,1050.0,3,1.0702,medium (2-3 conditions),LODI,95240.0,SAN JOAQUIN,Acute Care Hospitals,Voluntary non-profit - Other,Yes,06077,88531,1554,787416,220011,52610,2086,332543,Nonprofit
50342,PIONEERS MEMORIAL HEALTHCARE DISTRICT,CA,265.0,2,0.9692,medium (2-3 conditions),BRAWLEY,92227.0,IMPERIAL,Acute Care Hospitals,Government - Hospital District or Authority,Yes,06025,56393,2266,179319,16894,3935,1197,153460,Government
50348,UCI HEALTH-ORANGE,CA,728.0,3,1.0137,medium (2-3 conditions),ORANGE,92868.0,ORANGE,Acute Care Hospitals,Government - Local,Yes,06059,113702,986,3164063,1191304,48224,3634,1080480,Government
50350,ADVENTIST HEALTH WHITE MEMORIAL MONTEBELLO,CA,208.0,2,1.0205,medium (2-3 conditions),MONTEBELLO,90640.0,LOS ANGELES,Acute Care Hospitals,Voluntary non-profit - Private,Yes,06037,87760,463,9848406,2477324,742849,18057,4753369,Nonprofit
50351,TORRANCE MEMORIAL MEDICAL CENTER,CA,2544.0,5,0.9591,high (4-6 conditions),TORRANCE,90509.0,LOS ANGELES,Acute Care Hospitals,Voluntary non-profit - Other,Yes,06037,87760,463,9848406,2477324,742849,18057,4753369,Nonprofit
50353,PROVIDENCE LITTLE COMPANY OF MARY MED CTR TORRANCE,CA,958.0,4,0.9986,high (4-6 conditions),TORRANCE,90503.0,LOS ANGELES,Acute Care Hospitals,Voluntary non-profit - Church,No,06037,87760,463,9848406,2477324,742849,18057,4753369,Nonprofit
50357,GOLETA VALLEY COTTAGE HOSPITAL,CA,359.0,1,0.9882,low (1 condition),SANTA BARBARA,93111.0,SANTA BARBARA,Acute Care Hospitals,Voluntary non-profit - Other,Yes,06083,95977,1875,443975,184336,6832,1020,211412,Nonprofit
50360,MARINHEALTH MEDICAL CENTER,CA,1272.0,4,0.9438,high (4-6 conditions),GREENBRAE,94904.0,MARIN,Acute Care Hospitals,Government - Hospital District or Authority,Yes,06041,142785,4083,258765,172256,5544,189,49128,Government
50367,NORTHBAY MEDICAL CENTER,CA,1392.0,4,1.0233,high (4-6 conditions),FAIRFIELD,94533.0,SOLANO,Acute Care Hospitals,Voluntary non-profit - Private,Yes,06095,99994,2122,450824,154748,56789,1252,130628,Nonprofit
50373,LOS ANGELES GENERAL MEDICAL CENTER,CA,421.0,3,1.0216,medium (2-3 conditions),LOS ANGELES,90033.0,LOS ANGELES,Acute Care Hospitals,Government - Local,Yes,06037,87760,463,9848406,2477324,742849,18057,4753369,Government
50376,LAC/HARBOR-UCLA MED CENTER,CA,220.0,2,1.0258,medium (2-3 conditions),TORRANCE,90509.0,LOS ANGELES,Acute Care Hospitals,Government - Local,Yes,06037,87760,463,9848406,2477324,742849,18057,4753369,Government
50380,GOOD SAMARITAN HOSPITAL,CA,1705.0,4,1.0621,high (4-6 conditions),SAN JOSE,95124.0,SANTA CLARA,Acute Care Hospitals,Proprietary,Yes,06085,159674,1962,1903297,537099,42949,2799,477632,For-profit
50382,EMANATE HEALTH INTER-COMMUNITY HOSPITAL,CA,1115.0,4,1.0646,high (4-6 conditions),COVINA,91723.0,LOS ANGELES,Acute Care Hospitals,Proprietary,Yes,06037,87760,463,9848406,2477324,742849,18057,4753369,For-profit
50390,HEMET GLOBAL MEDICAL CENTER,CA,283.0,2,1.0377,medium (2-3 conditions),HEMET,92543.0,RIVERSIDE,Acute Care Hospitals,Proprietary,Yes,06065,89672,879,2449909,784572,149836,6809,1239702,For-profit
50393,PIH HEALTH DOWNEY HOSPITAL,CA,381.0,2,1.0399,medium (2-3 conditions),DOWNEY,90241.0,LOS ANGELES,Acute Care Hospitals,Voluntary non-profit - Private,Yes,06037,87760,463,9848406,2477324,742849,18057,4753369,Nonprofit
50394,COMMUNITY MEMORIAL HOSPITAL - VENTURA,CA,891.0,4,0.9893,high (4-6 conditions),VENTURA,93003.0,VENTURA,Acute Care Hospitals,Voluntary non-profit - Private,Yes,06111,107327,1391,838259,359342,14033,1324,367516,Nonprofit
50396,SANTA BARBARA COTTAGE HOSPITAL,CA,1945.0,5,0.991,high (4-6 conditions),SANTA BARBARA,93105.0,SANTA BARBARA,Acute Care Hospitals,Voluntary non-profit - Private,Yes,06083,95977,1875,443975,184336,6832,1020,211412,Nonprofit
50407,CHINESE HOSPITAL,CA,95.0,1,1.0792,low (1 condition),SAN FRANCISCO,94133.0,SAN FRANCISCO,Acute Care Hospitals,Voluntary non-profit - Private,Yes,06075,141446,2576,836321,313559,40243,1691,133266,Nonprofit
50414,MERCY HOSPITAL OF FOLSOM,CA,775.0,3,1.0252,medium (2-3 conditions),FOLSOM,95630.0,SACRAMENTO,Acute Care Hospitals,Voluntary non-profit - Private,Yes,06067,88724,986,1584047,657865,144563,4186,379734,Nonprofit
50417,SUTTER COAST HOSPITAL,CA,280.0,2,0.979,medium (2-3 conditions),CRESCENT CITY,95531.0,DEL NORTE,Acute Care Hospitals,Government - Hospital District or Authority,No,06015,66780,6256,27293,16668,805,1686,5350,Government
50424,SCRIPPS GREEN HOSPITAL,CA,1224.0,2,0.747,medium (2-3 conditions),LA JOLLA,92037.0,SAN DIEGO,Acute Care Hospitals,Voluntary non-profit - Other,No,06073,102285,899,3282782,1417346,145704,8395,1127221,Nonprofit
50426,WEST ANAHEIM MEDICAL CENTER,CA,707.0,4,1.1214,high (4-6 conditions),ANAHEIM,92804.0,ORANGE,Acute Care Hospitals,Proprietary,Yes,06059,113702,986,3164063,1191304,48224,3634,1080480,For-profit
50438,HUNTINGTON HOSPITAL,CA,1530.0,4,1.0815,high (4-6 conditions),PASADENA,91109.0,LOS ANGELES,Acute Care Hospitals,Voluntary non-profit - Other,Yes,06037,87760,463,9848406,2477324,742849,18057,4753369,Nonprofit
50441,STANFORD HEALTH CARE,CA,2854.0,6,0.9437,high (4-6 conditions),STANFORD,94305.0,SANTA CLARA,Acute Care Hospitals,Voluntary non-profit - Private,Yes,06085,159674,1962,1903297,537099,42949,2799,477632,Nonprofit
50444,MERCY MEDICAL CENTER,CA,1339.0,4,1.0499,high (4-6 conditions),MERCED,95340.0,MERCED,Acute Care Hospitals,Voluntary non-profit - Private,Yes,06047,65044,2052,285597,69294,7773,660,178961,Nonprofit
50454,UCSF MEDICAL CENTER,CA,1808.0,5,0.9731,high (4-6 conditions),SAN FRANCISCO,94143.0,SAN FRANCISCO,Acute Care Hospitals,Voluntary non-profit - Other,Yes,06075,141446,2576,836321,313559,40243,1691,133266,Nonprofit
50455,ADVENTIST HEALTH BAKERSFIELD,CA,954.0,4,1.0339,high (4-6 conditions),BAKERSFIELD,93301.0,KERN,Acute Care Hospitals,Voluntary non-profit - Private,Yes,06029,67660,1400,910433,279058,43962,2829,507456,Nonprofit
50457,UCSF HEALTH ST. MARY'S HOSPITAL,CA,423.0,3,0.999,medium (2-3 conditions),SAN FRANCISCO,94117.0,SAN FRANCISCO,Acute Care Hospitals,Voluntary non-profit - Private,Yes,06075,141446,2576,836321,313559,40243,1691,133266,Nonprofit
50464,DOCTORS MEDICAL CENTER,CA,1368.0,5,1.0649,high (4-6 conditions),MODESTO,95350.0,STANISLAUS,Acute Care Hospitals,Proprietary,Yes,06099,79661,1906,552250,207182,14636,1549,271787,For-profit
50468,MEMORIAL HOSPITAL OF GARDENA,CA,367.0,3,1.0897,medium (2-3 conditions),GARDENA,90247.0,LOS ANGELES,Acute Care Hospitals,Proprietary,Yes,06037,87760,463,9848406,2477324,742849,18057,4753369,For-profit
50471,PIH HEALTH GOOD SAMARITAN HOSPITAL,CA,706.0,4,1.123,high (4-6 conditions),LOS ANGELES,90017.0,LOS ANGELES,Acute Care Hospitals,Proprietary,No,06037,87760,463,9848406,2477324,742849,18057,4753369,For-profit
50481,UCLA WEST VALLEY MEDICAL CENTER,CA,1064.0,4,1.1432,high (4-6 conditions),WEST HILLS,91307.0,LOS ANGELES,Acute Care Hospitals,Proprietary,Yes,06037,87760,463,9848406,2477324,742849,18057,4753369,For-profit
50485,MEMORIALCARE LONG BEACH MEDICAL CENTER,CA,678.0,4,0.9628,high (4-6 conditions),LONG BEACH,90806.0,LOS ANGELES,Acute Care Hospitals,Voluntary non-profit - Other,No,06037,87760,463,9848406,2477324,742849,18057,4753369,Nonprofit
50488,EDEN MEDICAL CENTER,CA,632.0,3,0.9682,medium (2-3 conditions),CASTRO VALLEY,94546.0,ALAMEDA,Acute Care Hospitals,Voluntary non-profit - Other,Yes,06001,126240,1364,1651949,466445,159042,4002,385245,Nonprofit
50492,CLOVIS COMMUNITY MEDICAL CENTER,CA,1457.0,4,1.0101,high (4-6 conditions),CLOVIS,93611.0,FRESNO,Acute Care Hospitals,Voluntary non-profit - Private,Yes,06019,71434,1034,1012152,273299,42060,4074,547669,Nonprofit
50496,JOHN MUIR MEDICAL CENTER - CONCORD CAMPUS,CA,2018.0,6,0.9998,high (4-6 conditions),CONCORD,94520.0,CONTRA COSTA,Acute Care Hospitals,Voluntary non-profit - Private,Yes,06013,125727,1829,1161458,455961,94864,1806,316799,Nonprofit
50498,SUTTER AUBURN FAITH HOSPITAL,CA,350.0,2,0.9895,medium (2-3 conditions),AUBURN,95603.0,PLACER,Acute Care Hospitals,Voluntary non-profit - Private,Yes,06061,114678,1891,412435,277453,6560,763,63412,Nonprofit
50503,SCRIPPS MEMORIAL HOSPITAL - ENCINITAS,CA,1476.0,5,0.9629,high (4-6 conditions),ENCINITAS,92024.0,SAN DIEGO,Acute Care Hospitals,Voluntary non-profit - Private,Yes,06073,102285,899,3282782,1417346,145704,8395,1127221,Nonprofit
50506,ADVENTIST HEALTH SIERRA VISTA,CA,229.0,2,0.9843,medium (2-3 conditions),SAN LUIS OBISPO,93405.0,SAN LUIS OBISPO,Acute Care Hospitals,Proprietary,Yes,06079,93398,2535,281486,184190,3086,505,68980,For-profit
50516,MERCY SAN JUAN MEDICAL CENTER,CA,1328.0,4,1.0305,high (4-6 conditions),CARMICHAEL,95608.0,SACRAMENTO,Acute Care Hospitals,Voluntary non-profit - Private,Yes,06067,88724,986,1584047,657865,144563,4186,379734,Nonprofit
50517,VICTOR VALLEY GLOBAL MEDICAL CENTER,CA,103.0,1,1.0945,low (1 condition),VICTORVILLE,92395.0,SAN BERNARDINO,Acute Care Hospitals,Voluntary non-profit - Private,Yes,06071,82184,950,2187816,560649,166813,6104,1193691,Nonprofit
50523,SUTTER DELTA MEDICAL CENTER,CA,767.0,4,1.0103,high (4-6 conditions),ANTIOCH,94509.0,CONTRA COSTA,Acute Care Hospitals,Voluntary non-profit - Private,Yes,06013,125727,1829,1161458,455961,94864,1806,316799,Nonprofit
50526,HUNTINGTON BEACH HOSPITAL,CA,242.0,2,1.0479,medium (2-3 conditions),HUNTINGTON BEACH,92647.0,ORANGE,Acute Care Hospitals,Proprietary,Yes,06059,113702,986,3164063,1191304,48224,3634,1080480,For-profit
50528,MEMORIAL HOSPITAL LOS BANOS,CA,135.0,2,1.0166,medium (2-3 conditions),LOS BANOS,93635.0,MERCED,Acute Care Hospitals,Voluntary non-profit - Private,Yes,06047,65044,2052,285597,69294,7773,660,178961,Nonprofit
50534,JOHN F KENNEDY MEMORIAL HOSPITAL,CA,258.0,2,1.087,medium (2-3 conditions),INDIO,92201.0,RIVERSIDE,Acute Care Hospitals,Proprietary,Yes,06065,89672,879,2449909,784572,149836,6809,1239702,For-profit
50537,SUTTER DAVIS HOSPITAL,CA,160.0,1,0.9422,low (1 condition),DAVIS,95616.0,YOLO,Acute Care Hospitals,Voluntary non-profit - Private,Yes,06113,88818,3641,217782,93721,5364,892,72347,Nonprofit
50549,LOS ROBLES HOSPITAL & MEDICAL CENTER,CA,2682.0,6,1.0056,high (4-6 conditions),THOUSAND OAKS,91360.0,VENTURA,Acute Care Hospitals,Proprietary,Yes,06111,107327,1391,838259,359342,14033,1324,367516,For-profit
50551,UCI HEALTH - LOS ALAMITOS,CA,763.0,4,0.9813,high (4-6 conditions),LOS ALAMITOS,90720.0,ORANGE,Acute Care Hospitals,Proprietary,Yes,06059,113702,986,3164063,1191304,48224,3634,1080480,For-profit
50557,MEMORIAL MEDICAL CENTER,CA,1795.0,5,1.0384,high (4-6 conditions),MODESTO,95355.0,STANISLAUS,Acute Care Hospitals,Voluntary non-profit - Private,Yes,06099,79661,1906,552250,207182,14636,1549,271787,Nonprofit
50567,PROVIDENCE MISSION HOSPITAL,CA,1552.0,4,1.0168,high (4-6 conditions),MISSION VIEJO,92691.0,ORANGE,Acute Care Hospitals,Voluntary non-profit - Private,Yes,06059,113702,986,3164063,1191304,48224,3634,1080480,Nonprofit
50570,UCI HEALTH - FOUNTAIN VALLEY,CA,890.0,4,1.0285,high (4-6 conditions),FOUNTAIN VALLEY,92708.0,ORANGE,Acute Care Hospitals,Proprietary,No,06059,113702,986,3164063,1191304,48224,3634,1080480,For-profit
50573,EISENHOWER MEDICAL CENTER,CA,3442.0,6,0.9405,high (4-6 conditions),RANCHO MIRAGE,92270.0,RIVERSIDE,Acute Care Hospitals,Proprietary,Yes,06065,89672,879,2449909,784572,149836,6809,1239702,For-profit
50580,LA PALMA INTERCOMMUNITY HOSPITAL,CA,216.0,2,1.0465,medium (2-3 conditions),LA PALMA,90623.0,ORANGE,Acute Care Hospitals,Proprietary,No,06059,113702,986,3164063,1191304,48224,3634,1080480,For-profit
50581,UCI HEALTH-LAKEWOOD,CA,526.0,4,1.0268,high (4-6 conditions),LAKEWOOD,90712.0,LOS ANGELES,Acute Care Hospitals,Proprietary,Yes,06037,87760,463,9848406,2477324,742849,18057,4753369,For-profit
50586,CHINO VALLEY MEDICAL CENTER,CA,216.0,2,1.0106,medium (2-3 conditions),CHINO,91710.0,SAN BERNARDINO,Acute Care Hospitals,Proprietary,Yes,06071,82184,950,2187816,560649,166813,6104,1193691,For-profit
50588,SAN DIMAS COMMUNITY HOSPITAL,CA,227.0,2,1.1918,medium (2-3 conditions),SAN DIMAS,91773.0,LOS ANGELES,Acute Care Hospitals,Proprietary,Yes,06037,87760,463,9848406,2477324,742849,18057,4753369,For-profit
50590,METHODIST HOSPITAL OF SACRAMENTO,CA,560.0,3,1.0338,medium (2-3 conditions),SACRAMENTO,95823.0,SACRAMENTO,Acute Care Hospitals,Voluntary non-profit - Private,Yes,06067,88724,986,1584047,657865,144563,4186,379734,Nonprofit
50597,EMANATE HEALTH FOOTHILL PRESBYTERIAN HOSPITAL,CA,368.0,2,0.9659,medium (2-3 conditions),GLENDORA,91740.0,LOS ANGELES,Acute Care Hospitals,Voluntary non-profit - Private,No,06037,87760,463,9848406,2477324,742849,18057,4753369,Nonprofit
50599,UNIVERSITY OF CALIFORNIA DAVIS MEDICAL CENTER,CA,1500.0,4,1.0241,high (4-6 conditions),SACRAMENTO,95817.0,SACRAMENTO,Acute Care Hospitals,Government - Hospital District or Authority,Yes,06067,88724,986,1584047,657865,144563,4186,379734,Government
50603,MEMORIALCARE SADDLEBACK MEDICAL CENTER,CA,920.0,4,0.9561,high (4-6 conditions),LAGUNA HILLS,92653.0,ORANGE,Acute Care Hospitals,Voluntary non-profit - Private,Yes,06059,113702,986,3164063,1191304,48224,3634,1080480,Nonprofit
50608,ADVENTIST HEALTH DELANO,CA,83.0,1,1.0492,low (1 condition),DELANO,93215.0,KERN,Acute Care Hospitals,Proprietary,Yes,06029,67660,1400,910433,279058,43962,2829,507456,For-profit
50624,HENRY MAYO NEWHALL  HOSPITAL,CA,961.0,4,1.0293,high (4-6 conditions),VALENCIA,91355.0,LOS ANGELES,Acute Care Hospitals,Voluntary non-profit - Private,No,06037,87760,463,9848406,2477324,742849,18057,4753369,Nonprofit
50625,CEDARS-SINAI MEDICAL CENTER,CA,5304.0,6,0.9209,high (4-6 conditions),LOS ANGELES,90048.0,LOS ANGELES,Acute Care Hospitals,Voluntary non-profit - Other,Yes,06037,87760,463,9848406,2477324,742849,18057,4753369,Nonprofit
50633,ADVENTIST HEALTH TWIN CITIES,CA,511.0,2,1.0428,medium (2-3 conditions),TEMPLETON,93465.0,SAN LUIS OBISPO,Acute Care Hospitals,Proprietary,Yes,06079,93398,2535,281486,184190,3086,505,68980,For-profit
50636,PALOMAR MEDICAL CENTER POWAY,CA,458.0,2,0.9786,medium (2-3 conditions),POWAY,92064.0,SAN DIEGO,Acute Care Hospitals,Government - Hospital District or Authority,Yes,06073,102285,899,3282782,1417346,145704,8395,1127221,Government
50663,LOS ANGELES COMMUNITY HOSPITAL,CA,646.0,3,0.9856,medium (2-3 conditions),LOS ANGELES,90023.0,LOS ANGELES,Acute Care Hospitals,Proprietary,Yes,06037,87760,463,9848406,2477324,742849,18057,4753369,For-profit
50668,LAGUNA HONDA HOSPITAL & REHABILITATION CENTER,CA,52.0,1,1.0729,low (1 condition),SAN FRANCISCO,94116.0,SAN FRANCISCO,Acute Care Hospitals,Government - Local,No,06075,141446,2576,836321,313559,40243,1691,133266,Government
50674,KAISER FOUNDATION HOSP SO SACRAMENTO,CA,53.0,1,1.0283,low (1 condition),SACRAMENTO,95823.0,SACRAMENTO,Acute Care Hospitals,Voluntary non-profit - Private,Yes,06067,88724,986,1584047,657865,144563,4186,379734,Nonprofit
50678,MEMORIALCARE ORANGE COAST MEDICAL CENTER,CA,779.0,3,1.0019,medium (2-3 conditions),FOUNTAIN VALLEY,92708.0,ORANGE,Acute Care Hospitals,Proprietary,Yes,06059,113702,986,3164063,1191304,48224,3634,1080480,For-profit
50684,MENIFEE GLOBAL MEDICAL CENTER,CA,47.0,1,1.0556,low (1 condition),SUN CITY,92585.0,RIVERSIDE,Acute Care Hospitals,Proprietary,Yes,06065,89672,879,2449909,784572,149836,6809,1239702,For-profit
50689,SAN RAMON REGIONAL MEDICAL CENTER,CA,509.0,2,0.9906,medium (2-3 conditions),SAN RAMON,94583.0,CONTRA COSTA,Acute Care Hospitals,Proprietary,Yes,06013,125727,1829,1161458,455961,94864,1806,316799,For-profit
50696,KECK HOSPITAL OF USC,CA,188.0,1,1.0141,low (1 condition),LOS ANGELES,90033.0,LOS ANGELES,Acute Care Hospitals,Voluntary non-profit - Other,No,06037,87760,463,9848406,2477324,742849,18057,4753369,Nonprofit
50701,SOUTHWEST HEALTHCARE RANCHO SPRINGS HOSPITAL,CA,462.0,3,0.9869,medium (2-3 conditions),MURRIETA,92562.0,RIVERSIDE,Acute Care Hospitals,Proprietary,Yes,06065,89672,879,2449909,784572,149836,6809,1239702,For-profit
50704,MISSION COMMUNITY HOSPITAL,CA,374.0,2,1.0315,medium (2-3 conditions),PANORAMA CITY,91402.0,LOS ANGELES,Acute Care Hospitals,Voluntary non-profit - Private,No,06037,87760,463,9848406,2477324,742849,18057,4753369,Nonprofit
50709,DESERT VALLEY HOSPITAL,CA,635.0,4,1.1023,high (4-6 conditions),VICTORVILLE,92395.0,SAN BERNARDINO,Acute Care Hospitals,Proprietary,Yes,06071,82184,950,2187816,560649,166813,6104,1193691,For-profit
50735,WHITTIER HOSPITAL MEDICAL CENTER,CA,269.0,2,1.0778,medium (2-3 conditions),WHITTIER,90605.0,LOS ANGELES,Acute Care Hospitals,Proprietary,Yes,06037,87760,463,9848406,2477324,742849,18057,4753369,For-profit
50736,MONTEREY PARK HOSPITAL,CA,87.0,1,1.0538,low (1 condition),MONTEREY PARK,91754.0,LOS ANGELES,Acute Care Hospitals,Proprietary,No,06037,87760,463,9848406,2477324,742849,18057,4753369,For-profit
50737,GARFIELD MEDICAL CENTER,CA,587.0,3,1.0419,medium (2-3 conditions),MONTEREY PARK,91754.0,LOS ANGELES,Acute Care Hospitals,Proprietary,Yes,06037,87760,463,9848406,2477324,742849,18057,4753369,For-profit
50738,GREATER EL MONTE COMMUNITY HOSPITAL,CA,151.0,1,1.0141,low (1 condition),SOUTH EL MONTE,91733.0,LOS ANGELES,Acute Care Hospitals,Voluntary non-profit - Private,No,06037,87760,463,9848406,2477324,742849,18057,4753369,Nonprofit
50739,CENTINELA HOSPITAL MEDICAL CENTER,CA,878.0,4,1.1389,high (4-6 conditions),INGLEWOOD,90301.0,LOS ANGELES,Acute Care Hospitals,Proprietary,No,06037,87760,463,9848406,2477324,742849,18057,4753369,For-profit
50740,CEDAR-SINAI MARINA DEL REY HOSPITAL,CA,479.0,3,1.0287,medium (2-3 conditions),MARINA DEL REY,90292.0,LOS ANGELES,Acute Care Hospitals,Proprietary,Yes,06037,87760,463,9848406,2477324,742849,18057,4753369,For-profit
50745,CHAPMAN GLOBAL MEDICAL CENTER,CA,58.0,1,1.0631,low (1 condition),ORANGE,92869.0,ORANGE,Acute Care Hospitals,Proprietary,No,06059,113702,986,3164063,1191304,48224,3634,1080480,For-profit
50746,ORANGE COUNTY GLOBAL MEDICAL CENTER,CA,215.0,2,1.0076,medium (2-3 conditions),SANTA ANA,92705.0,ORANGE,Acute Care Hospitals,Proprietary,Yes,06059,113702,986,3164063,1191304,48224,3634,1080480,For-profit
50747,COASTAL COMMUNITIES HOSPITAL,CA,56.0,1,1.0354,low (1 condition),SANTA ANA,92704.0,ORANGE,Acute Care Hospitals,Proprietary,Yes,06059,113702,986,3164063,1191304,48224,3634,1080480,For-profit
50755,SHERMAN OAKS HOSPITAL,CA,619.0,3,1.1156,medium (2-3 conditions),SHERMAN OAKS,91403.0,LOS ANGELES,Acute Care Hospitals,Voluntary non-profit - Private,Yes,06037,87760,463,9848406,2477324,742849,18057,4753369,Nonprofit
50758,MONTCLAIR HOSPITAL MEDICAL CENTER,CA,124.0,1,1.2016,low (1 condition),MONTCLAIR,91763.0,SAN BERNARDINO,Acute Care Hospitals,Voluntary non-profit - Private,Yes,06071,82184,950,2187816,560649,166813,6104,1193691,Nonprofit
50760,KAISER FOUNDATION HOSPITAL - ANTIOCH,CA,33.0,1,1.1363,low (1 condition),ANTIOCH,94531.0,CONTRA COSTA,Acute Care Hospitals,Voluntary non-profit - Private,Yes,06013,125727,1829,1161458,455961,94864,1806,316799,Nonprofit
50761,PROVIDENCE CEDARS SINAI TARZANA MEDICAL CENTER,CA,1299.0,4,1.0447,high (4-6 conditions),TARZANA,91356.0,LOS ANGELES,Acute Care Hospitals,Voluntary non-profit - Private,Yes,06037,87760,463,9848406,2477324,742849,18057,4753369,Nonprofit
50763,L A DOWNTOWN MEDICAL CENTER,CA,254.0,2,1.0435,medium (2-3 conditions),LOS ANGELES,90026.0,LOS ANGELES,Acute Care Hospitals,Proprietary,No,06037,87760,463,9848406,2477324,742849,18057,4753369,For-profit
50764,SHASTA REGIONAL MEDICAL CENTER,CA,1542.0,6,1.1103,high (4-6 conditions),REDDING,96001.0,SHASTA,Acute Care Hospitals,Proprietary,Yes,06089,71931,2596,181554,138823,1591,2614,20604,For-profit
50769,HOAG ORTHOPEDIC INSTITUTE,CA,803.0,1,0.8244,low (1 condition),IRVINE,92618.0,ORANGE,Acute Care Hospitals,Proprietary,No,06059,113702,986,3164063,1191304,48224,3634,1080480,For-profit
50770,LOMA LINDA UNIVERSITY MEDICAL CENTER-MURRIETA,CA,803.0,4,1.0479,high (4-6 conditions),MURRIETA,92563.0,RIVERSIDE,Acute Care Hospitals,Voluntary non-profit - Private,Yes,06065,89672,879,2449909,784572,149836,6809,1239702,Nonprofit
50771,COAST PLAZA HOSPITAL,CA,234.0,2,1.0124,medium (2-3 conditions),NORWALK,90650.0,LOS ANGELES,Acute Care Hospitals,Proprietary,Yes,06037,87760,463,9848406,2477324,742849,18057,4753369,For-profit
50775,TEMECULA VALLEY HOSPITAL,CA,816.0,3,1.0015,medium (2-3 conditions),TEMECULA,92592.0,RIVERSIDE,Acute Care Hospitals,Proprietary,Yes,06065,89672,879,2449909,784572,149836,6809,1239702,For-profit
50776,COLLEGE MEDICAL CENTER,CA,94.0,1,0.9998,low (1 condition),LONG BEACH,90806.0,LOS ANGELES,Acute Care Hospitals,Proprietary,Yes,06037,87760,463,9848406,2477324,742849,18057,4753369,For-profit
50779,"MARTIN LUTHER KING, JR. COMMUNITY HOSPITAL",CA,217.0,2,1.0143,medium (2-3 conditions),LOS ANGELES,90059.0,LOS ANGELES,Acute Care Hospitals,Voluntary non-profit - Private,Yes,06037,87760,463,9848406,2477324,742849,18057,4753369,Nonprofit
50780,FOOTHILL REGIONAL MEDICAL CENTER,CA,179.0,1,0.975,low (1 condition),TUSTIN,92780.0,ORANGE,Acute Care Hospitals,Proprietary,No,06059,113702,986,3164063,1191304,48224,3634,1080480,For-profit
50783,COLUSA MEDICAL CENTER,CA,63.0,1,1.017,low (1 condition),COLUSA,95932.0,COLUSA,Acute Care Hospitals,Proprietary,Yes,06011,75149,8491,21895,6869,311,154,13639,For-profit
50784,ADVENTIST HEALTH TULARE,CA,170.0,2,1.0253,medium (2-3 conditions),TULARE,93274.0,TULARE,Acute Care Hospitals,Voluntary non-profit - Private,Yes,06107,69489,1785,475774,125098,6156,2223,314250,Nonprofit
60001,BANNER NORTH COLORADO MEDICAL CENTER,CO,367.0,2,0.9573,medium (2-3 conditions),GREELEY,80631.0,WELD,Acute Care Hospitals,Voluntary non-profit - Private,Yes,08123,93287,2429,340711,214808,4194,766,103804,Nonprofit
60003,LONGMONT UNITED HOSPITAL,CO,180.0,2,1.0058,medium (2-3 conditions),LONGMONT,80501.0,BOULDER,Acute Care Hospitals,Voluntary non-profit - Private,Yes,08013,102772,2628,328317,247322,2462,531,47948,Nonprofit
60009,LUTHERAN MEDICAL CENTER,CO,455.0,2,0.8875,medium (2-3 conditions),WHEAT RIDGE,80033.0,JEFFERSON,Acute Care Hospitals,Voluntary non-profit - Private,Yes,08059,107800,1654,579715,440240,6110,1714,92162,Nonprofit
60010,POUDRE VALLEY HOSPITAL,CO,860.0,3,0.9124,medium (2-3 conditions),FORT COLLINS,80524.0,LARIMER,Acute Care Hospitals,Voluntary non-profit - Private,Yes,08069,91364,1674,363561,290514,3301,1013,46167,Nonprofit
60011,DENVER HEALTH & HOSPITAL AUTHORITY,CO,57.0,1,1.0194,low (1 condition),DENVER,80204.0,DENVER,Acute Care Hospitals,Government - State,Yes,08031,91681,1359,713734,389451,60519,2015,199425,Government
60013,MERCY REGIONAL MEDICAL CENTER,CO,388.0,2,0.9188,medium (2-3 conditions),DURANGO,81301.0,LA PLATA,Acute Care Hospitals,Voluntary non-profit - Church,Yes,08067,85296,3572,56088,42940,88,3021,7149,Nonprofit
60014,HCA HEALTHONE PRESBYTERIAN ST LUKES,CO,119.0,2,1.0172,medium (2-3 conditions),DENVER,80218.0,DENVER,Acute Care Hospitals,Government - State,Yes,08031,91681,1359,713734,389451,60519,2015,199425,Government
60015,CENTURA HEALTH-ST ANTHONY HOSPITAL,CO,804.0,4,0.9728,high (4-6 conditions),LAKEWOOD,80228.0,JEFFERSON,Acute Care Hospitals,Voluntary non-profit - Church,Yes,08059,107800,1654,579715,440240,6110,1714,92162,Nonprofit
60020,"PARKVIEW MEDICAL CENTER, INC",CO,959.0,4,0.9374,high (4-6 conditions),PUEBLO,81003.0,PUEBLO,Acute Care Hospitals,Voluntary non-profit - Private,Yes,08101,62250,2088,168726,87111,3040,957,70812,Nonprofit
60022,UCH-MEMORIAL HEALTH SYSTEM,CO,1812.0,4,0.8908,high (4-6 conditions),COLORADO SPRINGS,80909.0,EL PASO,Acute Care Hospitals,Government - Local,Yes,08041,87470,1252,736008,488925,40725,1732,134942,Government
60023,INTERMOUNTAIN HEALTH ST. MARY'S REGIONAL HOSPITAL,CO,782.0,3,0.8787,medium (2-3 conditions),GRAND JUNCTION,81501.0,MESA,Acute Care Hospitals,Voluntary non-profit - Church,Yes,08077,71485,1848,157316,124328,889,662,23957,Nonprofit
60024,UNIVERSITY OF COLORADO HOSPITAL AUTHORITY,CO,1176.0,4,0.9377,high (4-6 conditions),AURORA,80045.0,ADAMS,Acute Care Hospitals,Government - Hospital District or Authority,Yes,08001,91387,1470,524408,242505,17207,1678,221633,Government
60027,BOULDER COMMUNITY HEALTH,CO,610.0,3,0.9192,medium (2-3 conditions),BOULDER,80304.0,BOULDER,Acute Care Hospitals,Voluntary non-profit - Private,Yes,08013,102772,2628,328317,247322,2462,531,47948,Nonprofit
60028,SAINT JOSEPH HOSPITAL,CO,218.0,2,0.9816,medium (2-3 conditions),DENVER,80218.0,DENVER,Acute Care Hospitals,Voluntary non-profit - Private,Yes,08031,91681,1359,713734,389451,60519,2015,199425,Nonprofit
60030,BANNER MCKEE MEDICAL CENTER,CO,85.0,1,0.9676,low (1 condition),LOVELAND,80538.0,LARIMER,Acute Care Hospitals,Voluntary non-profit - Private,Yes,08069,91364,1674,363561,290514,3301,1013,46167,Nonprofit
60031,CENTURA HEALTH-PENROSE ST FRANCIS HEALTH SERVICES,CO,1833.0,5,0.9248,high (4-6 conditions),COLORADO SPRINGS,80907.0,EL PASO,Acute Care Hospitals,Voluntary non-profit - Private,Yes,08041,87470,1252,736008,488925,40725,1732,134942,Nonprofit
60032,HCA HEALTHONE ROSE,CO,334.0,2,1.0574,medium (2-3 conditions),DENVER,80220.0,DENVER,Acute Care Hospitals,Proprietary,Yes,08031,91681,1359,713734,389451,60519,2015,199425,For-profit
60034,HCA-HEALTHONE DBA SWEDISH MEDICAL CENTER,CO,491.0,2,1.0047,medium (2-3 conditions),ENGLEWOOD,80113.0,ARAPAHOE,Acute Care Hospitals,Proprietary,Yes,08005,97215,1592,655709,369965,68630,1712,138906,For-profit
60064,AdventHealth Porter,CO,265.0,2,0.9704,medium (2-3 conditions),DENVER,80210.0,DENVER,Acute Care Hospitals,Voluntary non-profit - Private,Yes,08031,91681,1359,713734,389451,60519,2015,199425,Nonprofit
60065,HCA HEALTHONE MOUNTAIN RIDGE,CO,158.0,2,1.0532,medium (2-3 conditions),THORNTON,80229.0,ADAMS,Acute Care Hospitals,Voluntary non-profit - Private,Yes,08001,91387,1470,524408,242505,17207,1678,221633,Nonprofit
60075,VALLEY VIEW HOSPITAL ASSOCIATION,CO,89.0,1,0.9735,low (1 condition),GLENWOOD SPRINGS,81601.0,GARFIELD,Acute Care Hospitals,Voluntary non-profit - Private,Yes,08045,86172,4295,62034,38810,274,116,19867,Nonprofit
60100,THE MEDICAL CENTER OF AURORA & SOUTH HOSPITAL,CO,765.0,4,0.9742,high (4-6 conditions),AURORA,80012.0,ARAPAHOE,Acute Care Hospitals,Proprietary,Yes,08005,97215,1592,655709,369965,68630,1712,138906,For-profit
60104,CENTURA HEALTH-ST ANTHONY NORTH HEALTH CAMPUS,CO,486.0,3,0.9688,medium (2-3 conditions),WESTMINSTER,80023.0,BROOMFIELD,Acute Care Hospitals,Voluntary non-profit - Private,Yes,08014,121025,3931,75110,54984,830,113,10381,Nonprofit
60112,SKY RIDGE MEDICAL CENTER,CO,591.0,3,1.0964,medium (2-3 conditions),LONE TREE,80124.0,DOUGLAS,Acute Care Hospitals,Voluntary non-profit - Other,Yes,08035,145737,1956,368283,288358,4789,625,36431,Nonprofit
60113,AdventHealth Littleton,CO,753.0,4,1.0221,high (4-6 conditions),LITTLETON,80122.0,ARAPAHOE,Acute Care Hospitals,Voluntary non-profit - Church,Yes,08005,97215,1592,655709,369965,68630,1712,138906,Nonprofit
60114,AdventHealth Parker,CO,401.0,2,0.9522,medium (2-3 conditions),PARKER,80138.0,DOUGLAS,Acute Care Hospitals,Voluntary non-profit - Private,Yes,08035,145737,1956,368283,288358,4789,625,36431,Nonprofit
60116,GOOD SAMARITAN MEDICAL CENTER LLC,CO,190.0,2,1.0029,medium (2-3 conditions),LAFAYETTE,80026.0,BOULDER,Acute Care Hospitals,Voluntary non-profit - Private,Yes,08013,102772,2628,328317,247322,2462,531,47948,Nonprofit
60119,MEDICAL CENTER OF THE ROCKIES,CO,949.0,4,0.9264,high (4-6 conditions),LOVELAND,80538.0,LARIMER,Acute Care Hospitals,Voluntary non-profit - Private,Yes,08069,91364,1674,363561,290514,3301,1013,46167,Nonprofit
60125,ADVENTHEALTH CASTLE ROCK,CO,247.0,2,1.0099,medium (2-3 conditions),CASTLE ROCK,80109.0,DOUGLAS,Acute Care Hospitals,Voluntary non-profit - Private,Yes,08035,145737,1956,368283,288358,4789,625,36431,Nonprofit
60128,LONGS PEAK HOSPITAL,CO,271.0,2,0.9206,medium (2-3 conditions),LONGMONT,80504.0,BOULDER,Acute Care Hospitals,Voluntary non-profit - Private,Yes,08013,102772,2628,328317,247322,2462,531,47948,Nonprofit
60131,UCHEALTH GREELEY HOSPITAL,CO,302.0,2,0.9438,medium (2-3 conditions),GREELEY,80634.0,WELD,Acute Care Hospitals,Voluntary non-profit - Private,Yes,08123,93287,2429,340711,214808,4194,766,103804,Nonprofit
60132,UCHEALTH HIGHLANDS RANCH HOSPITAL,CO,434.0,2,0.978,medium (2-3 conditions),HIGHLANDS RANCH,80129.0,DOUGLAS,Acute Care Hospitals,Voluntary non-profit - Private,Yes,08035,145737,1956,368283,288358,4789,625,36431,Nonprofit
70002,ST FRANCIS HOSPITAL & MEDICAL CENTER,CT,1717.0,5,0.9537,high (4-6 conditions),HARTFORD,6105.0,HARTFORD,Acute Care Hospitals,Voluntary non-profit - Church,Yes,09110,91541,1111,969029,590481,111597,747,168439,Nonprofit
70003,DAY KIMBALL HOSPITAL,CT,387.0,3,1.0788,medium (2-3 conditions),PUTNAM,6260.0,WINDHAM,Acute Care Hospitals,Voluntary non-profit - Private,Yes,09150,87564,4005,95829,83553,1611,56,4839,Nonprofit
70004,SHARON HOSPITAL,CT,281.0,2,0.995,medium (2-3 conditions),SHARON,6069.0,LITCHFIELD,Acute Care Hospitals,Proprietary,Yes,09160,91035,2915,112848,93305,2826,30,9442,For-profit
70005,WATERBURY HOSPITAL,CT,965.0,4,1.016,high (4-6 conditions),WATERBURY,6721.0,NEW HAVEN,Acute Care Hospitals,Proprietary,Yes,09140,86365,2065,452303,276403,46541,196,86804,For-profit
70006,STAMFORD HOSPITAL,CT,1341.0,4,0.9401,high (4-6 conditions),STAMFORD,6904.0,FAIRFIELD,Acute Care Hospitals,Voluntary non-profit - Private,Yes,09190,124553,2356,621232,371057,60864,502,123865,Nonprofit
70007,LAWRENCE & MEMORIAL HOSPITAL,CT,1219.0,4,0.9504,high (4-6 conditions),NEW LONDON,6320.0,NEW LONDON,Acute Care Hospitals,Voluntary non-profit - Private,Yes,09180,84185,1981,279025,199002,13847,1011,40941,Nonprofit
70008,JOHNSON MEMORIAL HOSPITAL,CT,75.0,1,1.0106,low (1 condition),STAFFORD SPRINGS,6076.0,TOLLAND,Acute Care Hospitals,Voluntary non-profit - Private,Yes,09110,91541,1111,969029,590481,111597,747,168439,Nonprofit
70010,BRIDGEPORT HOSPITAL,CT,1937.0,4,1.0623,high (4-6 conditions),BRIDGEPORT,6610.0,FAIRFIELD,Acute Care Hospitals,Voluntary non-profit - Private,Yes,09120,87135,1961,326296,174303,36215,266,85034,Nonprofit
70011,CHARLOTTE HUNGERFORD HOSPITAL,CT,754.0,3,1.071,medium (2-3 conditions),TORRINGTON,6790.0,LITCHFIELD,Acute Care Hospitals,Voluntary non-profit - Private,Yes,09160,91035,2915,112848,93305,2826,30,9442,Nonprofit
70016,SAINT MARY'S HOSPITAL,CT,717.0,3,0.9681,medium (2-3 conditions),WATERBURY,6706.0,NEW HAVEN,Acute Care Hospitals,Voluntary non-profit - Church,Yes,09140,86365,2065,452303,276403,46541,196,86804,Nonprofit
70017,MIDSTATE MEDICAL CENTER,CT,1021.0,4,1.0373,high (4-6 conditions),MERIDEN,6450.0,NEW HAVEN,Acute Care Hospitals,Voluntary non-profit - Private,Yes,09170,86266,1735,566803,337620,73955,390,108273,Nonprofit
70018,GREENWICH HOSPITAL ASSOCIATION -,CT,1211.0,4,1.042,high (4-6 conditions),GREENWICH,6830.0,FAIRFIELD,Acute Care Hospitals,Voluntary non-profit - Private,Yes,09190,124553,2356,621232,371057,60864,502,123865,Nonprofit
70020,MIDDLESEX HOSPITAL,CT,1257.0,3,1.0627,medium (2-3 conditions),MIDDLETOWN,6457.0,MIDDLESEX,Acute Care Hospitals,Voluntary non-profit - Private,Yes,09130,101117,2587,174983,140056,7957,38,13031,Nonprofit
70021,WINDHAM COMMUNITY MEMORIAL HOSPITAL,CT,314.0,3,1.0013,medium (2-3 conditions),WILLIMANTIC,6226.0,WINDHAM,Acute Care Hospitals,Voluntary non-profit - Private,Yes,09150,87564,4005,95829,83553,1611,56,4839,Nonprofit
70022,YALE-NEW HAVEN HOSPITAL,CT,3750.0,5,0.9652,high (4-6 conditions),NEW HAVEN,6504.0,NEW HAVEN,Acute Care Hospitals,Voluntary non-profit - Private,Yes,09170,86266,1735,566803,337620,73955,390,108273,Nonprofit
70024,WILLIAM W BACKUS HOSPITAL,CT,1157.0,3,0.9656,medium (2-3 conditions),NORWICH,6360.0,NEW LONDON,Acute Care Hospitals,Voluntary non-profit - Other,Yes,09180,84185,1981,279025,199002,13847,1011,40941,Nonprofit
70025,HARTFORD HOSPITAL,CT,3382.0,6,1.0723,high (4-6 conditions),HARTFORD,6102.0,HARTFORD,Acute Care Hospitals,Voluntary non-profit - Private,Yes,09110,91541,1111,969029,590481,111597,747,168439,Nonprofit
70027,MANCHESTER MEMORIAL HOSPITAL,CT,479.0,2,0.9703,medium (2-3 conditions),MANCHESTER,6040.0,HARTFORD,Acute Care Hospitals,Proprietary,Yes,09110,91541,1111,969029,590481,111597,747,168439,For-profit
70028,ST VINCENT'S MEDICAL CENTER,CT,904.0,3,0.9924,medium (2-3 conditions),BRIDGEPORT,6606.0,FAIRFIELD,Acute Care Hospitals,Voluntary non-profit - Private,Yes,09120,87135,1961,326296,174303,36215,266,85034,Nonprofit
70029,BRISTOL HOSPITAL,CT,438.0,3,1.0484,medium (2-3 conditions),BRISTOL,6010.0,HARTFORD,Acute Care Hospitals,Voluntary non-profit - Private,Yes,09140,86365,2065,452303,276403,46541,196,86804,Nonprofit
70031,GRIFFIN HOSPITAL,CT,344.0,2,0.9453,medium (2-3 conditions),DERBY,6418.0,NEW HAVEN,Acute Care Hospitals,Voluntary non-profit - Other,Yes,09140,86365,2065,452303,276403,46541,196,86804,Nonprofit
70033,DANBURY HOSPITAL,CT,2812.0,5,0.9823,high (4-6 conditions),DANBURY,6810.0,FAIRFIELD,Acute Care Hospitals,Voluntary non-profit - Private,Yes,09190,124553,2356,621232,371057,60864,502,123865,Nonprofit
70034,NORWALK HOSPITAL,CT,1055.0,3,1.0388,medium (2-3 conditions),NORWALK,6856.0,FAIRFIELD,Acute Care Hospitals,Voluntary non-profit - Private,Yes,09190,124553,2356,621232,371057,60864,502,123865,Nonprofit
70035,THE HOSPITAL OF CENTRAL CONNECTICUT,CT,1030.0,3,1.0045,medium (2-3 conditions),NEW BRITAIN,6050.0,HARTFORD,Acute Care Hospitals,Voluntary non-profit - Other,Yes,09110,91541,1111,969029,590481,111597,747,168439,Nonprofit
70036,JOHN DEMPSEY HOSPITAL OF THE UNIVERSITY OF CONNECT,CT,802.0,3,0.9963,medium (2-3 conditions),FARMINGTON,6032.0,HARTFORD,Acute Care Hospitals,Government - Local,Yes,09110,91541,1111,969029,590481,111597,747,168439,Government
80001,CHRISTIANA HOSPITAL,DE,6225.0,5,0.9304,high (4-6 conditions),NEWARK,19718.0,NEW CASTLE,Acute Care Hospitals,Voluntary non-profit - Private,Yes,10003,89901,1993,573030,306451,141051,340,65392,Nonprofit
80003,ST FRANCIS HOSPITAL,DE,148.0,1,0.9525,low (1 condition),WILMINGTON,19805.0,NEW CASTLE,Acute Care Hospitals,Voluntary non-profit - Private,Yes,10003,89901,1993,573030,306451,141051,340,65392,Nonprofit
80004,"BAYHEALTH MEDICAL CENTER, KENT CAMPUS",DE,2048.0,4,1.0319,high (4-6 conditions),DOVER,19901.0,KENT,Acute Care Hospitals,Voluntary non-profit - Private,Yes,10001,72872,1932,185043,106611,48830,610,14649,Nonprofit
80006,"TIDALHEALTH NANTICOKE, INC.",DE,864.0,4,0.9267,high (4-6 conditions),SEAFORD,19973.0,SUSSEX,Acute Care Hospitals,Voluntary non-profit - Private,Yes,10005,78162,1865,247799,180486,25323,554,27788,Nonprofit
80007,BEEBE MEDICAL CENTER,DE,2265.0,5,0.9639,high (4-6 conditions),LEWES,19958.0,SUSSEX,Acute Care Hospitals,Voluntary non-profit - Private,Yes,10005,78162,1865,247799,180486,25323,554,27788,Nonprofit
80009,"BAYHEALTH HOSPITAL, SUSSEX CAMPUS",DE,926.0,3,0.9676,medium (2-3 conditions),MILFORD,19963.0,SUSSEX,Acute Care Hospitals,Voluntary non-profit - Private,Yes,10005,78162,1865,247799,180486,25323,554,27788,Nonprofit
90001,GEORGE WASHINGTON UNIV HOSPITAL,DC,765.0,4,0.9723,high (4-6 conditions),WASHINGTON,20037.0,THE DISTRICT,Acute Care Hospitals,Proprietary,Yes,11001,106287,1803,672079,245760,285926,715,77760,For-profit
90003,HOWARD UNIVERSITY HOSPITAL CORP,DC,332.0,3,1.1034,medium (2-3 conditions),WASHINGTON,20060.0,THE DISTRICT,Acute Care Hospitals,Voluntary non-profit - Other,No,11001,106287,1803,672079,245760,285926,715,77760,Nonprofit
90004,MEDSTAR GEORGETOWN UNIVERSITY HOSPITAL,DC,389.0,2,0.9504,medium (2-3 conditions),WASHINGTON,20007.0,THE DISTRICT,Acute Care Hospitals,Proprietary,Yes,11001,106287,1803,672079,245760,285926,715,77760,For-profit
90005,SIBLEY MEMORIAL HOSPITAL,DC,795.0,2,0.9392,medium (2-3 conditions),WASHINGTON,20016.0,THE DISTRICT,Acute Care Hospitals,Voluntary non-profit - Other,Yes,11001,106287,1803,672079,245760,285926,715,77760,Nonprofit
90008,UNITED MEDICAL CENTER,DC,128.0,1,0.9767,low (1 condition),WASHINGTON,20032.0,THE DISTRICT,Acute Care Hospitals,Proprietary,Yes,11001,106287,1803,672079,245760,285926,715,77760,For-profit
90011,MEDSTAR WASHINGTON HOSPITAL CENTER,DC,2883.0,5,0.9552,high (4-6 conditions),WASHINGTON,20010.0,THE DISTRICT,Acute Care Hospitals,Voluntary non-profit - Other,Yes,11001,106287,1803,672079,245760,285926,715,77760,Nonprofit
100001,SHANDS JACKSONVILLE,FL,1013.0,4,0.9805,high (4-6 conditions),JACKSONVILLE,32209.0,DUVAL,Acute Care Hospitals,Voluntary non-profit - Private,Yes,12031,68447,1307,1007189,496520,286983,1066,118365,Nonprofit
100002,BETHESDA HOSPITAL EAST,FL,2016.0,4,1.0166,high (4-6 conditions),BOYNTON BEACH,33435.0,PALM BEACH,Acute Care Hospitals,Voluntary non-profit - Private,Yes,12099,81115,1028,1507453,766229,271548,920,358640,Nonprofit
100006,ORLANDO HEALTH,FL,4368.0,6,1.0175,high (4-6 conditions),ORLANDO,32806.0,ORANGE,Acute Care Hospitals,Voluntary non-profit - Private,Yes,12095,77011,1108,1440471,530144,277717,1216,478735,Nonprofit
100007,ADVENTHEALTH ORLANDO,FL,9480.0,6,1.1426,high (4-6 conditions),ORLANDO,32803.0,ORANGE,Acute Care Hospitals,Voluntary non-profit - Private,Yes,12095,77011,1108,1440471,530144,277717,1216,478735,Nonprofit
100008,BAPTIST HOSPITAL OF MIAMI,FL,1650.0,4,1.0483,high (4-6 conditions),MIAMI,33176.0,MIAMI-DADE,Acute Care Hospitals,Voluntary non-profit - Private,Yes,12086,68694,832,2685296,345749,392563,2037,1846781,Nonprofit
100012,LEE MEMORIAL HOSPITAL,FL,4063.0,6,0.9562,high (4-6 conditions),FORT MYERS,33901.0,LEE,Acute Care Hospitals,Government - Hospital District or Authority,Yes,12071,73099,1143,792692,504628,60490,504,187055,Government
100014,ADVENTHEALTH NEW SMYRNA BEACH,FL,729.0,4,0.9604,high (4-6 conditions),NEW SMYRNA BEACH,32170.0,VOLUSIA,Acute Care Hospitals,Voluntary non-profit - Church,Yes,12127,66581,1033,568229,390004,58769,714,89077,Nonprofit
100017,HALIFAX HEALTH MEDICAL CENTER,FL,1112.0,5,1.0566,high (4-6 conditions),DAYTONA BEACH,32114.0,VOLUSIA,Acute Care Hospitals,Government - Hospital District or Authority,Yes,12127,66581,1033,568229,390004,58769,714,89077,Government
100018,NAPLES COMMUNITY HOSPITAL,FL,5275.0,6,1.011,high (4-6 conditions),NAPLES,34102.0,COLLIER,Acute Care Hospitals,Voluntary non-profit - Private,Yes,12021,86173,2482,387681,241784,24974,277,106446,Nonprofit
100019,HOLMES REGIONAL MEDICAL CENTER,FL,2098.0,5,0.8688,high (4-6 conditions),MELBOURNE,32901.0,BREVARD,Acute Care Hospitals,Voluntary non-profit - Private,Yes,12009,75817,932,620533,442208,57308,636,72613,Nonprofit
100022,JACKSON HEALTH SYSTEM,FL,1185.0,4,1.0254,high (4-6 conditions),MIAMI,33136.0,MIAMI-DADE,Acute Care Hospitals,Government - Hospital District or Authority,Yes,12086,68694,832,2685296,345749,392563,2037,1846781,Government
100023,HCA FLORIDA CITRUS HOSPITAL,FL,1581.0,5,0.9865,high (4-6 conditions),INVERNESS,34452.0,CITRUS,Acute Care Hospitals,Government - Hospital District or Authority,Yes,12017,55355,2103,158693,136069,3369,359,10329,Government
100025,SACRED HEART HOSPITAL,FL,1420.0,4,1.0387,high (4-6 conditions),PENSACOLA,32504.0,ESCAMBIA,Acute Care Hospitals,Voluntary non-profit - Private,Yes,12033,65715,1773,323275,200929,67970,696,21413,Nonprofit
100026,ASCENSION SACRED HEART BAY,FL,886.0,4,0.9881,high (4-6 conditions),PANAMA CITY,32401.0,BAY,Acute Care Hospitals,Voluntary non-profit - Private,Yes,12005,70188,1921,181368,133662,17855,412,15221,Nonprofit
100028,PARRISH MEDICAL CENTER,FL,441.0,2,0.9945,medium (2-3 conditions),TITUSVILLE,32796.0,BREVARD,Acute Care Hospitals,Government - Hospital District or Authority,Yes,12009,75817,932,620533,442208,57308,636,72613,Government
100029,NORTH SHORE MEDICAL CENTER,FL,460.0,4,1.0329,high (4-6 conditions),MIAMI,33150.0,MIAMI-DADE,Acute Care Hospitals,Proprietary,Yes,12086,68694,832,2685296,345749,392563,2037,1846781,For-profit
100030,ORLANDO HEALTH-HEALTH CENTRAL HOSPITAL,FL,848.0,4,0.9935,high (4-6 conditions),OCOEE,34761.0,ORANGE,Acute Care Hospitals,Government - State,Yes,12095,77011,1108,1440471,530144,277717,1216,478735,Government
100032,ORLANDO HEALTH BAYFRONT HOSPITAL,FL,404.0,3,1.0109,medium (2-3 conditions),SAINT PETERSBURG,33701.0,PINELLAS,Acute Care Hospitals,Voluntary non-profit - Private,Yes,12103,70293,911,960565,687960,91718,967,104765,Nonprofit
100034,"MOUNT SINAI MEDICAL CENTER OF FLORIDA, INC",FL,1097.0,4,0.9987,high (4-6 conditions),MIAMI BEACH,33140.0,MIAMI-DADE,Acute Care Hospitals,Voluntary non-profit - Private,Yes,12086,68694,832,2685296,345749,392563,2037,1846781,Nonprofit
100035,MANATEE MEMORIAL HOSPITAL,FL,1217.0,5,0.9938,high (4-6 conditions),BRADENTON,34208.0,MANATEE,Acute Care Hospitals,Proprietary,Yes,12081,75792,1748,416020,284736,32353,312,74279,For-profit
100038,MEMORIAL REGIONAL HOSPITAL,FL,1127.0,5,1.0482,high (4-6 conditions),HOLLYWOOD,33021.0,BROWARD,Acute Care Hospitals,Government - Hospital District or Authority,Yes,12011,74534,993,1946127,621174,536826,2183,621023,Government
100039,BROWARD HEALTH MEDICAL CENTER,FL,684.0,4,1.0271,high (4-6 conditions),FORT LAUDERDALE,33316.0,BROWARD,Acute Care Hospitals,Government - Hospital District or Authority,Yes,12011,74534,993,1946127,621174,536826,2183,621023,Government
100040,ASCENSION ST VINCENT'S RIVERSIDE,FL,1481.0,5,1.0055,high (4-6 conditions),JACKSONVILLE,32204.0,DUVAL,Acute Care Hospitals,Voluntary non-profit - Private,Yes,12031,68447,1307,1007189,496520,286983,1066,118365,Nonprofit
100043,MEASE DUNEDIN HOSPITAL,FL,401.0,3,1.013,medium (2-3 conditions),DUNEDIN,34698.0,PINELLAS,Acute Care Hospitals,Voluntary non-profit - Private,Yes,12103,70293,911,960565,687960,91718,967,104765,Nonprofit
100044,CLEVELAND CLINIC MARTIN NORTH HOSPITAL,FL,4171.0,5,1.0793,high (4-6 conditions),STUART,34994.0,MARTIN,Acute Care Hospitals,Voluntary non-profit - Private,Yes,12085,80701,2009,160464,121185,7876,118,24690,Nonprofit
100045,ADVENTHEALTH DELAND,FL,837.0,4,1.0211,high (4-6 conditions),DELAND,32720.0,VOLUSIA,Acute Care Hospitals,Voluntary non-profit - Church,Yes,12127,66581,1033,568229,390004,58769,714,89077,Nonprofit
100046,Adventhealth Zephyrhills,FL,933.0,4,0.9922,high (4-6 conditions),ZEPHYRHILLS,33541.0,PASCO,Acute Care Hospitals,Voluntary non-profit - Church,Yes,12101,67384,1352,588758,407831,34351,746,104251,Nonprofit
100049,HCA FLORIDA HIGHLANDS HOSPITAL,FL,459.0,3,1.0532,medium (2-3 conditions),SEBRING,33870.0,HIGHLANDS,Acute Care Hospitals,Proprietary,Yes,12055,55581,2153,103808,66658,9508,150,22310,For-profit
100050,LARKIN COMMUNITY HOSPITAL PALM SPRINGS CAMPUS,FL,233.0,2,0.9768,medium (2-3 conditions),HIALEAH,33012.0,MIAMI-DADE,Acute Care Hospitals,Voluntary non-profit - Private,Yes,12086,68694,832,2685296,345749,392563,2037,1846781,Nonprofit
100051,ORLANDO HEALTH SOUTH LAKE HOSPITAL,FL,1600.0,5,1.0561,high (4-6 conditions),CLERMONT,34711.0,LAKE,Acute Care Hospitals,Government - Hospital District or Authority,Yes,12069,69956,1970,398696,260319,39144,361,71545,Government
100052,WINTER HAVEN HOSPITAL,FL,1459.0,5,1.0705,high (4-6 conditions),WINTER HAVEN,33881.0,POLK,Acute Care Hospitals,Voluntary non-profit - Private,Yes,12105,63644,868,760961,400412,107927,928,211002,Nonprofit
100053,HIALEAH HOSPITAL,FL,229.0,2,1.0609,medium (2-3 conditions),HIALEAH,33013.0,MIAMI-DADE,Acute Care Hospitals,Proprietary,Yes,12086,68694,832,2685296,345749,392563,2037,1846781,For-profit
100054,HCA FLORIDA TWIN CITIES HOSPITAL,FL,361.0,3,1.1159,medium (2-3 conditions),NICEVILLE,32578.0,OKALOOSA,Acute Care Hospitals,Proprietary,Yes,12091,79097,2829,214281,150139,19688,364,23230,For-profit
100055,ADVENTHEALTH NORTH PINELLAS,FL,600.0,4,1.069,high (4-6 conditions),TARPON SPRINGS,34689.0,PINELLAS,Acute Care Hospitals,Voluntary non-profit - Other,Yes,12103,70293,911,960565,687960,91718,967,104765,Nonprofit
100057,ADVENTHEALTH WATERMAN,FL,2290.0,5,1.0076,high (4-6 conditions),TAVARES,32778.0,LAKE,Acute Care Hospitals,Voluntary non-profit - Church,No,12069,69956,1970,398696,260319,39144,361,71545,Nonprofit
100062,ADVENTHEALTH OCALA,FL,1948.0,5,1.0237,high (4-6 conditions),OCALA,34474.0,MARION,Acute Care Hospitals,Government - Hospital District or Authority,Yes,12083,58535,1504,387697,258819,47151,529,61736,Government
100063,MORTON PLANT NORTH BAY HOSPITAL,FL,817.0,4,1.0167,high (4-6 conditions),NEW PORT RICHEY,34652.0,PASCO,Acute Care Hospitals,Voluntary non-profit - Private,Yes,12101,67384,1352,588758,407831,34351,746,104251,Nonprofit
100067,ST ANTHONYS HOSPITAL,FL,1604.0,4,0.9974,high (4-6 conditions),SAINT PETERSBURG,33705.0,PINELLAS,Acute Care Hospitals,Voluntary non-profit - Church,Yes,12103,70293,911,960565,687960,91718,967,104765,Nonprofit
100068,ADVENTHEALTH DAYTONA BEACH,FL,2201.0,5,0.9475,high (4-6 conditions),DAYTONA BEACH,32117.0,VOLUSIA,Acute Care Hospitals,Voluntary non-profit - Church,Yes,12127,66581,1033,568229,390004,58769,714,89077,Nonprofit
100069,AdventHealth Carrollwood,FL,331.0,3,0.9982,medium (2-3 conditions),TAMPA,33614.0,HILLSBOROUGH,Acute Care Hospitals,Voluntary non-profit - Church,Yes,12057,75011,1202,1489634,682693,232451,1135,441871,Nonprofit
100071,TAMPA GENERAL HOSPITAL BROOKSVILLE,FL,719.0,4,1.0432,high (4-6 conditions),BROOKSVILLE,34601.0,HERNANDO,Acute Care Hospitals,Voluntary non-profit - Church,Yes,12053,63193,1815,201512,147951,9550,414,32348,Nonprofit
100072,ADVENTHEALTH FISH MEMORIAL,FL,1113.0,4,0.9881,high (4-6 conditions),ORANGE CITY,32763.0,VOLUSIA,Acute Care Hospitals,Voluntary non-profit - Church,Yes,12127,66581,1033,568229,390004,58769,714,89077,Nonprofit
100073,HOLY CROSS HOSPITAL,FL,1601.0,4,1.0066,high (4-6 conditions),FT LAUDERDALE,33308.0,BROWARD,Acute Care Hospitals,Voluntary non-profit - Church,Yes,12011,74534,993,1946127,621174,536826,2183,621023,Nonprofit
100075,ST JOSEPHS HOSPITAL,FL,3434.0,4,1.0285,high (4-6 conditions),TAMPA,33607.0,HILLSBOROUGH,Acute Care Hospitals,Voluntary non-profit - Church,Yes,12057,75011,1202,1489634,682693,232451,1135,441871,Nonprofit
100077,Adventhealth Port Charlotte,FL,1240.0,5,1.0968,high (4-6 conditions),PORT CHARLOTTE,33952.0,CHARLOTTE,Acute Care Hospitals,Proprietary,Yes,12015,66154,1973,195083,160819,9957,175,15278,For-profit
100080,HCA FLORIDA JFK HOSPITAL,FL,2273.0,6,1.0532,high (4-6 conditions),ATLANTIS,33462.0,PALM BEACH,Acute Care Hospitals,Proprietary,Yes,12099,81115,1028,1507453,766229,271548,920,358640,For-profit
100084,UF HEALTH LEESBURG HOSPITAL,FL,2196.0,5,0.9825,high (4-6 conditions),LEESBURG,34748.0,LAKE,Acute Care Hospitals,Voluntary non-profit - Private,Yes,12069,69956,1970,398696,260319,39144,361,71545,Nonprofit
100086,BROWARD HEALTH NORTH,FL,543.0,3,1.1297,medium (2-3 conditions),DEERFIELD BEACH,33064.0,BROWARD,Acute Care Hospitals,Government - Hospital District or Authority,Yes,12011,74534,993,1946127,621174,536826,2183,621023,Government
100087,SARASOTA MEMORIAL HOSPITAL,FL,6638.0,6,0.9597,high (4-6 conditions),SARASOTA,34239.0,SARASOTA,Acute Care Hospitals,Government - Hospital District or Authority,Yes,12115,80633,1666,449011,361961,17882,500,45922,Government
100088,BAPTIST HEALTH MEDICAL CENTER - JACKSONVILLE,FL,4570.0,6,0.9995,high (4-6 conditions),JACKSONVILLE,32207.0,DUVAL,Acute Care Hospitals,Voluntary non-profit - Private,Yes,12031,68447,1307,1007189,496520,286983,1066,118365,Nonprofit
100090,FLAGLER HOSPITAL,FL,1589.0,4,1.0175,high (4-6 conditions),SAINT AUGUSTINE,32086.0,ST. JOHNS,Acute Care Hospitals,Voluntary non-profit - Private,Yes,12109,106169,3981,292243,229577,14404,187,25354,Nonprofit
100093,BAPTIST HOSPITAL,FL,1892.0,6,0.9945,high (4-6 conditions),PENSACOLA,32503.0,ESCAMBIA,Acute Care Hospitals,Voluntary non-profit - Private,Yes,12033,65715,1773,323275,200929,67970,696,21413,Nonprofit
100099,ADVENTHEALTH LAKE WALES,FL,198.0,2,1.0871,medium (2-3 conditions),LAKE WALES,33853.0,POLK,Acute Care Hospitals,Proprietary,Yes,12105,63644,868,760961,400412,107927,928,211002,For-profit
100105,CLEVELAND CLINIC INDIAN RIVER HOSPITAL,FL,2328.0,4,0.9502,high (4-6 conditions),VERO BEACH,32960.0,INDIAN RIVER,Acute Care Hospitals,Voluntary non-profit - Private,Yes,12061,71049,2035,163856,119812,13104,332,22009,Nonprofit
100107,HCA FLORIDA LEHIGH REGIONAL MEDICAL CENTER,FL,112.0,2,1.0536,medium (2-3 conditions),LEHIGH ACRES,33936.0,LEE,Acute Care Hospitals,Proprietary,Yes,12071,73099,1143,792692,504628,60490,504,187055,For-profit
100109,ADVENTHEALTH SEBRING,FL,1825.0,4,0.9747,high (4-6 conditions),SEBRING,33872.0,HIGHLANDS,Acute Care Hospitals,Voluntary non-profit - Private,Yes,12055,55581,2153,103808,66658,9508,150,22310,Nonprofit
100110,HCA FLORIDA OSCEOLA HOSPITAL,FL,513.0,3,1.0877,medium (2-3 conditions),KISSIMMEE,34741.0,OSCEOLA,Acute Care Hospitals,Proprietary,Yes,12097,68711,1970,406943,115811,39259,172,223890,For-profit
100113,UF HEALTH SHANDS HOSPITAL,FL,2290.0,5,1.0324,high (4-6 conditions),GAINESVILLE,32610.0,ALACHUA,Acute Care Hospitals,Voluntary non-profit - Private,Yes,12001,59659,1398,281751,164301,53662,270,34392,Nonprofit
100117,BAPTIST MEDICAL CENTER  BEACHES,FL,957.0,3,0.9647,medium (2-3 conditions),JACKSONVILLE BEACH,32250.0,DUVAL,Acute Care Hospitals,Voluntary non-profit - Private,Yes,12031,68447,1307,1007189,496520,286983,1066,118365,Nonprofit
100118,AdventHealth Palm Coast,FL,1198.0,4,1.0113,high (4-6 conditions),PALM COAST,32164.0,FLAGLER,Acute Care Hospitals,Voluntary non-profit - Church,Yes,12035,72923,3495,121710,89205,11167,131,13595,Nonprofit
100121,BARTOW REGIONAL MEDICAL CENTER,FL,200.0,2,0.9994,medium (2-3 conditions),BARTOW,33830.0,POLK,Acute Care Hospitals,Proprietary,Yes,12105,63644,868,760961,400412,107927,928,211002,For-profit
100122,NORTH OKALOOSA MEDICAL CENTER,FL,826.0,4,0.9813,high (4-6 conditions),CRESTVIEW,32539.0,OKALOOSA,Acute Care Hospitals,Voluntary non-profit - Private,Yes,12091,79097,2829,214281,150139,19688,364,23230,Nonprofit
100124,SANTA ROSA MEDICAL CENTER,FL,470.0,3,1.0272,medium (2-3 conditions),MILTON,32570.0,SANTA ROSA,Acute Care Hospitals,Proprietary,Yes,12113,88968,2397,193719,153283,10581,320,12751,For-profit
100125,HOMESTEAD HOSPITAL,FL,231.0,2,0.9666,medium (2-3 conditions),HOMESTEAD,33033.0,MIAMI-DADE,Acute Care Hospitals,Voluntary non-profit - Private,Yes,12086,68694,832,2685296,345749,392563,2037,1846781,Nonprofit
100126,HCA FLORIDA PASADENA HOSPITAL A PART OF HCA FLORID,FL,374.0,3,0.966,medium (2-3 conditions),SAINT PETERSBURG,33707.0,PINELLAS,Acute Care Hospitals,Proprietary,Yes,12103,70293,911,960565,687960,91718,967,104765,For-profit
100127,MORTON PLANT HOSPITAL,FL,2355.0,5,1.0333,high (4-6 conditions),CLEARWATER,33756.0,PINELLAS,Acute Care Hospitals,Voluntary non-profit - Private,Yes,12103,70293,911,960565,687960,91718,967,104765,Nonprofit
100128,TAMPA GENERAL HOSPITAL,FL,1854.0,5,1.0528,high (4-6 conditions),TAMPA,33606.0,HILLSBOROUGH,Acute Care Hospitals,Voluntary non-profit - Private,Yes,12057,75011,1202,1489634,682693,232451,1135,441871,Nonprofit
100131,HCA FLORIDA AVENTURA HOSPITAL,FL,1089.0,4,1.0066,high (4-6 conditions),AVENTURA,33180.0,MIAMI-DADE,Acute Care Hospitals,Voluntary non-profit - Private,Yes,12086,68694,832,2685296,345749,392563,2037,1846781,Nonprofit
100132,SOUTH FLORIDA BAPTIST HOSPITAL,FL,293.0,2,0.9229,medium (2-3 conditions),PLANT CITY,33563.0,HILLSBOROUGH,Acute Care Hospitals,Voluntary non-profit - Private,Yes,12057,75011,1202,1489634,682693,232451,1135,441871,Nonprofit
100135,TALLAHASSEE MEMORIAL HEALTHCARE,FL,1642.0,5,0.9323,high (4-6 conditions),TALLAHASSEE,32308.0,LEON,Acute Care Hospitals,Voluntary non-profit - Private,Yes,12073,65074,1311,295335,159105,89723,153,23394,Nonprofit
100137,ADVENTHEALTH HEART OF FLORIDA,FL,379.0,3,1.1155,medium (2-3 conditions),DAVENPORT,33837.0,POLK,Acute Care Hospitals,Proprietary,Yes,12105,63644,868,760961,400412,107927,928,211002,For-profit
100140,BAPTIST MEDICAL CENTER - NASSAU,FL,529.0,3,0.9857,medium (2-3 conditions),FERNANDINA BEACH,32034.0,NASSAU,Acute Care Hospitals,Voluntary non-profit - Private,Yes,12089,88900,3972,94653,79754,5204,132,5052,Nonprofit
100142,JACKSON HOSPITAL,FL,374.0,3,1.0351,medium (2-3 conditions),MARIANNA,32446.0,JACKSON,Acute Care Hospitals,Government - Hospital District or Authority,Yes,12063,47327,2214,47652,30749,12060,81,2432,Government
100150,LOWER KEYS MEDICAL CENTER,FL,329.0,2,0.9809,medium (2-3 conditions),KEY WEST,33040.0,MONROE,Acute Care Hospitals,Proprietary,Yes,12087,82430,3751,81840,53020,5485,2,19611,For-profit
100151,MAYO CLINIC,FL,2310.0,4,0.9917,high (4-6 conditions),JACKSONVILLE,32224.0,DUVAL,Acute Care Hospitals,Voluntary non-profit - Private,Yes,12031,68447,1307,1007189,496520,286983,1066,118365,Nonprofit
100154,SOUTH MIAMI HOSPITAL,FL,959.0,4,1.0223,high (4-6 conditions),MIAMI,33143.0,MIAMI-DADE,Acute Care Hospitals,Voluntary non-profit - Private,Yes,12086,68694,832,2685296,345749,392563,2037,1846781,Nonprofit
100156,HCA FLORIDA LAKE CITY HOSPITAL,FL,1102.0,3,1.1031,medium (2-3 conditions),LAKE CITY,32055.0,COLUMBIA,Acute Care Hospitals,Proprietary,Yes,12023,55070,3248,70755,50036,11496,43,5258,For-profit
100157,LAKELAND REGIONAL MEDICAL CENTER,FL,2775.0,4,1.1017,high (4-6 conditions),LAKELAND,33805.0,POLK,Acute Care Hospitals,Voluntary non-profit - Private,Yes,12105,63644,868,760961,400412,107927,928,211002,Nonprofit
100161,CENTRAL FLORIDA LAKE MONROE HOSPITAL,FL,499.0,3,1.0289,medium (2-3 conditions),SANFORD,32771.0,SEMINOLE,Acute Care Hospitals,Proprietary,Yes,12117,83030,1873,474912,266320,52933,318,110154,For-profit
100166,HCA FLORIDA SARASOTA DOCTORS HOSPITAL,FL,1407.0,5,1.0301,high (4-6 conditions),SARASOTA,34233.0,SARASOTA,Acute Care Hospitals,Proprietary,Yes,12115,80633,1666,449011,361961,17882,500,45922,For-profit
100167,HCA FLORIDA MERCY HOSPITAL,FL,405.0,3,1.0122,medium (2-3 conditions),PLANTATION,33317.0,BROWARD,Acute Care Hospitals,Voluntary non-profit - Private,Yes,12011,74534,993,1946127,621174,536826,2183,621023,Nonprofit
100168,BOCA RATON REGIONAL HOSPITAL,FL,3053.0,5,0.9761,high (4-6 conditions),BOCA RATON,33486.0,PALM BEACH,Acute Care Hospitals,Voluntary non-profit - Private,Yes,12099,81115,1028,1507453,766229,271548,920,358640,Nonprofit
100173,ADVENTHEALTH TAMPA,FL,1412.0,5,0.9878,high (4-6 conditions),TAMPA,33613.0,HILLSBOROUGH,Acute Care Hospitals,Voluntary non-profit - Private,Yes,12057,75011,1202,1489634,682693,232451,1135,441871,Nonprofit
100175,DESOTO MEMORIAL HOSPITAL,FL,79.0,1,1.0076,low (1 condition),ARCADIA,34266.0,DE SOTO,Acute Care Hospitals,Voluntary non-profit - Private,Yes,12027,50868,3499,34719,19264,4392,45,10334,Nonprofit
100176,PALM BEACH GARDENS MEDICAL CENTER,FL,1368.0,4,1.0516,high (4-6 conditions),PALM BEACH GARDENS,33410.0,PALM BEACH,Acute Care Hospitals,Proprietary,Yes,12099,81115,1028,1507453,766229,271548,920,358640,For-profit
100177,CAPE CANAVERAL HOSPITAL,FL,644.0,3,0.9174,medium (2-3 conditions),COCOA BEACH,32931.0,BREVARD,Acute Care Hospitals,Voluntary non-profit - Private,Yes,12009,75817,932,620533,442208,57308,636,72613,Nonprofit
100179,HCA FLORIDA MEMORIAL HOSPITAL,FL,823.0,4,0.9793,high (4-6 conditions),JACKSONVILLE,32216.0,DUVAL,Acute Care Hospitals,Proprietary,Yes,12031,68447,1307,1007189,496520,286983,1066,118365,For-profit
100180,HCA FLORIDA ST PETERSBURG HOSPITAL,FL,226.0,2,1.0404,medium (2-3 conditions),SAINT PETERSBURG,33710.0,PINELLAS,Acute Care Hospitals,Proprietary,Yes,12103,70293,911,960565,687960,91718,967,104765,For-profit
100181,LARKIN COMMUNITY HOSPITAL,FL,108.0,2,1.0164,medium (2-3 conditions),SOUTH MIAMI,33143.0,MIAMI-DADE,Acute Care Hospitals,Proprietary,Yes,12086,68694,832,2685296,345749,392563,2037,1846781,For-profit
100183,CORAL GABLES HOSPITAL,FL,217.0,2,0.9899,medium (2-3 conditions),CORAL GABLES,33134.0,MIAMI-DADE,Acute Care Hospitals,Proprietary,Yes,12086,68694,832,2685296,345749,392563,2037,1846781,For-profit
100187,PALMETTO GENERAL HOSPITAL,FL,484.0,4,0.9697,high (4-6 conditions),HIALEAH,33016.0,MIAMI-DADE,Acute Care Hospitals,Proprietary,Yes,12086,68694,832,2685296,345749,392563,2037,1846781,For-profit
100189,HCA FLORIDA NORTHWEST HOSPITAL,FL,711.0,4,1.0495,high (4-6 conditions),MARGATE,33063.0,BROWARD,Acute Care Hospitals,Proprietary,Yes,12011,74534,993,1946127,621174,536826,2183,621023,For-profit
100191,HCA FLORIDA TRINITY HOSPITAL,FL,757.0,4,1.062,high (4-6 conditions),TRINITY,34655.0,PASCO,Acute Care Hospitals,Proprietary,Yes,12101,67384,1352,588758,407831,34351,746,104251,For-profit
100200,BROWARD HEALTH IMPERIAL POINT,FL,256.0,2,1.0322,medium (2-3 conditions),FORT LAUDERDALE,33308.0,BROWARD,Acute Care Hospitals,Government - Hospital District or Authority,No,12011,74534,993,1946127,621174,536826,2183,621023,Government
100204,HCA FLORIDA NORTH FLORIDA HOSPITAL,FL,3095.0,6,0.9981,high (4-6 conditions),GAINESVILLE,32605.0,ALACHUA,Acute Care Hospitals,Proprietary,Yes,12001,59659,1398,281751,164301,53662,270,34392,For-profit
100206,HCA FLORIDA SOUTH TAMPA HOSPITAL,FL,303.0,3,1.0571,medium (2-3 conditions),TAMPA,33609.0,HILLSBOROUGH,Acute Care Hospitals,Proprietary,Yes,12057,75011,1202,1489634,682693,232451,1135,441871,For-profit
100209,HCA FLORIDA KENDALL HOSPITAL,FL,541.0,3,1.0045,medium (2-3 conditions),MIAMI,33175.0,MIAMI-DADE,Acute Care Hospitals,Proprietary,Yes,12086,68694,832,2685296,345749,392563,2037,1846781,For-profit
100211,ADVENTHEALTH DADE CITY,FL,192.0,2,1.0489,medium (2-3 conditions),DADE CITY,33525.0,PASCO,Acute Care Hospitals,Proprietary,No,12101,67384,1352,588758,407831,34351,746,104251,For-profit
100212,MARION COMMUNTIY HOSPITAL,FL,3848.0,6,1.1007,high (4-6 conditions),OCALA,34471.0,MARION,Acute Care Hospitals,Proprietary,Yes,12083,58535,1504,387697,258819,47151,529,61736,For-profit
100213,HCA FLORIDA BLAKE HOSPITAL,FL,984.0,5,1.0615,high (4-6 conditions),BRADENTON,34209.0,MANATEE,Acute Care Hospitals,Proprietary,Yes,12081,75792,1748,416020,284736,32353,312,74279,For-profit
100217,ORLANDO HEALTH SEBASTIAN RIVER HOSPITAL,FL,531.0,3,0.9672,medium (2-3 conditions),SEBASTIAN,32958.0,INDIAN RIVER,Acute Care Hospitals,Voluntary non-profit - Private,Yes,12061,71049,2035,163856,119812,13104,332,22009,Nonprofit
100220,GULF COAST MEDICAL CENTER LEE HEALTH,FL,2780.0,4,0.9705,high (4-6 conditions),FORT MYERS,33912.0,LEE,Acute Care Hospitals,Government - Hospital District or Authority,Yes,12071,73099,1143,792692,504628,60490,504,187055,Government
100223,HCA FLORIDA FORT WALTON-DESTIN HOSPITAL,FL,1612.0,5,1.1109,high (4-6 conditions),FORT WALTON BEACH,32547.0,OKALOOSA,Acute Care Hospitals,Proprietary,Yes,12091,79097,2829,214281,150139,19688,364,23230,For-profit
100224,UNIVERSITY HOSPITAL AND MEDICAL CENTER,FL,357.0,2,1.1185,medium (2-3 conditions),TAMARAC,33321.0,BROWARD,Acute Care Hospitals,Proprietary,Yes,12011,74534,993,1946127,621174,536826,2183,621023,For-profit
100226,HCA FLORIDA ORANGE PARK HOSPITAL,FL,1216.0,4,0.952,high (4-6 conditions),ORANGE PARK,32073.0,CLAY,Acute Care Hospitals,Voluntary non-profit - Other,Yes,12019,86094,2544,223436,154359,24902,117,24684,Nonprofit
100228,WESTSIDE REGIONAL MEDICAL CENTER,FL,742.0,4,1.0036,high (4-6 conditions),PLANTATION,33324.0,BROWARD,Acute Care Hospitals,Proprietary,No,12011,74534,993,1946127,621174,536826,2183,621023,For-profit
100230,MEMORIAL HOSPITAL PEMBROKE,FL,254.0,3,1.008,medium (2-3 conditions),PEMBROKE PINES,33024.0,BROWARD,Acute Care Hospitals,Government - Hospital District or Authority,Yes,12011,74534,993,1946127,621174,536826,2183,621023,Government
100231,HCA FLORIDA WEST HOSPITAL,FL,1556.0,4,1.0573,high (4-6 conditions),PENSACOLA,32514.0,ESCAMBIA,Acute Care Hospitals,Proprietary,Yes,12033,65715,1773,323275,200929,67970,696,21413,For-profit
100232,HCA FLORIDA PUTNAM HOSPITAL,FL,795.0,4,1.025,high (4-6 conditions),PALATKA,32177.0,PUTNAM,Acute Care Hospitals,Proprietary,Yes,12107,47256,1961,74235,51942,11234,206,8092,For-profit
100236,HCA FLORIDA FAWCETT HOSPITAL,FL,1493.0,5,1.0884,high (4-6 conditions),PORT CHARLOTTE,33952.0,CHARLOTTE,Acute Care Hospitals,Proprietary,Yes,12015,66154,1973,195083,160819,9957,175,15278,For-profit
100238,HCA FLORIDA NORTHSIDE HOSPITAL,FL,713.0,4,1.1263,high (4-6 conditions),SAINT PETERSBURG,33709.0,PINELLAS,Acute Care Hospitals,Proprietary,Yes,12103,70293,911,960565,687960,91718,967,104765,For-profit
100242,HCA FLORIDA GULF COAST HOSPITAL,FL,1286.0,4,0.9946,high (4-6 conditions),PANAMA CITY,32405.0,BAY,Acute Care Hospitals,Proprietary,Yes,12005,70188,1921,181368,133662,17855,412,15221,For-profit
100243,HCA FLORIDA BRANDON HOSPITAL,FL,1084.0,5,1.06,high (4-6 conditions),BRANDON,33511.0,HILLSBOROUGH,Acute Care Hospitals,Proprietary,Yes,12057,75011,1202,1489634,682693,232451,1135,441871,For-profit
100244,CAPE CORAL HOSPITAL,FL,1714.0,3,0.9819,medium (2-3 conditions),CAPE CORAL,33990.0,LEE,Acute Care Hospitals,Government - Hospital District or Authority,Yes,12071,73099,1143,792692,504628,60490,504,187055,Government
100246,HCA FLORIDA LAWNWOOD HOSPITAL,FL,1307.0,5,1.1029,high (4-6 conditions),FORT PIERCE,34950.0,ST. LUCIE,Acute Care Hospitals,Proprietary,Yes,12111,69027,2187,346237,182174,69661,423,72914,For-profit
100248,HCA FLORIDA LARGO HOSPITAL,FL,977.0,4,1.0695,high (4-6 conditions),LARGO,33770.0,PINELLAS,Acute Care Hospitals,Proprietary,Yes,12103,70293,911,960565,687960,91718,967,104765,For-profit
100249,TAMPA GENERAL HOSPITAL CRYSTAL RIVER,FL,898.0,4,1.033,high (4-6 conditions),CRYSTAL RIVER,34428.0,CITRUS,Acute Care Hospitals,Voluntary non-profit - Private,No,12017,55355,2103,158693,136069,3369,359,10329,Nonprofit
100252,HCA FLORIDA RAULERSON HOSPITAL,FL,447.0,3,1.0621,medium (2-3 conditions),OKEECHOBEE,34972.0,OKEECHOBEE,Acute Care Hospitals,Proprietary,No,12093,52288,3531,40249,25254,3100,61,10281,For-profit
100253,JUPITER MEDICAL CENTER,FL,2425.0,6,1.0766,high (4-6 conditions),JUPITER,33458.0,PALM BEACH,Acute Care Hospitals,Voluntary non-profit - Private,Yes,12099,81115,1028,1507453,766229,271548,920,358640,Nonprofit
100254,HCA FLORIDA CAPITAL HOSPITAL,FL,679.0,3,1.0751,medium (2-3 conditions),TALLAHASSEE,32308.0,LEON,Acute Care Hospitals,Proprietary,Yes,12073,65074,1311,295335,159105,89723,153,23394,For-profit
100256,HCA FLORIDA BAYONET POINT HOSPITAL,FL,1088.0,5,1.0962,high (4-6 conditions),HUDSON,34667.0,PASCO,Acute Care Hospitals,Proprietary,Yes,12101,67384,1352,588758,407831,34351,746,104251,For-profit
100258,DELRAY MEDICAL CENTER,FL,2557.0,5,1.0052,high (4-6 conditions),DELRAY BEACH,33484.0,PALM BEACH,Acute Care Hospitals,Proprietary,Yes,12099,81115,1028,1507453,766229,271548,920,358640,For-profit
100259,HCA FLORIDA SOUTH SHORE HOSPITAL,FL,837.0,4,1.0694,high (4-6 conditions),SUN CITY CENTER,33573.0,HILLSBOROUGH,Acute Care Hospitals,Proprietary,Yes,12057,75011,1202,1489634,682693,232451,1135,441871,For-profit
100260,ST LUCIE MEDICAL CENTER,FL,1990.0,5,1.2411,high (4-6 conditions),PORT SAINT LUCIE,34952.0,ST. LUCIE,Acute Care Hospitals,Proprietary,Yes,12111,69027,2187,346237,182174,69661,423,72914,For-profit
100264,HCA FLORIDA OAK HILL HOSPITAL,FL,1876.0,5,1.0574,high (4-6 conditions),BROOKSVILLE,34613.0,HERNANDO,Acute Care Hospitals,Proprietary,Yes,12053,63193,1815,201512,147951,9550,414,32348,For-profit
100265,MEASE COUNTRYSIDE HOSPITAL,FL,1860.0,4,0.9765,high (4-6 conditions),SAFETY HARBOR,34695.0,PINELLAS,Acute Care Hospitals,Voluntary non-profit - Private,Yes,12103,70293,911,960565,687960,91718,967,104765,Nonprofit
100266,GULF BREEZE HOSPITAL,FL,532.0,3,1.0116,medium (2-3 conditions),GULF BREEZE,32561.0,SANTA ROSA,Acute Care Hospitals,Voluntary non-profit - Other,Yes,12113,88968,2397,193719,153283,10581,320,12751,Nonprofit
100267,HCA FLORIDA ENGLEWOOD HOSPITAL,FL,637.0,3,1.0619,medium (2-3 conditions),ENGLEWOOD,34223.0,SARASOTA,Acute Care Hospitals,Proprietary,Yes,12115,80633,1666,449011,361961,17882,500,45922,For-profit
100268,WEST BOCA MEDICAL CENTER,FL,485.0,2,1.0318,medium (2-3 conditions),BOCA RATON,33428.0,PALM BEACH,Acute Care Hospitals,Proprietary,Yes,12099,81115,1028,1507453,766229,271548,920,358640,For-profit
100269,HCA FLORIDA PALMS WEST HOSPITAL,FL,464.0,3,1.0859,medium (2-3 conditions),LOXAHATCHEE,33470.0,PALM BEACH,Acute Care Hospitals,Proprietary,Yes,12099,81115,1028,1507453,766229,271548,920,358640,For-profit
100275,WELLINGTON REGIONAL MEDICAL CENTER,FL,812.0,4,1.0604,high (4-6 conditions),WELLINGTON,33414.0,PALM BEACH,Acute Care Hospitals,Proprietary,Yes,12099,81115,1028,1507453,766229,271548,920,358640,For-profit
100276,BROWARD HEALTH CORAL SPRINGS,FL,636.0,4,1.0757,high (4-6 conditions),CORAL SPRINGS,33065.0,BROWARD,Acute Care Hospitals,Government - Hospital District or Authority,Yes,12011,74534,993,1946127,621174,536826,2183,621023,Government
100281,MEMORIAL HOSPITAL WEST,FL,1018.0,4,1.0814,high (4-6 conditions),PEMBROKE PINES,33028.0,BROWARD,Acute Care Hospitals,Government - Hospital District or Authority,Yes,12011,74534,993,1946127,621174,536826,2183,621023,Government
100284,KERALTY HOSPITAL,FL,197.0,2,1.0856,medium (2-3 conditions),MIAMI,33155.0,MIAMI-DADE,Acute Care Hospitals,Proprietary,Yes,12086,68694,832,2685296,345749,392563,2037,1846781,For-profit
100285,MEMORIAL HOSPITAL MIRAMAR,FL,231.0,2,0.998,medium (2-3 conditions),MIRAMAR,33029.0,BROWARD,Acute Care Hospitals,Government - Hospital District or Authority,Yes,12011,74534,993,1946127,621174,536826,2183,621023,Government
100286,PHYSICIANS REGIONAL MEDICAL CENTER - PINE RIDGE,FL,2476.0,5,1.0297,high (4-6 conditions),NAPLES,34119.0,COLLIER,Acute Care Hospitals,Proprietary,Yes,12021,86173,2482,387681,241784,24974,277,106446,For-profit
100287,GOOD SAMARITAN MEDICAL CENTER,FL,860.0,5,1.119,high (4-6 conditions),WEST PALM BEACH,33401.0,PALM BEACH,Acute Care Hospitals,Proprietary,Yes,12099,81115,1028,1507453,766229,271548,920,358640,For-profit
100288,ST MARY'S MEDICAL CENTER,FL,95.0,1,0.9841,low (1 condition),WEST PALM BEACH,33407.0,PALM BEACH,Acute Care Hospitals,Proprietary,Yes,12099,81115,1028,1507453,766229,271548,920,358640,For-profit
100289,CLEVELAND CLINIC HOSPITAL,FL,990.0,4,0.9735,high (4-6 conditions),WESTON,33331.0,BROWARD,Acute Care Hospitals,Voluntary non-profit - Private,Yes,12011,74534,993,1946127,621174,536826,2183,621023,Nonprofit
100290,"VILLAGES REGIONAL HOSPITAL, THE",FL,2371.0,4,1.0016,high (4-6 conditions),THE VILLAGES,32159.0,LAKE,Acute Care Hospitals,Voluntary non-profit - Private,Yes,12069,69956,1970,398696,260319,39144,361,71545,Nonprofit
100291,ORLANDO HEALTH MELBOURNE HOSPITAL,FL,431.0,3,1.0118,medium (2-3 conditions),MELBOURNE,32935.0,BREVARD,Acute Care Hospitals,Voluntary non-profit - Private,Yes,12009,75817,932,620533,442208,57308,636,72613,Nonprofit
100292,SACRED HEART HOSPITAL ON THE EMERALD COAST,FL,413.0,2,1.0164,medium (2-3 conditions),MIRAMAR BEACH,32550.0,WALTON,Acute Care Hospitals,Voluntary non-profit - Other,Yes,12131,79281,4712,79846,65095,3036,248,6563,Nonprofit
100296,DOCTORS HOSPITAL,FL,334.0,2,1.0319,medium (2-3 conditions),CORAL GABLES,33146.0,MIAMI-DADE,Acute Care Hospitals,Voluntary non-profit - Other,Yes,12086,68694,832,2685296,345749,392563,2037,1846781,Nonprofit
100299,LAKEWOOD RANCH MEDICAL CENTER,FL,895.0,4,0.9515,high (4-6 conditions),BRADENTON,34202.0,MANATEE,Acute Care Hospitals,Proprietary,Yes,12081,75792,1748,416020,284736,32353,312,74279,For-profit
100302,ORLANDO HEALTH ST CLOUD HOSPITAL,FL,390.0,3,1.0433,medium (2-3 conditions),SAINT CLOUD,34769.0,OSCEOLA,Acute Care Hospitals,Proprietary,Yes,12097,68711,1970,406943,115811,39259,172,223890,For-profit
100307,ASCENSION ST VINCENT'S SOUTHSIDE,FL,498.0,3,1.0418,medium (2-3 conditions),JACKSONVILLE,32216.0,DUVAL,Acute Care Hospitals,Voluntary non-profit - Private,Yes,12031,68447,1307,1007189,496520,286983,1066,118365,Nonprofit
100314,WEST KENDALL BAPTIST HOSPITAL,FL,447.0,2,0.9768,medium (2-3 conditions),MIAMI,33196.0,MIAMI-DADE,Acute Care Hospitals,Voluntary non-profit - Private,Yes,12086,68694,832,2685296,345749,392563,2037,1846781,Nonprofit
100315,VIERA HOSPITAL,FL,574.0,2,0.8636,medium (2-3 conditions),MELBOURNE,32940.0,BREVARD,Acute Care Hospitals,Voluntary non-profit - Private,Yes,12009,75817,932,620533,442208,57308,636,72613,Nonprofit
100316,PALM BAY HOSPITAL,FL,668.0,3,0.9266,medium (2-3 conditions),PALM BAY,32907.0,BREVARD,Acute Care Hospitals,Proprietary,Yes,12009,75817,932,620533,442208,57308,636,72613,For-profit
100319,ADVENTHEALTH WESLEY CHAPEL,FL,1048.0,4,0.994,high (4-6 conditions),WESLEY CHAPEL,33544.0,PASCO,Acute Care Hospitals,Voluntary non-profit - Private,Yes,12101,67384,1352,588758,407831,34351,746,104251,Nonprofit
100320,HCA FLORIDA POINCIANA HOSPITAL,FL,226.0,2,1.1064,medium (2-3 conditions),KISSIMMEE,34758.0,OSCEOLA,Acute Care Hospitals,Proprietary,Yes,12097,68711,1970,406943,115811,39259,172,223890,For-profit
100321,ASCENSION ST VINCENT'S CLAY COUNTY,FL,922.0,4,1.0428,high (4-6 conditions),MIDDLEBURG,32068.0,CLAY,Acute Care Hospitals,Voluntary non-profit - Private,Yes,12019,86094,2544,223436,154359,24902,117,24684,Nonprofit
100329,OVIEDO MEDICAL CENTER,FL,268.0,3,1.0328,medium (2-3 conditions),OVIEDO,32765.0,SEMINOLE,Acute Care Hospitals,Proprietary,Yes,12117,83030,1873,474912,266320,52933,318,110154,For-profit
100350,UCF LAKE NONA HOSPITAL,FL,117.0,2,1.026,medium (2-3 conditions),ORLANDO,32827.0,ORANGE,Acute Care Hospitals,Proprietary,Yes,12095,77011,1108,1440471,530144,277717,1216,478735,For-profit
100359,SARASOTA MEMORIAL HOSPITAL - VENICE,FL,1673.0,4,0.9432,high (4-6 conditions),NORTH VENICE,34275.0,SARASOTA,Acute Care Hospitals,Government - Hospital District or Authority,Yes,12115,80633,1666,449011,361961,17882,500,45922,Government
100361,ASCENSION ST VINCENT'S ST JOHNS COUNTY,FL,68.0,1,1.0179,low (1 condition),ST. JOHNS,32259.0,ST. JOHNS,Acute Care Hospitals,Voluntary non-profit - Private,Yes,12109,106169,3981,292243,229577,14404,187,25354,Nonprofit
100363,ADVENTHEALTH PALM COAST PARKWAY,FL,165.0,2,0.9951,medium (2-3 conditions),PALM COAST,32137.0,FLAGLER,Acute Care Hospitals,Voluntary non-profit - Private,Yes,12035,72923,3495,121710,89205,11167,131,13595,Nonprofit
110001,HAMILTON MEDICAL CENTER,GA,1087.0,4,1.0014,high (4-6 conditions),DALTON,30720.0,WHITFIELD,Acute Care Hospitals,Voluntary non-profit - Private,No,13313,64262,3995,103118,58273,3365,46,37703,Nonprofit
110002,UPSON REGIONAL MEDICAL CENTER,GA,187.0,2,1.0641,medium (2-3 conditions),THOMASTON,30286.0,UPSON,Acute Care Hospitals,Voluntary non-profit - Other,Yes,13293,50904,6611,27856,18482,7382,73,702,Nonprofit
110003,Memorial Satilla Health,GA,591.0,4,1.0267,high (4-6 conditions),WAYCROSS,31501.0,WARE,Acute Care Hospitals,Voluntary non-profit - Private,Yes,13299,44833,3756,35958,22174,10679,74,1711,Nonprofit
110005,NORTHSIDE HOSPITAL FORSYTH,GA,1425.0,3,0.9533,medium (2-3 conditions),CUMMING,30041.0,FORSYTH,Acute Care Hospitals,Voluntary non-profit - Private,Yes,13117,138000,2698,260062,165972,10440,159,26070,Nonprofit
110006,ST MARY'S HOSPITAL,GA,701.0,5,1.1016,high (4-6 conditions),ATHENS,30606.0,CLARKE,Acute Care Hospitals,Voluntary non-profit - Private,Yes,13059,52267,1999,129267,70365,33824,195,14751,Nonprofit
110007,PHOEBE PUTNEY MEMORIAL HOSPITAL,GA,1063.0,4,1.0135,high (4-6 conditions),ALBANY,31703.0,DOUGHERTY,Acute Care Hospitals,Government - Hospital District or Authority,Yes,13095,46784,1783,83915,19583,58868,51,2561,Government
110008,NORTHSIDE HOSPITAL CHEROKEE,GA,1489.0,4,0.9849,high (4-6 conditions),CANTON,30115.0,CHEROKEE,Acute Care Hospitals,Voluntary non-profit - Other,Yes,13057,105442,1697,274539,204916,19244,114,33341,Nonprofit
110010,EMORY UNIVERSITY HOSPITAL,GA,972.0,3,1.0092,medium (2-3 conditions),ATLANTA,30322.0,DE KALB,Acute Care Hospitals,Voluntary non-profit - Private,Yes,13089,77683,1640,762105,214181,389138,864,79372,Nonprofit
110011,TANNER MEDICAL CENTER - CARROLLTON,GA,933.0,4,1.0541,high (4-6 conditions),CARROLLTON,30117.0,CARROLL,Acute Care Hospitals,Government - Hospital District or Authority,No,13045,72327,3341,122187,82284,24762,130,10112,Government
110015,TANNER MEDICAL CENTER VILLA RICA,GA,326.0,3,1.1063,medium (2-3 conditions),VILLA RICA,30180.0,CARROLL,Acute Care Hospitals,Government - Hospital District or Authority,Yes,13045,72327,3341,122187,82284,24762,130,10112,Government
110016,WELLSTAR WEST GEORGIA MEDICAL CENTER,GA,656.0,4,1.0021,high (4-6 conditions),LAGRANGE,30240.0,TROUP,Acute Care Hospitals,Voluntary non-profit - Private,Yes,13285,54905,2898,69821,37852,25454,75,3077,Nonprofit
110018,PIEDMONT NEWTON HOSPITAL,GA,338.0,2,1.0182,medium (2-3 conditions),COVINGTON,30014.0,NEWTON,Acute Care Hospitals,Voluntary non-profit - Private,Yes,13217,73732,2507,115530,46630,54367,89,7813,Nonprofit
110023,ADVENTHEALTH GORDON,GA,388.0,2,0.9459,medium (2-3 conditions),CALHOUN,30701.0,GORDON,Acute Care Hospitals,Voluntary non-profit - Church,No,13129,61997,3790,58336,44513,1985,45,9371,Nonprofit
110024,CANDLER HOSPITAL,GA,504.0,3,0.9784,medium (2-3 conditions),SAVANNAH,31405.0,CHATHAM,Acute Care Hospitals,Voluntary non-profit - Private,Yes,13051,69575,2045,298143,136229,115594,168,23945,Nonprofit
110025,SOUTHEAST GEORGIA HEALTH SYSTEM- BRUNSWICK CAMPUS,GA,1328.0,4,1.0516,high (4-6 conditions),BRUNSWICK,31520.0,GLYNN,Acute Care Hospitals,Government - Hospital District or Authority,No,13127,68546,3490,84987,52808,20787,132,6400,Government
110027,"TY COBB REGIONAL MEDICAL CENTER, LLC",GA,205.0,2,0.9974,medium (2-3 conditions),LAVONIA,30553.0,FRANKLIN,Acute Care Hospitals,Voluntary non-profit - Private,Yes,13119,52264,5228,23840,19432,1996,28,1244,Nonprofit
110028,PIEDMONT AUGUSTA HOSPITAL,GA,2072.0,5,0.9943,high (4-6 conditions),AUGUSTA,30901.0,RICHMOND,Acute Care Hospitals,Government - Hospital District or Authority,Yes,13245,53197,2385,206040,65767,113995,141,11627,Government
110029,"NORTHEAST GEORGIA MEDICAL CENTER, INC",GA,4045.0,5,0.9617,high (4-6 conditions),GAINESVILLE,30501.0,HALL,Acute Care Hospitals,Government - Local,Yes,13139,77430,2838,208395,122828,13834,98,59586,Government
110030,PIEDMONT CARTERSVILLE MEDICAL CENTER,GA,724.0,4,1.0095,high (4-6 conditions),CARTERSVILLE,30120.0,BARTOW,Acute Care Hospitals,Voluntary non-profit - Private,Yes,13015,79431,3631,111153,82365,11776,29,11401,Nonprofit
110031,WELLSTAR SPALDING MEDICAL CENTER,GA,520.0,3,1.0062,medium (2-3 conditions),GRIFFIN,30223.0,SPALDING,Acute Care Hospitals,Voluntary non-profit - Private,Yes,13255,60217,4634,68215,37278,24113,63,3943,Nonprofit
110032,STEPHENS COUNTY HOSPITAL,GA,76.0,1,1.0198,low (1 condition),TOCCOA,30577.0,STEPHENS,Acute Care Hospitals,Government - Hospital District or Authority,Yes,13257,52264,6008,26842,21737,2857,5,987,Government
110034,"WELLSTAR MCG HEALTH, AFFILIATED WITH MED COL",GA,568.0,4,1.0427,high (4-6 conditions),AUGUSTA,30912.0,RICHMOND,Acute Care Hospitals,Voluntary non-profit - Private,Yes,13245,53197,2385,206040,65767,113995,141,11627,Nonprofit
110035,WELLSTAR KENNESTONE REGIONAL MEDICAL CENTER,GA,3087.0,5,0.9663,high (4-6 conditions),MARIETTA,30060.0,COBB,Acute Care Hospitals,Government - Hospital District or Authority,Yes,13067,98712,2149,769152,367833,203535,449,112882,Government
110036,SAVANNAH HEALTH SERVICES LLC DBA MEMORIAL HEALTH UNIVERSITY MEDICAL CENTER,GA,1357.0,5,1.0713,high (4-6 conditions),SAVANNAH,31404.0,CHATHAM,Acute Care Hospitals,Voluntary non-profit - Other,Yes,13051,69575,2045,298143,136229,115594,168,23945,Nonprofit
110038,ARCHBOLD MEMORIAL HOSPITAL,GA,672.0,4,0.9477,high (4-6 conditions),THOMASVILLE,31792.0,THOMAS,Acute Care Hospitals,Voluntary non-profit - Private,Yes,13275,60140,3368,45696,26125,16312,110,1730,Nonprofit
110041,NORTHEAST GEORGIA MEDICAL CENTER HABERSHAM,GA,105.0,1,1.0175,low (1 condition),DEMOREST,30535.0,HABERSHAM,Acute Care Hospitals,Government - Hospital District or Authority,Yes,13137,65622,3596,46948,35692,1597,50,7315,Government
110042,WELLSTAR PAULDING MEDICAL CENTER,GA,1322.0,4,1.0541,high (4-6 conditions),HIRAM,30141.0,PAULDING,Acute Care Hospitals,Voluntary non-profit - Other,No,13223,94557,4154,174292,110767,37822,91,14256,Nonprofit
110043,ST JOSEPH'S HOSPITAL - SAVANNAH,GA,920.0,4,1.0085,high (4-6 conditions),SAVANNAH,31419.0,CHATHAM,Acute Care Hospitals,Voluntary non-profit - Private,Yes,13051,69575,2045,298143,136229,115594,168,23945,Nonprofit
110044,PHOEBE SUMTER MEDICAL CENTER,GA,221.0,3,1.0451,medium (2-3 conditions),AMERICUS,31719.0,SUMTER,Acute Care Hospitals,Government - Hospital District or Authority,Yes,13261,41877,1831,29174,11271,14531,51,1799,Government
110046,PIEDMONT WALTON HOSPITAL,GA,366.0,2,0.9994,medium (2-3 conditions),MONROE,30655.0,WALTON,Acute Care Hospitals,Proprietary,Yes,13297,82381,3471,100361,69999,19709,50,6110,For-profit
110050,ADVENTHEALTH MURRAY,GA,95.0,1,0.9635,low (1 condition),CHATSWORTH,30705.0,MURRAY,Acute Care Hospitals,Voluntary non-profit - Private,No,13213,67880,3447,40282,32351,193,14,6287,Nonprofit
110051,UNION GENERAL HOSPITAL,GA,518.0,3,1.0022,medium (2-3 conditions),BLAIRSVILLE,30512.0,UNION,Acute Care Hospitals,Government - Local,No,13291,65697,6045,25598,23754,186,15,920,Government
110054,ATRIUM HEALTH FLOYD MEDICAL CENTER,GA,1141.0,4,1.0446,high (4-6 conditions),ROME,30162.0,FLOYD,Acute Care Hospitals,Government - Hospital District or Authority,No,13115,62540,3154,98985,68671,13381,39,11878,Government
110064,PIEDMONT COLUMBUS REGIONAL MIDTOWN,GA,571.0,3,1.0257,medium (2-3 conditions),COLUMBUS,31901.0,MUSCOGEE,Acute Care Hospitals,Voluntary non-profit - Other,Yes,13215,56622,1512,204383,76497,93760,140,16884,Nonprofit
110069,EMORY HOUSTON HOSPITAL WARNER ROBINS,GA,1369.0,4,1.0294,high (4-6 conditions),WARNER ROBINS,31093.0,HOUSTON,Acute Care Hospitals,Voluntary non-profit - Private,Yes,13153,80743,3640,166902,87786,52252,147,12228,Nonprofit
110074,PIEDMONT ATHENS REGIONAL MEDICAL CENTER,GA,2200.0,5,1.0169,high (4-6 conditions),ATHENS,30606.0,CLARKE,Acute Care Hospitals,Voluntary non-profit - Other,No,13059,52267,1999,129267,70365,33824,195,14751,Nonprofit
110075,EAST GEORGIA REGIONAL MEDICAL CENTER,GA,645.0,4,1.0087,high (4-6 conditions),STATESBORO,30458.0,BULLOCH,Acute Care Hospitals,Proprietary,Yes,13031,56832,2700,81372,50269,22920,105,4105,For-profit
110076,EMORY DECATUR HOSPITAL,GA,556.0,4,1.0184,high (4-6 conditions),DECATUR,30033.0,DE KALB,Acute Care Hospitals,Voluntary non-profit - Private,No,13089,77683,1640,762105,214181,389138,864,79372,Nonprofit
110078,EMORY UNIVERSITY HOSPITAL MIDTOWN,GA,581.0,3,1.0578,medium (2-3 conditions),ATLANTA,30308.0,FULTON,Acute Care Hospitals,Voluntary non-profit - Private,Yes,13121,91490,1266,1068507,399326,455582,1097,86110,Nonprofit
110079,GRADY MEMORIAL HOSPITAL,GA,313.0,2,1.0675,medium (2-3 conditions),ATLANTA,30303.0,FULTON,Acute Care Hospitals,Voluntary non-profit - Private,Yes,13121,91490,1266,1068507,399326,455582,1097,86110,Nonprofit
110082,"SAINT JOSEPH'S HOSPITAL OF ATLANTA, INC",GA,1610.0,5,1.0536,high (4-6 conditions),ATLANTA,30342.0,FULTON,Acute Care Hospitals,Voluntary non-profit - Private,Yes,13121,91490,1266,1068507,399326,455582,1097,86110,Nonprofit
110083,"PIEDMONT HOSPITAL, INC",GA,1932.0,5,1.015,high (4-6 conditions),ATLANTA,30309.0,FULTON,Acute Care Hospitals,Government - Federal,No,13121,91490,1266,1068507,399326,455582,1097,86110,Government
110087,NORTHSIDE HOSPITAL GWINNETT,GA,1757.0,5,1.0057,high (4-6 conditions),LAWRENCEVILLE,30045.0,GWINNETT,Acute Care Hospitals,Government - Hospital District or Authority,Yes,13135,84823,1363,966972,309200,268853,1236,224818,Government
110089,"COFFEE REGIONAL MEDICAL CENTER, INC",GA,362.0,3,0.9928,medium (2-3 conditions),DOUGLAS,31642.0,ATKINSON,Acute Care Hospitals,Government - Hospital District or Authority,Yes,13003,38438,6329,8261,4527,1255,0,2177,Government
110091,PIEDMONT ROCKDALE HOSPITAL,GA,469.0,2,1.027,medium (2-3 conditions),CONYERS,30012.0,ROCKDALE,Acute Care Hospitals,Proprietary,No,13247,72349,3269,94293,23941,53816,80,9994,For-profit
110095,TIFT REGIONAL MEDICAL CENTER,GA,542.0,3,1.0348,medium (2-3 conditions),TIFTON,31794.0,TIFT,Acute Care Hospitals,Government - Hospital District or Authority,No,13277,53165,5994,41322,22101,11913,51,5334,Government
110104,CRISP REGIONAL HOSPITAL,GA,116.0,1,1.1089,low (1 condition),CORDELE,31015.0,CRISP,Acute Care Hospitals,Proprietary,Yes,13081,42745,3658,19995,9688,8999,5,690,For-profit
110105,COLQUITT REGIONAL MEDICAL CENTER,GA,424.0,3,1.1105,medium (2-3 conditions),MOULTRIE,31768.0,COLQUITT,Acute Care Hospitals,Government - Hospital District or Authority,No,13071,49691,4713,45907,24938,10450,29,9066,Government
110107,ATRIUM HEALTH NAVICENT THE MEDICAL CENTER,GA,1476.0,5,0.97,high (4-6 conditions),MACON,31201.0,BIBB,Acute Care Hospitals,Government - Hospital District or Authority,Yes,13021,50747,2293,156543,54627,85004,72,6967,Government
110109,EMANUEL MEDICAL CENTER,GA,61.0,1,0.9893,low (1 condition),SWAINSBORO,30401.0,EMANUEL,Acute Care Hospitals,Government - Hospital District or Authority,Yes,13107,50053,4431,22961,13366,7392,51,1067,Government
110111,UNIVERSITY MCDUFFIE COUNTY REGIONAL MEDICAL CENTER,GA,50.0,1,1.0645,low (1 condition),THOMSON,30824.0,MC DUFFIE,Acute Care Hospitals,Government - Hospital District or Authority,Yes,13189,54058,4594,21687,11499,8900,0,777,Government
110122,SGMC HEALTH,GA,1365.0,4,1.061,high (4-6 conditions),VALDOSTA,31602.0,LOWNDES,Acute Care Hospitals,Government - Hospital District or Authority,Yes,13185,55887,2180,119055,60666,44023,116,8169,Government
110124,WAYNE MEMORIAL HOSPITAL,GA,126.0,1,1.0286,low (1 condition),JESUP,31545.0,WAYNE,Acute Care Hospitals,Government - Hospital District or Authority,Yes,13305,49562,5317,30519,21604,6027,23,1857,Government
110125,FAIRVIEW PARK HOSPITAL,GA,610.0,3,1.0349,medium (2-3 conditions),DUBLIN,31021.0,LAURENS,Acute Care Hospitals,Proprietary,Yes,13175,49705,3981,49619,28055,18593,119,1530,For-profit
110128,MEMORIAL HEALTH MEADOWS HOSPITAL,GA,309.0,2,1.0067,medium (2-3 conditions),VIDALIA,30474.0,TOOMBS,Acute Care Hospitals,Proprietary,Yes,13279,54130,5464,26943,15661,6383,105,3154,For-profit
110129,ST FRANCIS HOSPITAL- EMORY HEALTHCARE,GA,1012.0,4,0.9946,high (4-6 conditions),COLUMBUS,31995.0,MUSCOGEE,Acute Care Hospitals,Voluntary non-profit - Private,No,13215,56622,1512,204383,76497,93760,140,16884,Nonprofit
110132,MEMORIAL HOSPITAL AND MANOR,GA,78.0,1,1.0408,low (1 condition),BAINBRIDGE,39819.0,DECATUR,Acute Care Hospitals,Government - Hospital District or Authority,No,13087,50485,7297,29118,14269,12155,18,1972,Government
110143,WELLSTAR COBB MEDICAL CENTER,GA,929.0,4,0.9945,high (4-6 conditions),AUSTELL,30106.0,COBB,Acute Care Hospitals,Voluntary non-profit - Other,No,13067,98712,2149,769152,367833,203535,449,112882,Nonprofit
110150,NAVICENT HEALTH BALDWIN,GA,107.0,1,0.9846,low (1 condition),MILLEDGEVILLE,31061.0,BALDWIN,Acute Care Hospitals,Proprietary,Yes,13009,55413,4351,43669,22565,18188,27,1206,For-profit
110161,NORTHSIDE HOSPITAL,GA,881.0,4,1.0442,high (4-6 conditions),ATLANTA,30342.0,FULTON,Acute Care Hospitals,Voluntary non-profit - Private,Yes,13121,91490,1266,1068507,399326,455582,1097,86110,Nonprofit
110164,"COLISEUM MEDICAL CENTERS, LLC, DBA",GA,690.0,4,1.0102,high (4-6 conditions),MACON,31217.0,BIBB,Acute Care Hospitals,Voluntary non-profit - Private,Yes,13021,50747,2293,156543,54627,85004,72,6967,Nonprofit
110165,SOUTHERN REGIONAL MEDICAL CENTER,GA,140.0,2,1.0507,medium (2-3 conditions),RIVERDALE,30274.0,CLAYTON,Acute Care Hospitals,Voluntary non-profit - Private,Yes,13063,58507,1942,298771,24600,205375,325,42738,Nonprofit
110168,ADVENTHEALTH REDMOND,GA,1643.0,5,1.0201,high (4-6 conditions),ROME,30165.0,FLOYD,Acute Care Hospitals,Proprietary,No,13115,62540,3154,98985,68671,13381,39,11878,For-profit
110177,DOCTORS HOSPITAL,GA,582.0,3,0.9867,medium (2-3 conditions),AUGUSTA,30909.0,RICHMOND,Acute Care Hospitals,Proprietary,Yes,13245,53197,2385,206040,65767,113995,141,11627,For-profit
110184,WELLSTAR DOUGLAS MEDICAL CENTER,GA,468.0,2,0.9605,medium (2-3 conditions),DOUGLASVILLE,30134.0,DOUGLAS,Acute Care Hospitals,Voluntary non-profit - Private,Yes,13097,80764,2546,146141,47990,70867,170,17076,Nonprofit
110191,PIEDMONT HENRY HOSPITAL,GA,935.0,4,1.0388,high (4-6 conditions),STOCKBRIDGE,30281.0,HENRY,Acute Care Hospitals,Government - Hospital District or Authority,No,13151,81612,2434,245417,84858,122305,216,19620,Government
110192,PIEDMONT EASTSIDE MEDICAL CENTER,GA,638.0,4,1.0286,high (4-6 conditions),SNELLVILLE,30078.0,GWINNETT,Acute Care Hospitals,Proprietary,Yes,13135,84823,1363,966972,309200,268853,1236,224818,For-profit
110198,WELLSTAR NORTH FULTON MEDICAL CENTER,GA,712.0,3,0.9318,medium (2-3 conditions),ROSWELL,30076.0,FULTON,Acute Care Hospitals,Proprietary,No,13121,91490,1266,1068507,399326,455582,1097,86110,For-profit
110200,PIEDMONT COLUMBUS REGIONAL NORTHSIDE,GA,520.0,3,0.978,medium (2-3 conditions),COLUMBUS,31909.0,MUSCOGEE,Acute Care Hospitals,Proprietary,No,13215,56622,1512,204383,76497,93760,140,16884,For-profit
110201,PIEDMONT MACON NORTH HOSPITAL,GA,197.0,2,1.011,medium (2-3 conditions),MACON,31210.0,BIBB,Acute Care Hospitals,Proprietary,Yes,13021,50747,2293,156543,54627,85004,72,6967,For-profit
110215,PIEDMONT FAYETTE HOSPITAL,GA,1424.0,4,1.0445,high (4-6 conditions),FAYETTEVILLE,30214.0,FAYETTE,Acute Care Hospitals,Voluntary non-profit - Private,Yes,13113,108986,3777,120689,68654,30420,132,9978,Nonprofit
110225,PIEDMONT MOUNTAINSIDE HOSPITAL INC,GA,579.0,3,0.9704,medium (2-3 conditions),JASPER,30143.0,PICKENS,Acute Care Hospitals,Voluntary non-profit - Other,No,13227,75293,5469,34197,31507,168,54,1294,Nonprofit
110226,EMORY HILLANDALE HOSPITAL,GA,77.0,1,1.1152,low (1 condition),LITHONIA,30058.0,DE KALB,Acute Care Hospitals,Government - Hospital District or Authority,Yes,13089,77683,1640,762105,214181,389138,864,79372,Government
110229,"PIEDMONT NEWNAN HOSPITAL, INC",GA,954.0,4,0.935,high (4-6 conditions),NEWNAN,30265.0,COWETA,Acute Care Hospitals,Voluntary non-profit - Private,Yes,13077,94142,3116,150071,102423,27341,66,11859,Nonprofit
110230,EMORY JOHNS CREEK HOSPITAL,GA,740.0,3,0.9824,medium (2-3 conditions),JOHNS CREEK,30097.0,GWINNETT,Acute Care Hospitals,Proprietary,Yes,13135,84823,1363,966972,309200,268853,1236,224818,For-profit
110252,NORTHSIDE HOSPITAL DULUTH,GA,371.0,3,1.0126,medium (2-3 conditions),DULUTH,30096.0,GWINNETT,Acute Care Hospitals,Voluntary non-profit - Private,Yes,13135,84823,1363,966972,309200,268853,1236,224818,Nonprofit
120001,THE QUEENS MEDICAL CENTER,HI,1843.0,5,0.9924,high (4-6 conditions),HONOLULU,96813.0,HONOLULU,Acute Care Hospitals,Voluntary non-profit - Private,Yes,15003,104264,1357,1003666,174457,22844,1305,93725,Nonprofit
120002,MAUI MEMORIAL MEDICAL CENTER,HI,440.0,3,0.9564,medium (2-3 conditions),WAILUKU,96793.0,MAUI,Acute Care Hospitals,Government - State,No,15009,95076,3077,164632,48448,1225,191,17325,Government
120005,HILO BENIOFF MEDICAL CENTER,HI,741.0,4,0.9753,high (4-6 conditions),HILO,96720.0,HAWAII,Acute Care Hospitals,Government - State,Yes,15001,77215,2280,203684,61076,1493,174,23451,Government
120006,ADVENTIST HEALTH CASTLE,HI,444.0,3,0.9717,medium (2-3 conditions),KAILUA,96734.0,HONOLULU,Acute Care Hospitals,Voluntary non-profit - Church,Yes,15003,104264,1357,1003666,174457,22844,1305,93725,Nonprofit
120007,KUAKINI MEDICAL CENTER,HI,309.0,2,0.9557,medium (2-3 conditions),HONOLULU,96817.0,HONOLULU,Acute Care Hospitals,Voluntary non-profit - Private,Yes,15003,104264,1357,1003666,174457,22844,1305,93725,Nonprofit
120014,WILCOX MEMORIAL HOSPITAL,HI,126.0,1,1.1564,low (1 condition),LIHUE,96766.0,KAUAI,Acute Care Hospitals,Government - Federal,Yes,15007,93612,4932,73610,21341,436,70,7720,Government
120019,KONA COMMUNITY HOSPITAL,HI,165.0,2,1.0062,medium (2-3 conditions),KEALAKEKUA,96750.0,HAWAII,Acute Care Hospitals,Government - State,Yes,15001,77215,2280,203684,61076,1493,174,23451,Government
120022,STRAUB CLINIC AND HOSPITAL,HI,678.0,3,0.9491,medium (2-3 conditions),HONOLULU,96813.0,HONOLULU,Acute Care Hospitals,Proprietary,Yes,15003,104264,1357,1003666,174457,22844,1305,93725,For-profit
120026,PALI MOMI MEDICAL CENTER,HI,767.0,3,0.9721,medium (2-3 conditions),AIEA,96701.0,HONOLULU,Acute Care Hospitals,Proprietary,Yes,15003,104264,1357,1003666,174457,22844,1305,93725,For-profit
130002,ST LUKES MAGIC VALLEY MEDICAL CENTER,ID,823.0,3,0.8804,medium (2-3 conditions),TWIN FALLS,83301.0,TWIN FALLS,Acute Care Hospitals,Voluntary non-profit - Private,Yes,16083,65338,3390,92121,70169,629,195,16150,Nonprofit
130003,ST JOSEPH REGIONAL MEDICAL CENTER,ID,540.0,3,0.9147,medium (2-3 conditions),LEWISTON,83501.0,NEZ PERCE,Acute Care Hospitals,Voluntary non-profit - Private,Yes,16069,71466,3866,42477,36579,31,1832,1813,Nonprofit
130006,ST LUKE'S REGIONAL MEDICAL CENTER,ID,1562.0,4,0.8443,high (4-6 conditions),BOISE,83712.0,ADA,Acute Care Hospitals,Voluntary non-profit - Private,Yes,16001,88907,1710,508052,414759,6210,1583,48291,Nonprofit
130007,SAINT ALPHONSUS REGIONAL MEDICAL CENTER,ID,727.0,3,0.9274,medium (2-3 conditions),BOISE,83706.0,ADA,Acute Care Hospitals,Voluntary non-profit - Church,Yes,16001,88907,1710,508052,414759,6210,1583,48291,Nonprofit
130013,SAINT ALPHONSUS MEDICAL CENTER - NAMPA,ID,254.0,2,0.9665,medium (2-3 conditions),NAMPA,83687.0,CANYON,Acute Care Hospitals,Voluntary non-profit - Church,Yes,16027,72355,1595,242405,164019,1488,654,62458,Nonprofit
130014,WEST VALLEY MEDICAL CENTER,ID,194.0,2,0.9734,medium (2-3 conditions),CALDWELL,83605.0,CANYON,Acute Care Hospitals,Proprietary,Yes,16027,72355,1595,242405,164019,1488,654,62458,For-profit
130018,EASTERN IDAHO REGIONAL MEDICAL CENTER,ID,735.0,3,0.8866,medium (2-3 conditions),IDAHO FALLS,83404.0,BONNEVILLE,Acute Care Hospitals,Proprietary,Yes,16019,76646,2611,127056,102599,420,475,17992,For-profit
130028,PORTNEUF MEDICAL CENTER,ID,591.0,3,0.9651,medium (2-3 conditions),POCATELLO,83201.0,BANNOCK,Acute Care Hospitals,Proprietary,Yes,16005,64080,2470,88457,71712,726,1999,8481,For-profit
130049,KOOTENAI HEALTH,ID,1460.0,4,0.8684,high (4-6 conditions),COEUR D'ALENE,83814.0,KOOTENAI,Acute Care Hospitals,Government - Hospital District or Authority,Yes,16055,77034,2380,177736,153384,533,1278,9663,Government
130071,ST LUKE'S NAMPA MEDICAL CENTER,ID,293.0,2,0.9301,medium (2-3 conditions),NAMPA,83687.0,CANYON,Acute Care Hospitals,Voluntary non-profit - Private,Yes,16027,72355,1595,242405,164019,1488,654,62458,Nonprofit
130074,"IDAHO FALLS COMMUNITY HOSPITAL, LLC",ID,134.0,1,0.9573,low (1 condition),IDAHO FALLS,83404.0,BONNEVILLE,Acute Care Hospitals,Proprietary,Yes,16019,76646,2611,127056,102599,420,475,17992,For-profit
140001,GRAHAM HOSPITAL ASSOCIATION,IL,192.0,2,0.9977,medium (2-3 conditions),CANTON,61520.0,FULTON,Acute Care Hospitals,Voluntary non-profit - Private,Yes,17057,58617,2360,33259,30643,819,123,808,Nonprofit
140002,ALTON MEMORIAL HOSPITAL,IL,765.0,3,1.0906,medium (2-3 conditions),ALTON,62002.0,MADISON,Acute Care Hospitals,Voluntary non-profit - Private,Yes,17119,74800,1798,264631,218003,22617,113,11039,Nonprofit
140007,SAINT JOSEPH MEDICAL CENTER,IL,1620.0,4,1.0372,high (4-6 conditions),JOLIET,60435.0,WILL,Acute Care Hospitals,Voluntary non-profit - Church,Yes,17197,107799,1286,698450,417514,80482,328,134835,Nonprofit
140008,LOYOLA GOTTLIEB MEMORIAL HOSPITAL,IL,735.0,4,1.0558,high (4-6 conditions),MELROSE PARK,60160.0,COOK,Acute Care Hospitals,Voluntary non-profit - Private,Yes,17031,81797,639,5185812,2102352,1148288,3593,1374034,Nonprofit
140010,NORTHSHORE UNIVERSITY HEALTHSYSTEM - EVANSTON HOSPITAL,IL,6426.0,5,1.0124,high (4-6 conditions),EVANSTON,60201.0,COOK,Acute Care Hospitals,Voluntary non-profit - Other,Yes,17031,81797,639,5185812,2102352,1148288,3593,1374034,Nonprofit
140011,HERRIN HOSPITAL,IL,919.0,4,1.0809,high (4-6 conditions),HERRIN,62948.0,WILLIAMSON,Acute Care Hospitals,Voluntary non-profit - Private,Yes,17199,65521,3734,66902,59028,2316,189,1881,Nonprofit
140012,OSF SAINT KATHARINE MEDICAL CENTER,IL,362.0,2,1.0101,medium (2-3 conditions),DIXON,61021.0,LEE,Acute Care Hospitals,Voluntary non-profit - Private,Yes,17103,68459,3601,34058,28727,1824,11,2443,Nonprofit
140013,CARLE HEALTH PROCTOR HOSPITAL,IL,392.0,2,0.9687,medium (2-3 conditions),PEORIA,61354.0,LA SALLE,Acute Care Hospitals,Voluntary non-profit - Private,Yes,17099,72281,2245,109049,90539,2880,13,11806,Nonprofit
140015,BLESSING HOSPITAL,IL,2068.0,5,0.9593,high (4-6 conditions),QUINCY,62301.0,ADAMS,Acute Care Hospitals,Voluntary non-profit - Private,Yes,17001,64962,2634,65166,58858,2310,23,1312,Nonprofit
140018,MT SINAI HOSPITAL MEDICAL CENTER,IL,140.0,2,1.0014,medium (2-3 conditions),CHICAGO,60608.0,COOK,Acute Care Hospitals,Voluntary non-profit - Private,Yes,17031,81797,639,5185812,2102352,1148288,3593,1374034,Nonprofit
140029,COPLEY MEMORIAL HOSPITAL,IL,1289.0,4,0.9682,high (4-6 conditions),AURORA,60504.0,KANE,Acute Care Hospitals,Voluntary non-profit - Private,Yes,17089,100678,1879,516097,282290,25051,271,170629,Nonprofit
140030,ADVOCATE SHERMAN HOSPITAL,IL,1632.0,4,1.0338,high (4-6 conditions),ELGIN,60123.0,KANE,Acute Care Hospitals,Voluntary non-profit - Private,Yes,17089,100678,1879,516097,282290,25051,271,170629,Nonprofit
140032,ST ANTHONYS MEMORIAL HOSPITAL,IL,610.0,2,1.0323,medium (2-3 conditions),EFFINGHAM,62401.0,EFFINGHAM,Acute Care Hospitals,Voluntary non-profit - Church,Yes,17049,75380,4362,34505,32634,226,6,905,Nonprofit
140034,SSM HEALTH ST MARY'S HOSPITAL -CENTRALIA,IL,570.0,3,1.069,medium (2-3 conditions),CENTRALIA,62801.0,MARION,Acute Care Hospitals,Voluntary non-profit - Church,Yes,17121,60839,2138,37294,33408,1551,6,798,Nonprofit
140043,CGH MEDICAL CENTER,IL,672.0,4,1.0575,high (4-6 conditions),STERLING,61081.0,WHITESIDE,Acute Care Hospitals,Government - Local,Yes,17195,64536,4377,55192,45340,564,35,7212,Government
140046,GOOD SAMARITAN REGIONAL HLTH CENTER,IL,1427.0,5,0.9926,high (4-6 conditions),MOUNT VERNON,62864.0,JEFFERSON,Acute Care Hospitals,Voluntary non-profit - Private,Yes,17081,61102,2397,36808,31012,2274,60,1003,Nonprofit
140048,ADVOCATE TRINITY HOSPITAL,IL,1186.0,4,1.0558,high (4-6 conditions),CHICAGO,60617.0,COOK,Acute Care Hospitals,Voluntary non-profit - Church,Yes,17031,81797,639,5185812,2102352,1148288,3593,1374034,Nonprofit
140049,WEST SUBURBAN MEDICAL CENTER,IL,210.0,2,1.0622,medium (2-3 conditions),OAK PARK,60302.0,COOK,Acute Care Hospitals,Voluntary non-profit - Other,No,17031,81797,639,5185812,2102352,1148288,3593,1374034,Nonprofit
140052,OSF SAINT ANTHONY'S HEALTH CENTER,IL,284.0,2,0.9761,medium (2-3 conditions),ALTON,62002.0,MADISON,Acute Care Hospitals,Voluntary non-profit - Church,No,17119,74800,1798,264631,218003,22617,113,11039,Nonprofit
140053,ST JOHNS HOSPITAL,IL,2428.0,5,0.9505,high (4-6 conditions),SPRINGFIELD,62769.0,SANGAMON,Acute Care Hospitals,Voluntary non-profit - Church,Yes,17167,74114,1576,195217,152464,24341,103,5451,Nonprofit
140054,MACNEAL  HOSPITAL,IL,689.0,4,1.0569,high (4-6 conditions),BERWYN,60402.0,COOK,Acute Care Hospitals,Proprietary,Yes,17031,81797,639,5185812,2102352,1148288,3593,1374034,For-profit
140059,JERSEY COMMUNITY HOSPITAL,IL,182.0,2,0.9836,medium (2-3 conditions),JERSEYVILLE,62052.0,JERSEY,Acute Care Hospitals,Government - Local,Yes,17083,79104,7390,21336,20265,124,6,330,Government
140062,PALOS COMMUNITY HOSPITAL,IL,3873.0,5,1.0852,high (4-6 conditions),PALOS HEIGHTS,60463.0,COOK,Acute Care Hospitals,Voluntary non-profit - Private,Yes,17031,81797,639,5185812,2102352,1148288,3593,1374034,Nonprofit
140063,RUSH OAK PARK HOSPITAL,IL,489.0,2,1.0334,medium (2-3 conditions),OAK PARK,60304.0,COOK,Acute Care Hospitals,Voluntary non-profit - Private,Yes,17031,81797,639,5185812,2102352,1148288,3593,1374034,Nonprofit
140064,ST MARY MEDICAL CENTER,IL,641.0,3,1.0274,medium (2-3 conditions),GALESBURG,61401.0,KNOX,Acute Care Hospitals,Voluntary non-profit - Church,Yes,17095,53291,3809,49294,39853,3810,31,3090,Nonprofit
140065,UCHICAGO MEDICINE ADVENTHEALTH LA GRANGE,IL,1314.0,4,0.9945,high (4-6 conditions),LA GRANGE,60525.0,COOK,Acute Care Hospitals,Voluntary non-profit - Church,Yes,17031,81797,639,5185812,2102352,1148288,3593,1374034,Nonprofit
140067,SAINT FRANCIS MEDICAL CENTER,IL,2792.0,5,1.0205,high (4-6 conditions),PEORIA,61637.0,PEORIA,Acute Care Hospitals,Voluntary non-profit - Private,Yes,17143,64938,1963,179831,120556,31409,132,10348,Nonprofit
140068,ROSELAND COMMUNITY HOSPITAL,IL,53.0,1,1.0052,low (1 condition),CHICAGO,60628.0,COOK,Acute Care Hospitals,Voluntary non-profit - Private,Yes,17031,81797,639,5185812,2102352,1148288,3593,1374034,Nonprofit
140080,SAINT FRANCIS HOSPITAL-EVANSTON,IL,467.0,3,1.0593,medium (2-3 conditions),EVANSTON,60202.0,COOK,Acute Care Hospitals,Voluntary non-profit - Church,Yes,17031,81797,639,5185812,2102352,1148288,3593,1374034,Nonprofit
140082,LOUIS A WEISS MEMORIAL HOSPITAL,IL,422.0,4,1.1428,high (4-6 conditions),CHICAGO,60640.0,COOK,Acute Care Hospitals,Proprietary,Yes,17031,81797,639,5185812,2102352,1148288,3593,1374034,For-profit
140084,VISTA MEDICAL CENTER EAST,IL,524.0,3,0.9981,medium (2-3 conditions),WAUKEGAN,60085.0,LAKE,Acute Care Hospitals,Proprietary,Yes,17097,108917,1556,711885,406806,45108,450,173796,For-profit
140088,THE UNIVERSITY OF CHICAGO MEDICAL CENTER,IL,1588.0,5,1.0286,high (4-6 conditions),CHICAGO,60637.0,COOK,Acute Care Hospitals,Voluntary non-profit - Private,Yes,17031,81797,639,5185812,2102352,1148288,3593,1374034,Nonprofit
140089,MC DONOUGH DISTRICT HOSPITAL,IL,145.0,1,1.1684,low (1 condition),MACOMB,61455.0,MC DONOUGH,Acute Care Hospitals,Government - Hospital District or Authority,Yes,17109,50434,3371,27102,23245,1552,6,935,Government
140091,CARLE FOUNDATION HOSPITAL,IL,1986.0,5,1.1011,high (4-6 conditions),URBANA,61801.0,CHAMPAIGN,Acute Care Hospitals,Voluntary non-profit - Private,Yes,17019,63091,1587,206098,131146,27001,112,16628,Nonprofit
140093,OSF SACRED HEART MEDICAL CENTER,IL,522.0,3,1.0524,medium (2-3 conditions),DANVILLE,61832.0,VERMILION,Acute Care Hospitals,Voluntary non-profit - Church,Yes,17183,54537,1470,73179,56451,10794,52,3968,Nonprofit
140101,MORRIS HOSPITAL & HEALTHCARE CENTERS,IL,661.0,3,1.0372,medium (2-3 conditions),MORRIS,60450.0,GRUNDY,Acute Care Hospitals,Voluntary non-profit - Private,Yes,17063,93060,4776,52920,44096,1123,37,6081,Nonprofit
140103,ST BERNARD HOSPITAL,IL,68.0,2,1.0705,medium (2-3 conditions),CHICAGO,60621.0,COOK,Acute Care Hospitals,Voluntary non-profit - Church,Yes,17031,81797,639,5185812,2102352,1148288,3593,1374034,Nonprofit
140110,OSF SAINT ELIZABETH MDL CTR,IL,491.0,2,0.9683,medium (2-3 conditions),PERU,61354.0,LA SALLE,Acute Care Hospitals,Voluntary non-profit - Private,Yes,17099,72281,2245,109049,90539,2880,13,11806,Nonprofit
140113,OSF HEART OF MARY MEDICAL CENTER,IL,364.0,3,1.019,medium (2-3 conditions),URBANA,61801.0,CHAMPAIGN,Acute Care Hospitals,Voluntary non-profit - Church,Yes,17019,63091,1587,206098,131146,27001,112,16628,Nonprofit
140114,SWEDISH HOSPITAL,IL,917.0,4,0.9953,high (4-6 conditions),CHICAGO,60625.0,COOK,Acute Care Hospitals,Voluntary non-profit - Church,Yes,17031,81797,639,5185812,2102352,1148288,3593,1374034,Nonprofit
140116,NORTHWESTERN MEDICINE MCHENRY,IL,3694.0,6,1.0042,high (4-6 conditions),MCHENRY,60050.0,MC HENRY,Acute Care Hospitals,Voluntary non-profit - Other,Yes,17111,102836,2073,311366,239568,4512,145,48557,Nonprofit
140117,AMITA HEALTH RESURRECTION MEDICAL CENTER,IL,1334.0,4,0.9441,high (4-6 conditions),CHICAGO,60631.0,COOK,Acute Care Hospitals,Voluntary non-profit - Church,Yes,17031,81797,639,5185812,2102352,1148288,3593,1374034,Nonprofit
140119,RUSH UNIVERSITY MEDICAL CENTER,IL,1586.0,6,0.979,high (4-6 conditions),CHICAGO,60612.0,COOK,Acute Care Hospitals,Voluntary non-profit - Private,Yes,17031,81797,639,5185812,2102352,1148288,3593,1374034,Nonprofit
140120,CARLE HEALTH PEKIN HOSPITAL,IL,267.0,2,0.9756,medium (2-3 conditions),PEKIN,61554.0,TAZEWELL,Acute Care Hospitals,Voluntary non-profit - Private,Yes,17179,76704,1776,130555,120850,1813,130,3355,Nonprofit
140122,UCHICAGO MEDICINE ADVENTHEALTH HINSDALE,IL,1032.0,4,0.9619,high (4-6 conditions),HINSDALE,60521.0,DU PAGE,Acute Care Hospitals,Voluntary non-profit - Private,Yes,17043,110502,1420,927263,585489,45002,384,145993,Nonprofit
140124,JOHN H STROGER JR HOSPITAL,IL,276.0,3,0.9698,medium (2-3 conditions),CHICAGO,60612.0,COOK,Acute Care Hospitals,Government - Local,Yes,17031,81797,639,5185812,2102352,1148288,3593,1374034,Government
140125,GATEWAY REGIONAL MEDICAL CENTER,IL,79.0,1,1.0043,low (1 condition),GRANITE CITY,62040.0,MADISON,Acute Care Hospitals,Voluntary non-profit - Other,Yes,17119,74800,1798,264631,218003,22617,113,11039,Nonprofit
140127,CARLE BROMENN MEDICAL CENTER,IL,1137.0,5,1.1703,high (4-6 conditions),NORMAL,61761.0,MC LEAN,Acute Care Hospitals,Voluntary non-profit - Church,Yes,17113,78329,2870,170882,131654,14159,114,10700,Nonprofit
140130,NORTHWESTERN LAKE FOREST HOSPITAL,IL,1322.0,4,0.9536,high (4-6 conditions),LAKE FOREST,60045.0,LAKE,Acute Care Hospitals,Voluntary non-profit - Other,Yes,17097,108917,1556,711885,406806,45108,450,173796,Nonprofit
140133,HOLY CROSS HOSPITAL,IL,272.0,3,1.0112,medium (2-3 conditions),CHICAGO,60629.0,COOK,Acute Care Hospitals,Voluntary non-profit - Private,Yes,17031,81797,639,5185812,2102352,1148288,3593,1374034,Nonprofit
140135,DECATUR MEMORIAL HOSPITAL,IL,1057.0,3,0.9338,medium (2-3 conditions),DECATUR,62526.0,MACON,Acute Care Hospitals,Voluntary non-profit - Other,Yes,17115,62449,2164,102591,75859,17460,14,2821,Nonprofit
140145,ST JOSEPHS HOSPITAL,IL,262.0,2,0.986,medium (2-3 conditions),BREESE,62230.0,CLINTON,Acute Care Hospitals,Voluntary non-profit - Church,Yes,17027,82314,4058,36899,33380,1147,38,1430,Nonprofit
140148,MEMORIAL MEDICAL CENTER,IL,2160.0,5,0.9974,high (4-6 conditions),SPRINGFIELD,62702.0,SANGAMON,Acute Care Hospitals,Voluntary non-profit - Private,Yes,17167,74114,1576,195217,152464,24341,103,5451,Nonprofit
140150,UNIVERSITY OF ILLINOIS HOSPITAL AND CLINICS,IL,268.0,2,1.0307,medium (2-3 conditions),CHICAGO,60612.0,COOK,Acute Care Hospitals,Government - State,Yes,17031,81797,639,5185812,2102352,1148288,3593,1374034,Government
140155,PRESENCE ST MARYS HOSPITAL,IL,407.0,3,0.9173,medium (2-3 conditions),KANKAKEE,60901.0,KANKAKEE,Acute Care Hospitals,Voluntary non-profit - Church,Yes,17091,68325,2842,106833,73563,15571,56,12948,Nonprofit
140158,INSIGHT HOSPITAL AND MEDICAL CENTER CHICAGO,IL,57.0,1,1.0218,low (1 condition),CHICAGO,60616.0,COOK,Acute Care Hospitals,Voluntary non-profit - Private,Yes,17031,81797,639,5185812,2102352,1148288,3593,1374034,Nonprofit
140160,FHN MEMORIAL HOSPITAL,IL,337.0,2,0.9129,medium (2-3 conditions),FREEPORT,61032.0,STEPHENSON,Acute Care Hospitals,Voluntary non-profit - Private,Yes,17177,61943,3064,44042,35218,3714,20,2335,Nonprofit
140161,SAINT JAMES HOSPITAL,IL,242.0,2,1.0169,medium (2-3 conditions),PONTIAC,61764.0,LIVINGSTON,Acute Care Hospitals,Voluntary non-profit - Church,No,17105,70796,3681,35659,31467,1241,3,1975,Nonprofit
140162,ST JOSEPH MEDICAL CENTER,IL,953.0,4,1.0541,high (4-6 conditions),BLOOMINGTON,61701.0,MC LEAN,Acute Care Hospitals,Voluntary non-profit - Church,Yes,17113,78329,2870,170882,131654,14159,114,10700,Nonprofit
140164,MEMORIAL HOSPITAL OF CARBONDALE,IL,985.0,4,1.0309,high (4-6 conditions),CARBONDALE,62901.0,JACKSON,Acute Care Hospitals,Voluntary non-profit - Private,Yes,17077,45572,3777,52706,38046,7557,89,2772,Nonprofit
140166,ST MARYS HOSPITAL,IL,875.0,4,1.0709,high (4-6 conditions),DECATUR,62521.0,MACON,Acute Care Hospitals,Voluntary non-profit - Private,Yes,17115,62449,2164,102591,75859,17460,14,2821,Nonprofit
140172,FRANCISCAN HEALTH OLYMPIA & CHICAGO HEIGHTS,IL,1028.0,4,1.0413,high (4-6 conditions),OLYMPIA FIELDS,60461.0,COOK,Acute Care Hospitals,Voluntary non-profit - Church,Yes,17031,81797,639,5185812,2102352,1148288,3593,1374034,Nonprofit
140174,PRESENCE MERCY MEDICAL CENTER,IL,500.0,4,1.051,high (4-6 conditions),AURORA,60506.0,KANE,Acute Care Hospitals,Voluntary non-profit - Private,Yes,17089,100678,1879,516097,282290,25051,271,170629,Nonprofit
140177,JACKSON PARK HOSPITAL,IL,69.0,2,1.04,medium (2-3 conditions),CHICAGO,60649.0,COOK,Acute Care Hospitals,Voluntary non-profit - Private,Yes,17031,81797,639,5185812,2102352,1148288,3593,1374034,Nonprofit
140179,OSF LITTLE COMPANY OF MARY MEDICAL CENTER,IL,1158.0,4,1.1023,high (4-6 conditions),EVERGREEN PARK,60805.0,COOK,Acute Care Hospitals,Voluntary non-profit - Other,Yes,17031,81797,639,5185812,2102352,1148288,3593,1374034,Nonprofit
140180,PRESENCE SAINTS MARY AND ELIZABETH MEDICAL CENTER,IL,370.0,4,1.0292,high (4-6 conditions),CHICAGO,60622.0,COOK,Acute Care Hospitals,Voluntary non-profit - Church,Yes,17031,81797,639,5185812,2102352,1148288,3593,1374034,Nonprofit
140182,ADVOCATE ILLINOIS MASONIC MEDICAL CENTER,IL,492.0,3,1.0526,medium (2-3 conditions),CHICAGO,60657.0,COOK,Acute Care Hospitals,Voluntary non-profit - Private,Yes,17031,81797,639,5185812,2102352,1148288,3593,1374034,Nonprofit
140184,HEARTLAND REGIONAL MEDICAL CENTER,IL,318.0,3,1.0679,medium (2-3 conditions),MARION,62959.0,WILLIAMSON,Acute Care Hospitals,Proprietary,Yes,17199,65521,3734,66902,59028,2316,189,1881,For-profit
140185,MEMORIAL HOSPITAL,IL,1709.0,4,0.9978,high (4-6 conditions),BELLEVILLE,62226.0,ST. CLAIR,Acute Care Hospitals,Voluntary non-profit - Private,Yes,17163,70178,2013,254777,151513,70841,571,12600,Nonprofit
140186,RIVERSIDE MEDICAL CENTER,IL,1186.0,4,0.9862,high (4-6 conditions),KANKAKEE,60901.0,KANKAKEE,Acute Care Hospitals,Voluntary non-profit - Private,Yes,17091,68325,2842,106833,73563,15571,56,12948,Nonprofit
140187,HSHS ST ELIZABETH'S HOSPITAL,IL,1233.0,4,0.9822,high (4-6 conditions),O FALLON,62269.0,ST. CLAIR,Acute Care Hospitals,Voluntary non-profit - Church,Yes,17163,70178,2013,254777,151513,70841,571,12600,Nonprofit
140189,SARAH BUSH LINCOLN HEALTH CENTER,IL,1488.0,4,1.0248,high (4-6 conditions),MATTOON,61938.0,COLES,Acute Care Hospitals,Voluntary non-profit - Private,Yes,17029,56040,3322,46689,41355,1746,22,1721,Nonprofit
140191,INGALLS MEMORIAL HOSPITAL,IL,761.0,3,1.1126,medium (2-3 conditions),HARVEY,60426.0,COOK,Acute Care Hospitals,Physician,Yes,17031,81797,639,5185812,2102352,1148288,3593,1374034,Physician-owned
140200,ELMHURST MEMORIAL HOSPITAL,IL,3375.0,6,1.0679,high (4-6 conditions),ELMHURST,60126.0,DU PAGE,Acute Care Hospitals,Proprietary,Yes,17043,110502,1420,927263,585489,45002,384,145993,For-profit
140202,ADVOCATE CONDELL MEDICAL CENTER,IL,2298.0,4,1.0232,high (4-6 conditions),LIBERTYVILLE,60048.0,LAKE,Acute Care Hospitals,Voluntary non-profit - Private,Yes,17097,108917,1556,711885,406806,45108,450,173796,Nonprofit
140206,HUMBOLDT PARK HEALTH,IL,118.0,2,1.0413,medium (2-3 conditions),CHICAGO,60622.0,COOK,Acute Care Hospitals,Voluntary non-profit - Private,Yes,17031,81797,639,5185812,2102352,1148288,3593,1374034,Nonprofit
140208,ADVOCATE CHRIST HOSPITAL & MEDICAL CENTER,IL,2708.0,6,1.0526,high (4-6 conditions),OAK LAWN,60453.0,COOK,Acute Care Hospitals,Voluntary non-profit - Church,Yes,17031,81797,639,5185812,2102352,1148288,3593,1374034,Nonprofit
140209,CARLE HEALTH METHODIST HOSPITAL,IL,996.0,4,1.0383,high (4-6 conditions),PEORIA,61636.0,PEORIA,Acute Care Hospitals,Voluntary non-profit - Private,Yes,17143,64938,1963,179831,120556,31409,132,10348,Nonprofit
140211,NORTHWESTERN MEDICINE DELNOR COMMUNITY HOSPITAL,IL,1299.0,4,0.9595,high (4-6 conditions),GENEVA,60134.0,KANE,Acute Care Hospitals,Voluntary non-profit - Private,Yes,17089,100678,1879,516097,282290,25051,271,170629,Nonprofit
140213,SILVER CROSS HOSPITAL  AND MEDICAL CENTERS,IL,3180.0,5,1.0611,high (4-6 conditions),NEW LENOX,60451.0,WILL,Acute Care Hospitals,Voluntary non-profit - Private,Yes,17197,107799,1286,698450,417514,80482,328,134835,Nonprofit
140217,SAINT JOSEPH HOSPITAL-ELGIN,IL,329.0,2,0.9406,medium (2-3 conditions),ELGIN,60123.0,KANE,Acute Care Hospitals,Voluntary non-profit - Church,Yes,17089,100678,1879,516097,282290,25051,271,170629,Nonprofit
140223,ADVOCATE LUTHERAN GENERAL HOSPITAL,IL,2893.0,5,0.9819,high (4-6 conditions),PARK RIDGE,60068.0,COOK,Acute Care Hospitals,Voluntary non-profit - Church,Yes,17031,81797,639,5185812,2102352,1148288,3593,1374034,Nonprofit
140224,PRESENCE SAINT JOSEPH HOSPITAL - CHICAGO,IL,291.0,2,0.9978,medium (2-3 conditions),CHICAGO,60657.0,COOK,Acute Care Hospitals,Voluntary non-profit - Church,Yes,17031,81797,639,5185812,2102352,1148288,3593,1374034,Nonprofit
140228,UW HEALTH,IL,1312.0,5,1.0786,high (4-6 conditions),ROCKFORD,61104.0,WINNEBAGO,Acute Care Hospitals,Voluntary non-profit - Private,Yes,17201,64363,1542,283289,183505,36633,116,42452,Nonprofit
140231,EDWARD HOSPITAL,IL,2893.0,6,1.0467,high (4-6 conditions),NAPERVILLE,60540.0,DU PAGE,Acute Care Hospitals,Voluntary non-profit - Private,Yes,17043,110502,1420,927263,585489,45002,384,145993,Nonprofit
140233,SAINT ANTHONY MEDICAL CENTER,IL,1532.0,6,1.0815,high (4-6 conditions),ROCKFORD,61108.0,WINNEBAGO,Acute Care Hospitals,Voluntary non-profit - Church,Yes,17201,64363,1542,283289,183505,36633,116,42452,Nonprofit
140239,JAVON BEA HOSPITAL,IL,651.0,4,0.9554,high (4-6 conditions),ROCKFORD,61103.0,WINNEBAGO,Acute Care Hospitals,Voluntary non-profit - Private,Yes,17201,64363,1542,283289,183505,36633,116,42452,Nonprofit
140242,NORTHWESTERN MEDICINE CENTRAL DUPAGE HOSPITAL,IL,2291.0,5,1.005,high (4-6 conditions),WINFIELD,60190.0,DU PAGE,Acute Care Hospitals,Voluntary non-profit - Private,Yes,17043,110502,1420,927263,585489,45002,384,145993,Nonprofit
140251,COMMUNITY FIRST MEDICAL CENTER,IL,408.0,3,1.0117,medium (2-3 conditions),CHICAGO,60634.0,COOK,Acute Care Hospitals,Proprietary,Yes,17031,81797,639,5185812,2102352,1148288,3593,1374034,For-profit
140252,NORTHWEST COMMUNITY HOSPITAL 1,IL,3581.0,6,0.9939,high (4-6 conditions),ARLINGTON HEIGHTS,60005.0,COOK,Acute Care Hospitals,Voluntary non-profit - Private,Yes,17031,81797,639,5185812,2102352,1148288,3593,1374034,Nonprofit
140258,ALEXIAN BROTHERS MEDICAL CENTER 1,IL,1977.0,5,1.034,high (4-6 conditions),ELK GROVE VILLAGE,60007.0,COOK,Acute Care Hospitals,Voluntary non-profit - Private,Yes,17031,81797,639,5185812,2102352,1148288,3593,1374034,Nonprofit
140275,GENESIS HLTH SYSTEM DBA GENESIS MDL CTR-ILLINI,IL,205.0,2,0.9641,medium (2-3 conditions),SILVIS,61282.0,ROCK ISLAND,Acute Care Hospitals,Government - Local,Yes,17161,66768,2195,142995,97940,14883,111,20013,Government
140276,LOYOLA UNIVERSITY MEDICAL CENTER,IL,1154.0,5,1.023,high (4-6 conditions),MAYWOOD,60153.0,COOK,Acute Care Hospitals,Voluntary non-profit - Private,Yes,17031,81797,639,5185812,2102352,1148288,3593,1374034,Nonprofit
140280,TRINITY ROCK ISLAND,IL,1177.0,4,1.0396,high (4-6 conditions),ROCK ISLAND,61201.0,ROCK ISLAND,Acute Care Hospitals,Voluntary non-profit - Private,Yes,17161,66768,2195,142995,97940,14883,111,20013,Nonprofit
140281,NORTHWESTERN MEMORIAL HOSPITAL,IL,3003.0,6,1.0012,high (4-6 conditions),CHICAGO,60611.0,COOK,Acute Care Hospitals,Voluntary non-profit - Private,Yes,17031,81797,639,5185812,2102352,1148288,3593,1374034,Nonprofit
140286,NORTHWESTERN MEDICINE KISHWAUKEE HOSPITAL,IL,886.0,4,0.9597,high (4-6 conditions),DEKALB,60115.0,DE KALB,Acute Care Hospitals,Voluntary non-profit - Private,Yes,17037,69022,2476,100512,72768,7691,70,14075,Nonprofit
140288,ADVOCATE GOOD SAMARITAN HOSPITAL,IL,2068.0,5,1.0196,high (4-6 conditions),DOWNERS GROVE,60515.0,DU PAGE,Acute Care Hospitals,Voluntary non-profit - Private,Yes,17043,110502,1420,927263,585489,45002,384,145993,Nonprofit
140289,ANDERSON HOSPITAL,IL,731.0,3,1.0334,medium (2-3 conditions),MARYVILLE,62062.0,MADISON,Acute Care Hospitals,Voluntary non-profit - Private,Yes,17119,74800,1798,264631,218003,22617,113,11039,Nonprofit
140290,ST ALEXIUS MEDICAL CENTER,IL,1284.0,3,0.9939,medium (2-3 conditions),HOFFMAN ESTATES,60169.0,COOK,Acute Care Hospitals,Voluntary non-profit - Church,Yes,17031,81797,639,5185812,2102352,1148288,3593,1374034,Nonprofit
140291,ADVOCATE GOOD SHEPHERD HOSPITAL,IL,1867.0,5,1.024,high (4-6 conditions),BARRINGTON,60010.0,LAKE,Acute Care Hospitals,Voluntary non-profit - Private,Yes,17097,108917,1556,711885,406806,45108,450,173796,Nonprofit
140292,UCHICAGO MEDICINE ADVENTHEALTH GLENOAKS,IL,275.0,3,1.0228,medium (2-3 conditions),GLENDALE HEIGHTS,60139.0,DU PAGE,Acute Care Hospitals,Voluntary non-profit - Other,Yes,17043,110502,1420,927263,585489,45002,384,145993,Nonprofit
140294,DEACONESS ILLINOIS CROSSROADS,IL,58.0,1,1.0384,low (1 condition),MOUNT VERNON,62864.0,JEFFERSON,Acute Care Hospitals,Proprietary,Yes,17081,61102,2397,36808,31012,2274,60,1003,For-profit
140304,UCHICAGO MEDICINE ADVENTHEALTH BOLINGBROOK,IL,467.0,3,1.0188,medium (2-3 conditions),BOLINGBROOK,60440.0,WILL,Acute Care Hospitals,Voluntary non-profit - Private,Yes,17197,107799,1286,698450,417514,80482,328,134835,Nonprofit
150001,JOHNSON MEMORIAL HOSPITAL,IN,240.0,2,0.9904,medium (2-3 conditions),FRANKLIN,46131.0,JOHNSON,Acute Care Hospitals,Government - Local,Yes,18081,87227,2227,163983,139247,4941,42,6744,Government
150002,METHODIST HOSPITALS INC,IN,943.0,4,1.0838,high (4-6 conditions),GARY,46402.0,LAKE,Acute Care Hospitals,Voluntary non-profit - Private,Yes,18089,68985,1259,498990,259429,114300,500,102413,Nonprofit
150005,HENDRICKS REGIONAL HEALTH,IN,655.0,3,0.9717,medium (2-3 conditions),DANVILLE,46122.0,HENDRICKS,Acute Care Hospitals,Government - Local,Yes,18063,99988,2787,179379,142074,16116,150,8849,Government
150006,NORTHWEST HEALTH-LA PORTE,IN,674.0,3,1.0887,medium (2-3 conditions),LA PORTE,46350.0,LA PORTE,Acute Care Hospitals,Voluntary non-profit - Private,Yes,18091,70452,2189,112141,86093,11454,98,8264,Nonprofit
150007,COMMUNITY HOWARD REGIONAL HEALTH INC.,IN,470.0,3,0.9826,medium (2-3 conditions),KOKOMO,46902.0,HOWARD,Acute Care Hospitals,Voluntary non-profit - Private,Yes,18067,62496,2618,83610,69511,6526,36,3260,Nonprofit
150008,ST CATHERINE HOSPITAL INC,IN,286.0,3,0.9946,medium (2-3 conditions),EAST CHICAGO,46312.0,LAKE,Acute Care Hospitals,Voluntary non-profit - Private,Yes,18089,68985,1259,498990,259429,114300,500,102413,Nonprofit
150009,NORTON CLARK HOSPITAL,IN,939.0,4,0.9498,high (4-6 conditions),JEFFERSONVILLE,47130.0,CLARK,Acute Care Hospitals,Voluntary non-profit - Other,Yes,18019,72298,1970,122800,98569,8432,27,8166,Nonprofit
150010,ASCENSION ST VINCENT KOKOMO,IN,379.0,2,0.9875,medium (2-3 conditions),KOKOMO,46904.0,HOWARD,Acute Care Hospitals,Voluntary non-profit - Church,Yes,18067,62496,2618,83610,69511,6526,36,3260,Nonprofit
150011,MARION GENERAL HOSPITAL,IN,535.0,3,0.9924,medium (2-3 conditions),MARION,46952.0,GRANT,Acute Care Hospitals,Voluntary non-profit - Private,Yes,18053,54007,2475,66377,55240,3164,203,3530,Nonprofit
150012,SAINT JOSEPH REGIONAL MEDICAL CENTER,IN,1136.0,4,1.0069,high (4-6 conditions),MISHAWAKA,46545.0,ST. JOSEPH,Acute Care Hospitals,Voluntary non-profit - Private,Yes,18141,64885,1295,272574,189708,33761,234,27729,Nonprofit
150015,FRANCISCAN HEALTH MICHIGAN CITY,IN,913.0,4,1.0632,high (4-6 conditions),MICHIGAN CITY,46360.0,LA PORTE,Acute Care Hospitals,Voluntary non-profit - Church,Yes,18091,70452,2189,112141,86093,11454,98,8264,Nonprofit
150017,LUTHERAN HOSPITAL OF INDIANA,IN,1319.0,4,0.9805,high (4-6 conditions),FORT WAYNE,46804.0,ALLEN,Acute Care Hospitals,Proprietary,Yes,18003,68839,1289,388791,274650,41658,211,34095,For-profit
150018,ELKHART GENERAL HOSPITAL,IN,1074.0,5,0.961,high (4-6 conditions),ELKHART,46514.0,ELKHART,Acute Care Hospitals,Government - Local,Yes,18039,65617,2240,206868,146352,9879,336,40368,Government
150021,PARKVIEW REGIONAL MEDICAL CENTER,IN,2415.0,5,0.9632,high (4-6 conditions),FORT WAYNE,46845.0,ALLEN,Acute Care Hospitals,Voluntary non-profit - Private,Yes,18003,68839,1289,388791,274650,41658,211,34095,Nonprofit
150022,FRANCISCAN HEALTH CRAWFORDSVILLE,IN,192.0,2,1.0053,medium (2-3 conditions),CRAWFORDSVILLE,47933.0,MONTGOMERY,Acute Care Hospitals,Voluntary non-profit - Church,Yes,18107,66571,5447,38155,33989,205,1,2322,Nonprofit
150023,UNION HOSPITAL INC,IN,2214.0,4,1.0634,high (4-6 conditions),TERRE HAUTE,47804.0,VIGO,Acute Care Hospitals,Voluntary non-profit - Private,Yes,18167,52525,1904,106201,89504,6485,136,3307,Nonprofit
150024,ESKENAZI HEALTH,IN,349.0,3,1.0335,medium (2-3 conditions),INDIANAPOLIS,46202.0,MARION,Acute Care Hospitals,Government - Local,Yes,18097,63450,1274,971822,490631,265415,521,129973,Government
150026,GOSHEN HOSPITAL,IN,488.0,3,0.9647,medium (2-3 conditions),GOSHEN,46526.0,ELKHART,Acute Care Hospitals,Voluntary non-profit - Private,Yes,18039,65617,2240,206868,146352,9879,336,40368,Nonprofit
150030,HENRY COUNTY MEMORIAL HOSPITAL,IN,342.0,3,1.023,medium (2-3 conditions),NEW CASTLE,47362.0,HENRY,Acute Care Hospitals,Government - Local,Yes,18065,60144,2924,48896,45196,1108,26,1055,Government
150034,ST MARY MEDICAL CENTER INC,IN,1409.0,6,0.9881,high (4-6 conditions),HOBART,46342.0,LAKE,Acute Care Hospitals,Voluntary non-profit - Private,Yes,18089,68985,1259,498990,259429,114300,500,102413,Nonprofit
150035,NORTHWEST HEALTH - PORTER,IN,1669.0,4,1.0152,high (4-6 conditions),VALPARAISO,46383.0,PORTER,Acute Care Hospitals,Proprietary,Yes,18127,85828,3114,174150,139285,7090,111,19734,For-profit
150037,HANCOCK REGIONAL HOSPITAL,IN,356.0,3,1.0102,medium (2-3 conditions),GREENFIELD,46140.0,HANCOCK,Acute Care Hospitals,Government - Local,Yes,18059,91326,3157,82013,73271,2570,65,2613,Government
150042,GOOD SAMARITAN HOSPITAL,IN,903.0,4,1.055,high (4-6 conditions),VINCENNES,47591.0,KNOX,Acute Care Hospitals,Voluntary non-profit - Other,Yes,18083,58863,4347,36108,32523,571,41,1025,Nonprofit
150044,BAPTIST HEALTH FLOYD,IN,2141.0,4,1.0132,high (4-6 conditions),NEW ALBANY,47150.0,FLOYD,Acute Care Hospitals,Voluntary non-profit - Private,Yes,18043,78179,3423,80512,69109,4067,25,3256,Nonprofit
150045,PARKVIEW DEKALB HOSPITAL,IN,62.0,1,1.0469,low (1 condition),AUBURN,46706.0,DE KALB,Acute Care Hospitals,Voluntary non-profit - Private,Yes,18033,70080,5327,43584,40928,92,14,1280,Nonprofit
150046,TERRE HAUTE REGIONAL HOSPITAL,IN,581.0,4,1.0706,high (4-6 conditions),TERRE HAUTE,47802.0,VIGO,Acute Care Hospitals,Proprietary,Yes,18167,52525,1904,106201,89504,6485,136,3307,For-profit
150048,REID HEALTH,IN,1886.0,4,1.0028,high (4-6 conditions),RICHMOND,47374.0,WAYNE,Acute Care Hospitals,Voluntary non-profit - Private,Yes,18177,56652,3411,66377,57188,2672,17,2531,Nonprofit
150051,INDIANA UNIVERSITY HEALTH BLOOMINGTON HOSPITAL,IN,1314.0,4,0.8812,high (4-6 conditions),BLOOMINGTON,47403.0,MONROE,Acute Care Hospitals,Voluntary non-profit - Private,Yes,18105,63372,2678,139822,114157,4888,41,6441,Nonprofit
150056,INDIANA UNIVERSITY HEALTH,IN,1353.0,5,0.9893,high (4-6 conditions),INDIANAPOLIS,46202.0,MARION,Acute Care Hospitals,Voluntary non-profit - Private,Yes,18097,63450,1274,971822,490631,265415,521,129973,Nonprofit
150057,FRANCISCAN HEALTH MOORESVILLE,IN,284.0,2,1.0196,medium (2-3 conditions),MOORESVILLE,46158.0,MORGAN,Acute Care Hospitals,Voluntary non-profit - Church,Yes,18109,79088,5089,72202,67964,363,10,1433,Nonprofit
150058,MEMORIAL HOSPITAL OF SOUTH BEND,IN,1184.0,4,0.9817,high (4-6 conditions),SOUTH BEND,46601.0,ST. JOSEPH,Acute Care Hospitals,Voluntary non-profit - Private,Yes,18141,64885,1295,272574,189708,33761,234,27729,Nonprofit
150059,RIVERVIEW HEALTH,IN,442.0,3,1.0118,medium (2-3 conditions),NOBLESVILLE,46060.0,HAMILTON,Acute Care Hospitals,Government - Local,Yes,18057,117957,3379,357176,284532,14777,160,19165,Government
150069,NORTON-KING'S DAUGHTERS' HEALTH,IN,366.0,3,0.9813,medium (2-3 conditions),MADISON,47250.0,JEFFERSON,Acute Care Hospitals,Voluntary non-profit - Private,Yes,18077,59987,3944,33074,30321,349,48,1125,Nonprofit
150074,COMMUNITY HOSPITAL EAST,IN,1391.0,5,1.0556,high (4-6 conditions),INDIANAPOLIS,46219.0,MARION,Acute Care Hospitals,Voluntary non-profit - Private,Yes,18097,63450,1274,971822,490631,265415,521,129973,Nonprofit
150076,SAINT JOSEPH REGIONAL MEDICAL CENTER - PLYMOUTH,IN,127.0,1,0.9454,low (1 condition),PLYMOUTH,46563.0,MARSHALL,Acute Care Hospitals,Voluntary non-profit - Church,Yes,18099,68041,4668,46225,39466,226,17,5346,Nonprofit
150082,DEACONESS HOSPITAL INC,IN,3766.0,6,1.0328,high (4-6 conditions),EVANSVILLE,47747.0,VANDERBURGH,Acute Care Hospitals,Voluntary non-profit - Private,Yes,18163,60938,1171,179908,145281,17376,33,6480,Nonprofit
150084,ASCENSION ST VINCENT HOSPITAL,IN,1166.0,4,1.0095,high (4-6 conditions),INDIANAPOLIS,46260.0,MARION,Acute Care Hospitals,Voluntary non-profit - Church,Yes,18097,63450,1274,971822,490631,265415,521,129973,Nonprofit
150086,ST ELIZABETH DEARBORN HOSPITAL,IN,425.0,3,1.0149,medium (2-3 conditions),LAWRENCEBURG,47025.0,DEARBORN,Acute Care Hospitals,Government - Local,Yes,18029,82693,5034,50828,48062,111,0,771,Government
150088,ASCENSION ST VINCENT ANDERSON,IN,369.0,3,1.0449,medium (2-3 conditions),ANDERSON,46016.0,MADISON,Acute Care Hospitals,Voluntary non-profit - Private,Yes,18095,62632,1573,130949,108194,8195,151,6724,Nonprofit
150089,INDIANA UNIVERSITY HEALTH BALL MEMORIAL HOSPITAL,IN,2172.0,5,0.9963,high (4-6 conditions),MUNCIE,47303.0,DELAWARE,Acute Care Hospitals,Voluntary non-profit - Private,Yes,18035,56932,2366,112109,95256,5899,185,3552,Nonprofit
150090,FRANCISCAN HEALTH DYER,IN,761.0,4,1.0228,high (4-6 conditions),DYER,46311.0,LAKE,Acute Care Hospitals,Voluntary non-profit - Church,Yes,18089,68985,1259,498990,259429,114300,500,102413,Nonprofit
150091,PARKVIEW HUNTINGTON HOSPITAL,IN,73.0,1,1.1131,low (1 condition),HUNTINGTON,46750.0,HUNTINGTON,Acute Care Hospitals,Voluntary non-profit - Private,Yes,18069,62734,3176,36757,34277,292,23,1098,Nonprofit
150097,MAJOR HOSPITAL,IN,337.0,3,1.01,medium (2-3 conditions),SHELBYVILLE,46176.0,SHELBY,Acute Care Hospitals,Government - Local,Yes,18145,71301,3803,45104,40809,547,2,2451,Government
150100,ASCENSION ST VINCENT EVANSVILLE,IN,1548.0,4,0.8194,high (4-6 conditions),EVANSVILLE,47750.0,VANDERBURGH,Acute Care Hospitals,Voluntary non-profit - Private,Yes,18163,60938,1171,179908,145281,17376,33,6480,Nonprofit
150101,PARKVIEW WHITLEY HOSPITAL,IN,80.0,1,1.0002,low (1 condition),COLUMBIA CITY,46725.0,WHITLEY,Acute Care Hospitals,Voluntary non-profit - Private,Yes,18183,75790,4154,34388,31886,70,31,906,Nonprofit
150102,NORTHWEST HEALTH - STARKE,IN,31.0,1,1.0533,low (1 condition),KNOX,46534.0,STARKE,Acute Care Hospitals,Proprietary,Yes,18149,62933,4093,23300,21461,100,9,962,For-profit
150104,WITHAM HEALTH SERVICES,IN,234.0,2,1.02,medium (2-3 conditions),LEBANON,46052.0,BOONE,Acute Care Hospitals,Government - Local,Yes,18011,104865,4208,72827,63510,1773,2,2991,Government
150109,FRANCISCAN HEALTH LAFAYETTE,IN,1105.0,4,0.9701,high (4-6 conditions),LAFAYETTE,47905.0,TIPPECANOE,Acute Care Hospitals,Voluntary non-profit - Church,Yes,18157,58622,1711,187399,135814,11069,163,18958,Nonprofit
150112,COLUMBUS REGIONAL HOSPITAL,IN,1310.0,4,0.9898,high (4-6 conditions),COLUMBUS,47201.0,BARTHOLOMEW,Acute Care Hospitals,Government - Local,Yes,18005,80365,4774,82881,64351,1468,49,7445,Government
150113,COMMUNITY HOSPITAL OF ANDERSON AND MADISON COUNTY,IN,538.0,3,0.9307,medium (2-3 conditions),ANDERSON,46011.0,MADISON,Acute Care Hospitals,Voluntary non-profit - Private,Yes,18095,62632,1573,130949,108194,8195,151,6724,Nonprofit
150115,MEMORIAL HOSPITAL AND HEALTH CARE CENTER,IN,887.0,4,0.9635,high (4-6 conditions),JASPER,47546.0,DUBOIS,Acute Care Hospitals,Voluntary non-profit - Private,Yes,18037,71918,3016,43563,38085,387,34,4220,Nonprofit
150125,COMMUNITY HOSPITAL,IN,2408.0,4,1.0817,high (4-6 conditions),MUNSTER,46321.0,LAKE,Acute Care Hospitals,Voluntary non-profit - Private,Yes,18089,68985,1259,498990,259429,114300,500,102413,Nonprofit
150126,FRANCISCAN HEALTH CROWN POINT,IN,1393.0,4,0.9928,high (4-6 conditions),CROWN POINT,46307.0,LAKE,Acute Care Hospitals,Voluntary non-profit - Church,Yes,18089,68985,1259,498990,259429,114300,500,102413,Nonprofit
150128,"COMMUNITY HOSPITAL SOUTH, INC.",IN,929.0,4,1.0064,high (4-6 conditions),INDIANAPOLIS,46227.0,MARION,Acute Care Hospitals,Voluntary non-profit - Private,Yes,18097,63450,1274,971822,490631,265415,521,129973,Nonprofit
150133,KOSCIUSKO COMMUNITY HOSPITAL,IN,374.0,3,1.0109,medium (2-3 conditions),WARSAW,46580.0,KOSCIUSKO,Acute Care Hospitals,Proprietary,Yes,18085,73922,3409,80357,68887,573,38,7643,For-profit
150146,PARKVIEW NOBLE HOSPITAL,IN,170.0,2,1.0473,medium (2-3 conditions),KENDALLVILLE,46755.0,NOBLE,Acute Care Hospitals,Voluntary non-profit - Private,Yes,18113,70908,3008,47417,40493,145,45,5312,Nonprofit
150150,DUPONT HOSPITAL LLC,IN,70.0,1,1.1035,low (1 condition),FORT WAYNE,46825.0,ALLEN,Acute Care Hospitals,Proprietary,Yes,18003,68839,1289,388791,274650,41658,211,34095,For-profit
150153,ST VINCENT HEART CENTER,IN,1109.0,3,0.9083,medium (2-3 conditions),CARMEL,46290.0,HAMILTON,Acute Care Hospitals,Proprietary,Yes,18057,117957,3379,357176,284532,14777,160,19165,For-profit
150157,ASCENSION ST VINCENT CARMEL,IN,207.0,2,0.9856,medium (2-3 conditions),CARMEL,46032.0,HAMILTON,Acute Care Hospitals,Voluntary non-profit - Private,Yes,18057,117957,3379,357176,284532,14777,160,19165,Nonprofit
150158,IU HEALTH WEST HOSPITAL,IN,954.0,3,0.9641,medium (2-3 conditions),AVON,46123.0,HENDRICKS,Acute Care Hospitals,Proprietary,Yes,18063,99988,2787,179379,142074,16116,150,8849,For-profit
150160,ORTHOINDY HOSPITAL,IN,578.0,1,0.6642,low (1 condition),INDIANAPOLIS,46278.0,MARION,Acute Care Hospitals,Physician,No,18097,63450,1274,971822,490631,265415,521,129973,Physician-owned
150161,INDIANA UNIVERSITY HEALTH NORTH HOSPITAL,IN,541.0,2,0.9257,medium (2-3 conditions),CARMEL,46032.0,HAMILTON,Acute Care Hospitals,Voluntary non-profit - Private,Yes,18057,117957,3379,357176,284532,14777,160,19165,Nonprofit
150162,FRANCISCAN HEALTH INDIANAPOLIS,IN,2382.0,5,0.9981,high (4-6 conditions),INDIANAPOLIS,46237.0,MARION,Acute Care Hospitals,Voluntary non-profit - Church,Yes,18097,63450,1274,971822,490631,265415,521,129973,Nonprofit
150165,FRANCISCAN HEALTH MUNSTER,IN,466.0,3,1.0687,medium (2-3 conditions),MUNSTER,46321.0,LAKE,Acute Care Hospitals,Voluntary non-profit - Private,Yes,18089,68985,1259,498990,259429,114300,500,102413,Nonprofit
150169,COMMUNITY HOSPITAL NORTH,IN,724.0,3,0.9936,medium (2-3 conditions),INDIANAPOLIS,46256.0,MARION,Acute Care Hospitals,Voluntary non-profit - Private,Yes,18097,63450,1274,971822,490631,265415,521,129973,Nonprofit
150173,INDIANA UNIVERSITY HEALTH ARNETT HOSPITAL,IN,1391.0,4,0.9669,high (4-6 conditions),LAFAYETTE,47905.0,TIPPECANOE,Acute Care Hospitals,Voluntary non-profit - Private,Yes,18157,58622,1711,187399,135814,11069,163,18958,Nonprofit
150183,MONROE HOSPITAL,IN,206.0,2,0.9808,medium (2-3 conditions),BLOOMINGTON,47403.0,MONROE,Acute Care Hospitals,Proprietary,Yes,18105,63372,2678,139822,114157,4888,41,6441,For-profit
160001,UNITYPOINT HEALTH - MARSHALLTOWN,IA,213.0,2,0.9837,medium (2-3 conditions),MARSHALLTOWN,50158.0,MARSHALL,Acute Care Hospitals,Voluntary non-profit - Private,Yes,19127,72785,3066,39971,26950,600,85,9518,Nonprofit
160013,TRINITY MUSCATINE,IA,190.0,2,0.9585,medium (2-3 conditions),MUSCATINE,52761.0,MUSCATINE,Acute Care Hospitals,Voluntary non-profit - Private,Yes,19139,69512,2971,42735,32174,1216,33,7878,Nonprofit
160016,TRINITY REGIONAL MEDICAL CENTER,IA,474.0,2,0.9625,medium (2-3 conditions),FORT DODGE,50501.0,WEBSTER,Acute Care Hospitals,Voluntary non-profit - Private,Yes,19187,68054,3664,36848,31190,1163,71,2217,Nonprofit
160028,CHI HEALTH MERCY COUNCIL BLUFFS,IA,262.0,2,0.9875,medium (2-3 conditions),COUNCIL BLUFFS,51503.0,POTTAWATTAMIE,Acute Care Hospitals,Voluntary non-profit - Private,Yes,19155,71446,1743,93407,79725,1624,144,8127,Nonprofit
160029,UNIVERSITY OF IOWA HEALTH CARE MEDICAL CENTER DOWN,IA,933.0,4,1.031,high (4-6 conditions),IOWA CITY,52245.0,JOHNSON,Acute Care Hospitals,Voluntary non-profit - Church,Yes,19103,74721,2849,154881,116962,11552,121,10312,Nonprofit
160030,MARY GREELEY MEDICAL CENTER,IA,1229.0,4,0.9764,high (4-6 conditions),AMES,50010.0,STORY,Acute Care Hospitals,Government - Local,Yes,19169,69006,2382,98592,80243,2606,144,4943,Government
160033,GENESIS MEDICAL CENTER-DAVENPORT,IA,2124.0,5,1.0586,high (4-6 conditions),DAVENPORT,52803.0,SCOTT,Acute Care Hospitals,Voluntary non-profit - Private,Yes,19163,76363,1338,174302,135337,12177,200,12512,Nonprofit
160045,ST LUKES HOSPITAL,IA,1667.0,5,0.998,high (4-6 conditions),CEDAR RAPIDS,52402.0,LINN,Acute Care Hospitals,Voluntary non-profit - Private,Yes,19113,76421,2006,229463,190404,12979,210,9120,Nonprofit
160047,METHODIST JENNIE EDMUNDSON,IA,612.0,3,0.9791,medium (2-3 conditions),COUNCIL BLUFFS,51503.0,POTTAWATTAMIE,Acute Care Hospitals,Voluntary non-profit - Private,Yes,19155,71446,1743,93407,79725,1624,144,8127,Nonprofit
160057,SOUTHEAST IOWA REGIONAL MEDICAL CENTER,IA,1174.0,4,0.9442,high (4-6 conditions),WEST BURLINGTON,52655.0,DES MOINES,Acute Care Hospitals,Voluntary non-profit - Private,Yes,19057,60662,3525,38597,32877,1610,36,1351,Nonprofit
160058,UNIVERSITY OF IOWA HOSPITAL & CLINICS,IA,1342.0,5,0.958,high (4-6 conditions),IOWA CITY,52242.0,JOHNSON,Acute Care Hospitals,Government - State,Yes,19103,74721,2849,154881,116962,11552,121,10312,Government
160064,MERCYONE NORTH IOWA MEDICAL CENTER,IA,1574.0,5,0.9983,high (4-6 conditions),MASON CITY,50401.0,CERRO GORDO,Acute Care Hospitals,Voluntary non-profit - Private,Yes,19033,65537,2325,42785,38032,832,67,2331,Nonprofit
160067,MERCYONE WATERLOO MEDICAL CENTER,IA,319.0,2,0.9066,medium (2-3 conditions),WATERLOO,50702.0,BLACK HAWK,Acute Care Hospitals,Voluntary non-profit - Church,Yes,19013,64581,1842,130693,102976,12370,113,6579,Nonprofit
160069,MERCYONE DUBUQUE MEDICAL CENTER,IA,391.0,2,0.9925,medium (2-3 conditions),DUBUQUE,52001.0,DUBUQUE,Acute Care Hospitals,Voluntary non-profit - Church,Yes,19061,75919,2773,98948,87977,2859,97,3049,Nonprofit
160079,MERCY MEDICAL CENTER - CEDAR RAPIDS,IA,1331.0,4,0.9589,high (4-6 conditions),CEDAR RAPIDS,52403.0,LINN,Acute Care Hospitals,Voluntary non-profit - Church,Yes,19113,76421,2006,229463,190404,12979,210,9120,Nonprofit
160080,MERCYONE CLINTON MEDICAL CENTER,IA,586.0,3,0.9647,medium (2-3 conditions),CLINTON,52732.0,CLINTON,Acute Care Hospitals,Voluntary non-profit - Private,Yes,19045,65177,3062,46383,41505,1332,31,1622,Nonprofit
160082,UNITYPOINT HEALTH - DES MOINES IOWA METHODIST MEDI,IA,4063.0,5,0.955,high (4-6 conditions),DES MOINES,50309.0,POLK,Acute Care Hospitals,Voluntary non-profit - Private,Yes,19153,81621,1336,497441,368617,36708,400,49816,Nonprofit
160083,MERCYONE DES MOINES MEDICAL CENTER,IA,2343.0,5,0.8973,high (4-6 conditions),DES MOINES,50314.0,POLK,Acute Care Hospitals,Voluntary non-profit - Private,Yes,19153,81621,1336,497441,368617,36708,400,49816,Nonprofit
160089,OTTUMWA REGIONAL HEALTH CENTER,IA,82.0,1,0.9612,low (1 condition),OTTUMWA,52501.0,WAPELLO,Acute Care Hospitals,Proprietary,Yes,19179,60034,3024,35265,27265,1108,4,4457,For-profit
160104,TRINITY - BETTENDORF,IA,239.0,2,0.9753,medium (2-3 conditions),BETTENDORF,52722.0,SCOTT,Acute Care Hospitals,Voluntary non-profit - Private,Yes,19163,76363,1338,174302,135337,12177,200,12512,Nonprofit
160110,ALLEN HOSPITAL,IA,1101.0,5,0.9472,high (4-6 conditions),WATERLOO,50703.0,BLACK HAWK,Acute Care Hospitals,Voluntary non-profit - Private,Yes,19013,64581,1842,130693,102976,12370,113,6579,Nonprofit
160112,SPENCER MUNICIPAL HOSPITAL,IA,301.0,2,1.0234,medium (2-3 conditions),SPENCER,51301.0,CLAY,Acute Care Hospitals,Government - Local,Yes,19041,64082,6067,16446,15085,90,71,743,Government
160117,FINLEY HOSPITAL,IA,315.0,2,1.0143,medium (2-3 conditions),DUBUQUE,52001.0,DUBUQUE,Acute Care Hospitals,Voluntary non-profit - Private,Yes,19061,75919,2773,98948,87977,2859,97,3049,Nonprofit
160124,LAKES REGIONAL HEALTHCARE,IA,217.0,2,1.0547,medium (2-3 conditions),SPIRIT LAKE,51360.0,DICKINSON,Acute Care Hospitals,Government - Local,Yes,19059,74570,3265,17844,16744,10,4,478,Government
160146,ST LUKES REGIONAL MEDICAL CENTER,IA,700.0,3,0.9495,medium (2-3 conditions),SIOUX CITY,51104.0,WOODBURY,Acute Care Hospitals,Voluntary non-profit - Private,Yes,19193,70147,3560,105760,72293,4735,1414,19487,Nonprofit
160153,MERCYONE SIOUXLAND MEDICAL CENTER,IA,659.0,3,1.024,medium (2-3 conditions),SIOUX CITY,51101.0,WOODBURY,Acute Care Hospitals,Voluntary non-profit - Private,Yes,19193,70147,3560,105760,72293,4735,1414,19487,Nonprofit
170006,"MERCY HOSPITAL PITTSBURG, INC",KS,213.0,2,0.9647,medium (2-3 conditions),PITTSBURG,66762.0,CRAWFORD,Acute Care Hospitals,Voluntary non-profit - Church,Yes,20037,50311,2799,38963,32839,718,183,2769,Nonprofit
170009,SAINT JOHN HOSPITAL,KS,225.0,2,0.9824,medium (2-3 conditions),LEAVENWORTH,66048.0,LEAVENWORTH,Acute Care Hospitals,Voluntary non-profit - Other,Yes,20103,86906,3854,82493,64124,5916,343,6027,Nonprofit
170012,SALINA REGIONAL HEALTH CENTER,KS,772.0,4,0.8743,high (4-6 conditions),SALINA,67401.0,SALINE,Acute Care Hospitals,Voluntary non-profit - Private,Yes,20169,63316,3634,53801,42359,1866,33,6715,Nonprofit
170013,HAYS MEDICAL CENTER,KS,1038.0,4,0.9569,high (4-6 conditions),HAYS,67601.0,ELLIS,Acute Care Hospitals,Voluntary non-profit - Other,Yes,20051,59889,4452,28870,25267,342,33,2039,Nonprofit
170014,ADVENTHEALTH OTTAWA,KS,227.0,2,1.0887,medium (2-3 conditions),OTTAWA,66067.0,FRANKLIN,Acute Care Hospitals,Government - Local,No,20059,72142,6333,25994,23173,203,87,1215,Government
170016,UNIVERSITY OF KANSAS HEALTH SYSTEM - ST FRANCIS CAMPUS,KS,1035.0,4,0.9276,high (4-6 conditions),TOPEKA,66606.0,SHAWNEE,Acute Care Hospitals,Voluntary non-profit - Church,Yes,20177,66043,1865,178315,127911,13092,748,24244,Nonprofit
170020,HUTCHINSON REGIONAL MEDICAL CENTER INC,KS,1000.0,4,0.9203,high (4-6 conditions),HUTCHINSON,67502.0,RENO,Acute Care Hospitals,Voluntary non-profit - Private,Yes,20155,60498,1953,61693,51001,1388,233,6245,Nonprofit
170023,ST. CATHERINE HOSPITAL - GARDEN CITY,KS,235.0,2,1.0039,medium (2-3 conditions),GARDEN CITY,67846.0,FINNEY,Acute Care Hospitals,Voluntary non-profit - Church,Yes,20055,72437,4380,38001,14422,1605,41,19915,Nonprofit
170040,UNIVERSITY OF KANSAS HOSPITAL,KS,2204.0,5,0.9458,high (4-6 conditions),KANSAS CITY,66160.0,WYANDOTTE,Acute Care Hospitals,Government - Hospital District or Authority,Yes,20209,60582,1645,167277,62177,31495,489,55765,Government
170049,UNIVERSITY OF KANSAS HEALTH SYSTEM OLATHE HOSPITAL,KS,1065.0,4,0.9226,high (4-6 conditions),OLATHE,66061.0,JOHNSON,Acute Care Hospitals,Voluntary non-profit - Private,Yes,20091,107261,1307,614764,472785,29088,666,55724,Nonprofit
170068,SOUTHWEST MEDICAL CENTER,KS,129.0,1,1.0568,low (1 condition),LIBERAL,67901.0,SEWARD,Acute Care Hospitals,Government - Local,Yes,20175,62269,6466,21640,5603,545,46,14418,Government
170074,"STORMONT VAIL HEALTH FLINT HILLS, LLC",KS,70.0,1,1.0747,low (1 condition),JUNCTION CITY,66441.0,GEARY,Acute Care Hospitals,Voluntary non-profit - Private,Yes,20061,57344,5413,35895,19955,5757,78,5811,Nonprofit
170086,STORMONT VAIL HOSPITAL,KS,2381.0,5,0.9873,high (4-6 conditions),TOPEKA,66604.0,SHAWNEE,Acute Care Hospitals,Voluntary non-profit - Private,Yes,20177,66043,1865,178315,127911,13092,748,24244,Nonprofit
170103,NMC HEALTH,KS,263.0,2,1.0103,medium (2-3 conditions),NEWTON,67114.0,HARVEY,Acute Care Hospitals,Voluntary non-profit - Private,Yes,20079,73269,5024,33823,27475,371,57,4104,Nonprofit
170104,ADVENTHEALTH SHAWNEE MISSION,KS,1265.0,4,0.9813,high (4-6 conditions),SHAWNEE MISSION,66204.0,JOHNSON,Acute Care Hospitals,Voluntary non-profit - Private,Yes,20091,107261,1307,614764,472785,29088,666,55724,Nonprofit
170122,"ASCENSION VIA CHRISTI HOSPITALS WICHITA, INC.",KS,1937.0,5,0.9439,high (4-6 conditions),WICHITA,67214.0,SEDGWICK,Acute Care Hospitals,Voluntary non-profit - Private,Yes,20173,67675,1215,524810,343531,40792,2364,84671,Nonprofit
170123,WESLEY MEDICAL CENTER,KS,2179.0,5,0.893,high (4-6 conditions),WICHITA,67214.0,SEDGWICK,Acute Care Hospitals,Proprietary,Yes,20173,67675,1215,524810,343531,40792,2364,84671,For-profit
170137,LMH,KS,791.0,3,0.9808,medium (2-3 conditions),LAWRENCE,66044.0,DOUGLAS,Acute Care Hospitals,Government - Local,Yes,20045,68756,2645,119547,91508,4758,1233,8443,Government
170142,"ASCENSION VIA CHRISTI HOSPITAL MANHATTAN, INC",KS,329.0,2,0.9031,medium (2-3 conditions),MANHATTAN,66502.0,RILEY,Acute Care Hospitals,Voluntary non-profit - Private,Yes,20161,59560,2284,71710,53106,4385,221,7120,Nonprofit
170146,PROVIDENCE MEDICAL CENTER,KS,718.0,4,1.045,high (4-6 conditions),KANSAS CITY,66112.0,WYANDOTTE,Acute Care Hospitals,Voluntary non-profit - Church,Yes,20209,60582,1645,167277,62177,31495,489,55765,Nonprofit
170175,CENTURA ST. CATHERINE-DODGE CITY,KS,79.0,1,1.0297,low (1 condition),DODGE CITY,67801.0,FORD,Acute Care Hospitals,Proprietary,Yes,20057,70495,5527,34133,12418,767,33,19858,For-profit
170176,OVERLAND PARK REG MED CTR,KS,640.0,3,1.0456,medium (2-3 conditions),OVERLAND PARK,66215.0,JOHNSON,Acute Care Hospitals,Proprietary,Yes,20091,107261,1307,614764,472785,29088,666,55724,For-profit
170182,MENORAH MEDICAL CENTER,KS,1060.0,3,1.1224,medium (2-3 conditions),OVERLAND PARK,66209.0,JOHNSON,Acute Care Hospitals,Proprietary,Yes,20091,107261,1307,614764,472785,29088,666,55724,For-profit
170185,SAINT LUKE'S SOUTH HOSPITAL,KS,947.0,3,0.9759,medium (2-3 conditions),OVERLAND PARK,66213.0,JOHNSON,Acute Care Hospitals,Voluntary non-profit - Other,Yes,20091,107261,1307,614764,472785,29088,666,55724,Nonprofit
170186,KANSAS HEART HOSPITAL,KS,787.0,3,0.8612,medium (2-3 conditions),WICHITA,67226.0,SEDGWICK,Acute Care Hospitals,Proprietary,No,20173,67675,1215,524810,343531,40792,2364,84671,For-profit
170187,SALINA SURGICAL HOSPITAL,KS,788.0,1,0.5593,low (1 condition),SALINA,67401.0,SALINE,Acute Care Hospitals,Physician,No,20169,63316,3634,53801,42359,1866,33,6715,Physician-owned
170188,KANSAS CITY ORTHOPAEDIC INSTITUTE,KS,1285.0,1,0.5524,low (1 condition),LEAWOOD,66211.0,JOHNSON,Acute Care Hospitals,Physician,No,20091,107261,1307,614764,472785,29088,666,55724,Physician-owned
170191,UNIVERSITY  OF KS HLTH SYSTEM GREAT BEND CAMPUS,KS,173.0,2,0.9926,medium (2-3 conditions),GREAT BEND,67530.0,BARTON,Acute Care Hospitals,Government - Hospital District or Authority,Yes,20009,56733,2762,25275,20072,165,40,4149,Government
170196,"KANSAS SPINE & SPECIALTY HOSPITAL, LLC",KS,341.0,1,0.9199,low (1 condition),WICHITA,67226.0,SEDGWICK,Acute Care Hospitals,Physician,No,20173,67675,1215,524810,343531,40792,2364,84671,Physician-owned
170197,KANSAS MEDICAL CENTER LLC,KS,564.0,4,0.991,high (4-6 conditions),ANDOVER,67002.0,BUTLER,Acute Care Hospitals,Proprietary,Yes,20015,80375,2305,67916,58612,1392,402,3813,For-profit
170200,"VIA CHRISTI HOSPITAL WICHITA ST TERESA, INC",KS,531.0,2,0.9724,medium (2-3 conditions),WICHITA,67235.0,SEDGWICK,Acute Care Hospitals,Voluntary non-profit - Church,Yes,20173,67675,1215,524810,343531,40792,2364,84671,Nonprofit
170204,"ROCK REGIONAL HOSPITAL, LLC",KS,109.0,1,0.9725,low (1 condition),DERBY,67037.0,SEDGWICK,Acute Care Hospitals,Proprietary,Yes,20173,67675,1215,524810,343531,40792,2364,84671,For-profit
170208,"ADVENTHEALTH SOUTH OVERLAND PARK, INC",KS,120.0,2,1.0241,medium (2-3 conditions),OVERLAND PARK,66223.0,JOHNSON,Acute Care Hospitals,Voluntary non-profit - Private,Yes,20091,107261,1307,614764,472785,29088,666,55724,Nonprofit
180001,ST ELIZABETH FT THOMAS,KY,614.0,3,1.0658,medium (2-3 conditions),FORT THOMAS,41075.0,CAMPBELL,Acute Care Hospitals,Voluntary non-profit - Private,Yes,21037,77271,3394,93193,84518,2596,16,2362,Nonprofit
180002,WHITESBURG ARH HOSPITAL,KY,313.0,3,1.0044,medium (2-3 conditions),WHITESBURG,41858.0,LETCHER,Acute Care Hospitals,Voluntary non-profit - Other,Yes,21133,40501,4196,21146,20459,157,6,159,Nonprofit
180004,OWENSBORO HEALTH MUHLENBERG COMMUNITY HOSPITAL,KY,170.0,2,0.9974,medium (2-3 conditions),GREENVILLE,42345.0,MUHLENBERG,Acute Care Hospitals,Voluntary non-profit - Private,Yes,21177,52672,4858,30712,28310,645,47,595,Nonprofit
180005,HIGHLANDS ARH REGIONAL MEDICAL CENTER,KY,174.0,2,1.0515,medium (2-3 conditions),PRESTONSBURG,41653.0,FLOYD,Acute Care Hospitals,Proprietary,Yes,21071,41582,4825,35342,34027,190,10,330,For-profit
180009,KING'S DAUGHTERS' MEDICAL CENTER,KY,2324.0,5,1.0196,high (4-6 conditions),ASHLAND,41101.0,BOYD,Acute Care Hospitals,Voluntary non-profit - Private,Yes,21019,60659,2677,48043,44397,996,37,816,Nonprofit
180010,SAINT JOSEPH HOSPITAL,KY,916.0,4,1.07,high (4-6 conditions),LEXINGTON,40504.0,FAYETTE,Acute Care Hospitals,Voluntary non-profit - Church,Yes,21067,67631,1736,321122,217678,45939,159,29571,Nonprofit
180011,SAINT JOSEPH LONDON,KY,450.0,2,1.0258,medium (2-3 conditions),LONDON,40741.0,LAUREL,Acute Care Hospitals,Voluntary non-profit - Private,Yes,21125,56999,5454,62731,59665,297,29,1039,Nonprofit
180012,BAPTIST HEALTH HARDIN,KY,1670.0,4,1.0393,high (4-6 conditions),ELIZABETHTOWN,42701.0,HARDIN,Acute Care Hospitals,Government - Local,Yes,21093,67608,3409,111452,83392,12206,202,7007,Government
180013,THE MEDICAL CENTER (BOWLING GREEN),KY,1651.0,5,0.9433,high (4-6 conditions),BOWLING GREEN,42101.0,WARREN,Acute Care Hospitals,Voluntary non-profit - Private,Yes,21227,64801,2103,137549,103151,11732,101,9543,Nonprofit
180017,T J SAMSON COMMUNITY HOSPITAL,KY,682.0,3,1.0192,medium (2-3 conditions),GLASGOW,42141.0,BARREN,Acute Care Hospitals,Voluntary non-profit - Other,Yes,21009,49171,2404,44670,39349,1630,10,1904,Nonprofit
180018,ST CLAIRE REGIONAL MEDICAL CENTER,KY,401.0,2,1.0721,medium (2-3 conditions),MOREHEAD,40351.0,ROWAN,Acute Care Hospitals,Government - Federal,Yes,21205,53657,5933,24525,23008,451,13,543,Government
180019,MEADOWVIEW REGIONAL MEDICAL CENTER,KY,214.0,2,0.9459,medium (2-3 conditions),MAYSVILLE,41056.0,MASON,Acute Care Hospitals,Proprietary,Yes,21161,51473,5109,16995,14854,1052,0,384,For-profit
180020,MIDDLESBORO ARH HOSPITAL,KY,77.0,1,1.0517,low (1 condition),MIDDLESBORO,40965.0,BELL,Acute Care Hospitals,Voluntary non-profit - Private,Yes,21013,32403,3821,23878,22255,533,21,177,Nonprofit
180025,CHI SAINT JOSEPH FLAGET MEMORIAL HOSPITAL,KY,203.0,2,1.0062,medium (2-3 conditions),BARDSTOWN,40004.0,NELSON,Acute Care Hospitals,Voluntary non-profit - Private,Yes,21179,67888,2740,47102,42165,2400,22,1278,Nonprofit
180027,MURRAY-CALLOWAY COUNTY HOSPITAL,KY,492.0,3,1.0233,medium (2-3 conditions),MURRAY,42071.0,CALLOWAY,Acute Care Hospitals,Voluntary non-profit - Other,Yes,21035,51854,3769,37882,33220,1380,88,1314,Nonprofit
180029,HAZARD ARH REGIONAL MEDICAL CENTER,KY,541.0,4,1.0561,high (4-6 conditions),HAZARD,41701.0,PERRY,Acute Care Hospitals,Voluntary non-profit - Private,Yes,21193,45261,7925,27847,26231,276,92,90,Nonprofit
180035,ST ELIZABETH EDGEWOOD,KY,2215.0,5,1.0394,high (4-6 conditions),EDGEWOOD,41017.0,KENTON,Acute Care Hospitals,Voluntary non-profit - Church,Yes,21117,79421,2610,169817,146110,7106,94,7758,Nonprofit
180038,OWENSBORO HEALTH REGIONAL HOSPITAL,KY,1628.0,4,0.9954,high (4-6 conditions),OWENSBORO,42303.0,DAVIESS,Acute Care Hospitals,Voluntary non-profit - Private,Yes,21059,65323,3243,103195,88226,4401,184,4175,Nonprofit
180040,UOFL HEALTH - JEWISH HOSPITAL and Mary & Elizabeth Hospital,KY,1618.0,5,1.0361,high (4-6 conditions),LOUISVILLE,40202.0,JEFFERSON,Acute Care Hospitals,Voluntary non-profit - Private,Yes,21111,67849,1081,777392,492366,168473,338,60873,Nonprofit
180043,AdventHealthManchester,KY,139.0,2,1.0185,medium (2-3 conditions),MANCHESTER,40962.0,CLAY,Acute Care Hospitals,Voluntary non-profit - Church,Yes,21051,39607,4983,20105,18374,919,10,244,Nonprofit
180044,PIKEVILLE MEDICAL CENTER,KY,1062.0,4,1.0613,high (4-6 conditions),PIKEVILLE,41501.0,PIKE,Acute Care Hospitals,Voluntary non-profit - Private,Yes,21195,42179,3009,57466,54397,348,12,701,Nonprofit
180045,ST ELIZABETH FLORENCE,KY,740.0,3,1.0205,medium (2-3 conditions),FLORENCE,41042.0,BOONE,Acute Care Hospitals,Voluntary non-profit - Private,Yes,21015,94752,3275,137676,115033,5240,58,7827,Nonprofit
180048,EPHRAIM MCDOWELL REGIONAL MEDICAL CENTER,KY,827.0,4,0.9944,high (4-6 conditions),DANVILLE,40422.0,BOYLE,Acute Care Hospitals,Voluntary non-profit - Private,Yes,21021,61635,3997,30708,25485,2260,6,1438,Nonprofit
180049,BAPTIST HEALTH RICHMOND,KY,457.0,3,0.9472,medium (2-3 conditions),RICHMOND,40475.0,MADISON,Acute Care Hospitals,Voluntary non-profit - Private,Yes,21151,62407,2629,94064,82786,3308,92,3180,Nonprofit
180050,HARLAN ARH HOSPITAL,KY,274.0,3,1.08,medium (2-3 conditions),HARLAN,40831.0,HARLAN,Acute Care Hospitals,Voluntary non-profit - Other,Yes,21095,37198,3833,26185,24675,387,16,40,Nonprofit
180051,JENNIE STUART MEDICAL CENTER,KY,452.0,3,1.0129,medium (2-3 conditions),HOPKINSVILLE,42241.0,CHRISTIAN,Acute Care Hospitals,Voluntary non-profit - Private,Yes,21047,54190,3191,72599,46719,13823,72,6120,Nonprofit
180056,DEACONESS HENDERSON HOSPITAL,KY,316.0,2,1.0251,medium (2-3 conditions),HENDERSON,42420.0,HENDERSON,Acute Care Hospitals,Voluntary non-profit - Church,Yes,21101,58239,2898,44493,37548,3032,148,1436,Nonprofit
180064,SAINT JOSEPH MOUNT STERLING,KY,156.0,2,1.0047,medium (2-3 conditions),MOUNT STERLING,40353.0,MONTGOMERY,Acute Care Hospitals,Voluntary non-profit - Private,Yes,21173,57468,5260,28271,26033,749,41,942,Nonprofit
180067,UNIVERSITY OF KENTUCKY HOSPITAL,KY,843.0,4,0.9055,high (4-6 conditions),LEXINGTON,40536.0,FAYETTE,Acute Care Hospitals,Government - State,Yes,21067,67631,1736,321122,217678,45939,159,29571,Government
180069,TUG VALLEY ARH REGIONAL MEDICAL CENTER,KY,298.0,3,1.1052,medium (2-3 conditions),SOUTH WILLIAMSON,41503.0,PIKE,Acute Care Hospitals,Proprietary,Yes,21195,42179,3009,57466,54397,348,12,701,For-profit
180070,OWENSBORO HEALTH TWIN LAKES MEDICAL CENTER,KY,199.0,2,0.981,medium (2-3 conditions),LEITCHFIELD,42754.0,GRAYSON,Acute Care Hospitals,Voluntary non-profit - Other,Yes,21085,49893,2428,26586,25216,264,18,409,Nonprofit
180078,PAINTSVILLE ARH HOSPITAL,KY,132.0,1,1.1367,low (1 condition),PAINTSVILLE,41240.0,JOHNSON,Acute Care Hospitals,Proprietary,Yes,21115,43014,4550,22464,21416,126,26,120,For-profit
180079,HARRISON MEMORIAL HOSPITAL,KY,102.0,1,1.0348,low (1 condition),CYNTHIANA,41031.0,HARRISON,Acute Care Hospitals,Voluntary non-profit - Other,Yes,21097,63205,3590,18971,17747,354,16,420,Nonprofit
180080,BAPTIST HEALTH CORBIN,KY,520.0,3,0.9063,medium (2-3 conditions),CORBIN,40701.0,WHITLEY,Acute Care Hospitals,Voluntary non-profit - Private,Yes,21235,41719,4416,36755,34857,390,30,712,Nonprofit
180087,TAYLOR REGIONAL HOSPITAL,KY,227.0,2,0.9489,medium (2-3 conditions),CAMPBELLSVILLE,42718.0,TAYLOR,Acute Care Hospitals,Government - Hospital District or Authority,Yes,21217,61871,4838,26205,23284,1205,16,753,Government
180088,"NORTON HOSPITALS, INC",KY,4690.0,5,1.0535,high (4-6 conditions),LOUISVILLE,40202.0,JEFFERSON,Acute Care Hospitals,Voluntary non-profit - Private,Yes,21111,67849,1081,777392,492366,168473,338,60873,Nonprofit
180092,CLARK REGIONAL MEDICAL CENTER,KY,384.0,4,1.0022,high (4-6 conditions),WINCHESTER,40391.0,CLARK,Acute Care Hospitals,Proprietary,Yes,21049,67824,3887,37004,32678,1575,27,1493,For-profit
180093,BAPTIST HEALTH DEACONESS MADISONVILLE,KY,599.0,4,0.946,high (4-6 conditions),MADISONVILLE,42431.0,HOPKINS,Acute Care Hospitals,Voluntary non-profit - Private,Yes,21107,57610,4163,45143,39423,2736,53,1140,Nonprofit
180101,GEORGETOWN COMMUNITY HOSPITAL,KY,115.0,2,1.038,medium (2-3 conditions),GEORGETOWN,40324.0,SCOTT,Acute Care Hospitals,Proprietary,Yes,21209,83660,3520,58269,49332,2763,19,3192,For-profit
180102,MERCY HEALTH - LOURDES HOSPITAL,KY,1510.0,6,1.034,high (4-6 conditions),PADUCAH,42003.0,MC CRACKEN,Acute Care Hospitals,Voluntary non-profit - Church,Yes,21145,62385,3051,67584,55068,6730,82,2210,Nonprofit
180103,BAPTIST HEALTH LEXINGTON,KY,2155.0,5,0.9671,high (4-6 conditions),LEXINGTON,40503.0,FAYETTE,Acute Care Hospitals,Voluntary non-profit - Other,Yes,21067,67631,1736,321122,217678,45939,159,29571,Nonprofit
180104,BAPTIST HEALTH PADUCAH,KY,1283.0,4,0.9632,high (4-6 conditions),PADUCAH,42003.0,MC CRACKEN,Acute Care Hospitals,Voluntary non-profit - Church,Yes,21145,62385,3051,67584,55068,6730,82,2210,Nonprofit
180105,MONROE COUNTY MEDICAL CENTER,KY,266.0,3,1.1204,medium (2-3 conditions),TOMPKINSVILLE,42167.0,MONROE,Acute Care Hospitals,Voluntary non-profit - Other,Yes,21171,49430,5579,11318,10364,292,7,500,Nonprofit
180116,JACKSON PURCHASE MEDICAL CENTER,KY,417.0,3,1.0166,medium (2-3 conditions),MAYFIELD,42066.0,GRAVES,Acute Care Hospitals,Government - Hospital District or Authority,Yes,21083,50576,3457,36612,30933,1493,12,2838,Government
180124,TRISTAR GREENVIEW REGIONAL HOSPITAL,KY,651.0,4,1.0083,high (4-6 conditions),BOWLING GREEN,42104.0,WARREN,Acute Care Hospitals,Proprietary,Yes,21227,64801,2103,137549,103151,11732,101,9543,For-profit
180127,FRANKFORT REGIONAL MEDICAL CENTER,KY,367.0,2,0.987,medium (2-3 conditions),FRANKFORT,40601.0,FRANKLIN,Acute Care Hospitals,Proprietary,Yes,21073,66470,6060,51563,41700,4757,26,2109,For-profit
180128,THREE RIVERS MEDICAL CENTER,KY,68.0,1,1.0051,low (1 condition),LOUISA,41230.0,LAWRENCE,Acute Care Hospitals,Proprietary,Yes,21127,45584,6280,16171,15649,8,1,105,For-profit
180130,BAPTIST HEALTH LOUISVILLE,KY,3662.0,6,0.9671,high (4-6 conditions),LOUISVILLE,40207.0,JEFFERSON,Acute Care Hospitals,Voluntary non-profit - Private,Yes,21111,67849,1081,777392,492366,168473,338,60873,Nonprofit
180132,LAKE CUMBERLAND REGIONAL HOSPITAL,KY,889.0,4,1.0256,high (4-6 conditions),SOMERSET,42503.0,PULASKI,Acute Care Hospitals,Proprietary,Yes,21199,50943,2251,65503,60709,574,69,1948,For-profit
180141,UNIVERSITY OF LOUISVILLE HOSPITAL,KY,219.0,3,1.0346,medium (2-3 conditions),LOUISVILLE,40202.0,JEFFERSON,Acute Care Hospitals,Voluntary non-profit - Private,Yes,21111,67849,1081,777392,492366,168473,338,60873,Nonprofit
180143,SAINT JOSEPH EAST,KY,280.0,3,1.1378,medium (2-3 conditions),LEXINGTON,40509.0,FAYETTE,Acute Care Hospitals,Voluntary non-profit - Private,Yes,21067,67631,1736,321122,217678,45939,159,29571,Nonprofit
190002,OCHSNER LAFAYETTE GENERAL MEDICAL CENTER,LA,2096.0,6,0.9655,high (4-6 conditions),LAFAYETTE,70503.0,LAFAYETTE,Acute Care Hospitals,Voluntary non-profit - Private,Yes,22055,67660,2941,245075,153061,62014,253,15847,Nonprofit
190004,THIBODAUX REGIONAL MEDICAL CENTER,LA,683.0,4,0.945,high (4-6 conditions),THIBODAUX,70301.0,LAFOURCHE,Acute Care Hospitals,Voluntary non-profit - Private,Yes,22057,63439,4877,96670,72346,12622,2110,5562,Nonprofit
190005,UNIVERSITY MEDICAL CENTER NEW ORLEANS,LA,73.0,1,1.003,low (1 condition),NEW ORLEANS,70112.0,ORLEANS,Acute Care Hospitals,Voluntary non-profit - Private,Yes,22071,55339,1552,376035,113133,205700,480,29855,Nonprofit
190006,OCHSNER UNIVERSITY HOSPITAL AND CLINICS,LA,122.0,2,1.0731,medium (2-3 conditions),LAFAYETTE,70506.0,LAFAYETTE,Acute Care Hospitals,Voluntary non-profit - Private,Yes,22055,67660,2941,245075,153061,62014,253,15847,Nonprofit
190007,NATCHITOCHES REGIONAL MEDICAL CENTER,LA,94.0,1,1.0294,low (1 condition),NATCHITOCHES,71457.0,NATCHITOCHES,Acute Care Hospitals,Government - Hospital District or Authority,Yes,22069,46798,1970,37047,18630,14645,336,1434,Government
190008,TERREBONNE GENERAL MEDICAL CENTER - PARISH,LA,623.0,3,0.9871,medium (2-3 conditions),HOUMA,70360.0,TERREBONNE,Acute Care Hospitals,Government - Hospital District or Authority,Yes,22109,64819,4495,107362,68948,20377,5075,7369,Government
190014,OCHSNER ST MARY,LA,81.0,1,1.0195,low (1 condition),MORGAN CITY,70380.0,ST. MARY,Acute Care Hospitals,Voluntary non-profit - Private,Yes,22101,51768,3798,48455,26135,13994,750,4536,Nonprofit
190015,NORTH OAKS MEDICAL CENTER,LA,1050.0,4,1.1187,high (4-6 conditions),HAMMOND,70403.0,TANGIPAHOA,Acute Care Hospitals,Government - Hospital District or Authority,Yes,22105,57256,4845,135218,82315,40043,78,7511,Government
190017,OPELOUSAS GENERAL HEALTH SYSTEM,LA,555.0,4,1.0259,high (4-6 conditions),OPELOUSAS,70570.0,ST. LANDRY,Acute Care Hospitals,Government - Hospital District or Authority,Yes,22097,45637,3082,82128,43577,32809,106,2338,Government
190019,CHRISTUS ST FRANCES CABRINI HOSPITAL,LA,1569.0,4,0.9792,high (4-6 conditions),ALEXANDRIA,71301.0,RAPIDES,Acute Care Hospitals,Voluntary non-profit - Private,Yes,22079,55946,1929,128470,76742,39816,557,5178,Nonprofit
190020,LANE REGIONAL MEDICAL CENTER,LA,186.0,2,1.0214,medium (2-3 conditions),ZACHARY,70791.0,E. BATON ROUGE,Acute Care Hospitals,Government - Hospital District or Authority,Yes,22033,63075,2141,452821,190196,199540,487,29827,Government
190026,RAPIDES REGIONAL MEDICAL CENTER,LA,1019.0,3,1.0653,medium (2-3 conditions),ALEXANDRIA,71301.0,RAPIDES,Acute Care Hospitals,Proprietary,Yes,22079,55946,1929,128470,76742,39816,557,5178,For-profit
190027,CHRISTUS OCHSNER ST PATRICK HOSPITAL,LA,767.0,4,0.9893,high (4-6 conditions),LAKE CHARLES,70601.0,CALCASIEU,Acute Care Hospitals,Voluntary non-profit - Private,Yes,22019,67849,3462,208668,136233,49378,238,10805,Nonprofit
190036,OCHSNER MEDICAL CENTER ACUTE,LA,1415.0,4,1.0216,high (4-6 conditions),NEW ORLEANS,70121.0,JEFFERSON,Acute Care Hospitals,Voluntary non-profit - Private,Yes,22051,65246,1663,432484,208208,110533,618,78562,Nonprofit
190039,WEST JEFFERSON MEDICAL CENTER,LA,309.0,2,1.04,medium (2-3 conditions),MARRERO,70072.0,JEFFERSON,Acute Care Hospitals,Voluntary non-profit - Private,Yes,22051,65246,1663,432484,208208,110533,618,78562,Nonprofit
190040,SLIDELL MEMORIAL HOSPITAL,LA,795.0,4,1.111,high (4-6 conditions),SLIDELL,70458.0,ST. TAMMANY,Acute Care Hospitals,Government - Hospital District or Authority,Yes,22103,79277,2804,269331,197521,32335,594,21369,Government
190041,CHRISTUS SHREVEPORT-BOSSIER HEALTH SYSTEM,LA,1511.0,5,1.0421,high (4-6 conditions),SHREVEPORT,71105.0,CADDO,Acute Care Hospitals,Voluntary non-profit - Private,Yes,22017,50067,1675,232973,99380,114133,509,8531,Nonprofit
190044,ACADIA GENERAL HOSPITAL,LA,322.0,3,0.9665,medium (2-3 conditions),CROWLEY,70526.0,ACADIA,Acute Care Hospitals,Voluntary non-profit - Private,Yes,22001,45266,3343,57218,43941,8983,46,1802,Nonprofit
190045,ST TAMMANY PARISH HOSPITAL,LA,1001.0,5,0.9649,high (4-6 conditions),COVINGTON,70433.0,ST. TAMMANY,Acute Care Hospitals,Government - Hospital District or Authority,Yes,22103,79277,2804,269331,197521,32335,594,21369,Government
190046,TOURO INFIRMARY,LA,243.0,2,1.0571,medium (2-3 conditions),NEW ORLEANS,70115.0,ORLEANS,Acute Care Hospitals,Voluntary non-profit - Private,Yes,22071,55339,1552,376035,113133,205700,480,29855,Nonprofit
190050,BEAUREGARD MEMORIAL HOSPITAL,LA,189.0,2,0.9873,medium (2-3 conditions),DERIDDER,70634.0,BEAUREGARD,Acute Care Hospitals,Government - Hospital District or Authority,Yes,22011,64995,3526,36646,28994,3882,58,1396,Government
190053,OCHSNER AMERICAN LEGION HOSPITAL,LA,324.0,3,1.0431,medium (2-3 conditions),JENNINGS,70546.0,JEFFRSON DAVIS,Acute Care Hospitals,Voluntary non-profit - Private,Yes,22053,56500,9711,32083,24707,4710,66,783,Nonprofit
190054,IBERIA MEDICAL CENTER,LA,385.0,2,0.9565,medium (2-3 conditions),NEW IBERIA,70560.0,IBERIA,Acute Care Hospitals,Voluntary non-profit - Private,Yes,22045,57811,3369,69194,39249,21079,208,3810,Nonprofit
190060,LAKE CHARLES MEMORIAL HOSPITAL,LA,957.0,4,0.9804,high (4-6 conditions),LAKE CHARLES,70601.0,CALCASIEU,Acute Care Hospitals,Voluntary non-profit - Private,Yes,22019,67849,3462,208668,136233,49378,238,10805,Nonprofit
190064,OUR LADY OF THE LAKE REGIONAL MEDICAL CENTER,LA,1401.0,4,0.9576,high (4-6 conditions),BATON ROUGE,70808.0,E. BATON ROUGE,Acute Care Hospitals,Voluntary non-profit - Church,Yes,22033,63075,2141,452821,190196,199540,487,29827,Nonprofit
190065,BATON ROUGE GENERAL MEDICAL CENTER,LA,961.0,4,1.0289,high (4-6 conditions),BATON ROUGE,70809.0,E. BATON ROUGE,Acute Care Hospitals,Voluntary non-profit - Private,Yes,22033,63075,2141,452821,190196,199540,487,29827,Nonprofit
190086,NORTHERN LOUISIANA MEDICAL CENTER,LA,324.0,2,0.9899,medium (2-3 conditions),RUSTON,71270.0,LINCOLN,Acute Care Hospitals,Proprietary,Yes,22061,38035,5384,48160,25263,17787,372,1753,For-profit
190088,SPRINGHILL MEDICAL CENTER,LA,74.0,1,0.9954,low (1 condition),SPRINGHILL,71075.0,WEBSTER,Acute Care Hospitals,Voluntary non-profit - Private,Yes,22119,37396,2742,36189,22322,12068,114,780,Nonprofit
190090,WINN PARISH MEDICAL CENTER,LA,94.0,1,1.022,low (1 condition),WINNFIELD,71483.0,WINN,Acute Care Hospitals,Proprietary,Yes,22127,46368,5533,13506,8271,3845,30,979,For-profit
190098,OCHSNER LSU HEALTH SHREVEPORT,LA,99.0,1,0.9418,low (1 condition),SHREVEPORT,71130.0,CADDO,Acute Care Hospitals,Voluntary non-profit - Private,Yes,22017,50067,1675,232973,99380,114133,509,8531,Nonprofit
190099,AVOYELLES HOSPITAL,LA,67.0,1,1.0617,low (1 condition),MARKSVILLE,71351.0,AVOYELLES,Acute Care Hospitals,Proprietary,Yes,22009,39439,5708,39176,24690,10399,280,1494,For-profit
190102,"OUR LADY OF LOURDES REGIONAL MEDICAL CENTER, INC",LA,2109.0,5,1.0175,high (4-6 conditions),LAFAYETTE,70508.0,LAFAYETTE,Acute Care Hospitals,Voluntary non-profit - Private,Yes,22055,67660,2941,245075,153061,62014,253,15847,Nonprofit
190111,WILLIS KNIGHTON MEDICAL CENTER,LA,3361.0,5,1.0311,high (4-6 conditions),SHREVEPORT,71103.0,CADDO,Acute Care Hospitals,Voluntary non-profit - Private,Yes,22017,50067,1675,232973,99380,114133,509,8531,Nonprofit
190114,CLAIBORNE MEMORIAL MEDICAL CENTER,LA,192.0,2,1.037,medium (2-3 conditions),HOMER,71040.0,CLAIBORNE,Acute Care Hospitals,Government - Hospital District or Authority,Yes,22027,31784,2659,14019,6272,6799,2,471,Government
190125,ST FRANCIS MEDICAL CENTER,LA,1180.0,4,0.9883,high (4-6 conditions),MONROE,71201.0,OUACHITA,Acute Care Hospitals,Voluntary non-profit - Private,Yes,22073,51241,2631,158916,88405,58810,170,5668,Nonprofit
190140,FRANKLIN MEDICAL CENTER,LA,88.0,1,1.0012,low (1 condition),WINNSBORO,71295.0,FRANKLIN,Acute Care Hospitals,Government - Hospital District or Authority,Yes,22041,44103,4478,19590,12811,5619,6,320,Government
190144,MINDEN MEDICAL CENTER,LA,230.0,2,1.0205,medium (2-3 conditions),MINDEN,71055.0,WEBSTER,Acute Care Hospitals,Proprietary,Yes,22119,37396,2742,36189,22322,12068,114,780,For-profit
190145,LASALLE GENERAL HOSPITAL,LA,60.0,1,1.0186,low (1 condition),JENA,71342.0,LASALLE,Acute Care Hospitals,Government - Hospital District or Authority,No,22059,67077,6893,14804,11108,1680,0,1315,Government
190160,GLENWOOD REGIONAL MEDICAL CENTER,LA,1051.0,4,1.107,high (4-6 conditions),WEST MONROE,71291.0,OUACHITA,Acute Care Hospitals,Proprietary,Yes,22073,51241,2631,158916,88405,58810,170,5668,For-profit
190164,BYRD REGIONAL HOSPITAL,LA,354.0,3,1.0593,medium (2-3 conditions),LEESVILLE,71446.0,VERNON,Acute Care Hospitals,Proprietary,Yes,22115,58281,2655,47764,33500,6212,368,4379,For-profit
190167,MERCY REGIONAL MEDICAL CENTER,LA,237.0,1,0.9534,low (1 condition),VILLE PLATTE,70586.0,EVANGELINE,Acute Care Hospitals,Proprietary,Yes,22039,42273,3491,32162,20731,8256,59,1428,For-profit
190176,EAST JEFFERSON GENERAL HOSPITAL,LA,1037.0,5,1.0223,high (4-6 conditions),METAIRIE,70006.0,JEFFERSON,Acute Care Hospitals,Voluntary non-profit - Private,Yes,22051,65246,1663,432484,208208,110533,618,78562,Nonprofit
190184,CITIZENS MEDICAL CENTER,LA,86.0,2,1.0462,medium (2-3 conditions),COLUMBIA,71418.0,CALDWELL,Acute Care Hospitals,Government - Hospital District or Authority,Yes,22021,44957,8758,9563,7406,1737,2,253,Government
190202,OCHSNER MEDICAL CENTER - BATON ROUGE,LA,334.0,2,1.0173,medium (2-3 conditions),BATON ROUGE,70816.0,E. BATON ROUGE,Acute Care Hospitals,Voluntary non-profit - Private,Yes,22033,63075,2141,452821,190196,199540,487,29827,Nonprofit
190208,EAST CARROLL PARISH HOSPITAL,LA,48.0,1,1.1093,low (1 condition),LAKE PROVIDENCE,71254.0,EAST CARROLL,Acute Care Hospitals,Government - Hospital District or Authority,Yes,22035,28321,5502,7195,2089,4611,50,144,Government
190274,OCHSNER MEDICAL CENTER-KENNER,LA,202.0,2,0.9777,medium (2-3 conditions),KENNER,70065.0,JEFFERSON,Acute Care Hospitals,Voluntary non-profit - Private,Yes,22051,65246,1663,432484,208208,110533,618,78562,Nonprofit
190298,CHRISTUS CENTRAL LOUISIANA SURGICAL HOSPITAL,LA,177.0,1,1.3037,low (1 condition),ALEXANDRIA,71301.0,RAPIDES,Acute Care Hospitals,Proprietary,No,22079,55946,1929,128470,76742,39816,557,5178,For-profit
190318,ACADIAN MEDICAL CENTER,LA,49.0,1,1.025,low (1 condition),EUNICE,70535.0,ST. LANDRY,Acute Care Hospitals,Proprietary,Yes,22097,45637,3082,82128,43577,32809,106,2338,For-profit
200001,ST JOSEPH HOSPITAL,ME,507.0,3,1.0874,medium (2-3 conditions),BANGOR,4401.0,PENOBSCOT,Acute Care Hospitals,Voluntary non-profit - Church,Yes,23019,63248,2103,153571,140416,1482,1249,2967,Nonprofit
200008,NORTHERN LIGHT MERCY HOSPITAL,ME,257.0,2,0.9809,medium (2-3 conditions),PORTLAND,4101.0,CUMBERLAND,Acute Care Hospitals,Voluntary non-profit - Church,Yes,23005,92983,1733,305940,265260,9896,424,8305,Nonprofit
200009,MAINEHEALTH MAINE MEDICAL CENTER,ME,2299.0,5,0.9301,high (4-6 conditions),PORTLAND,4102.0,CUMBERLAND,Acute Care Hospitals,Voluntary non-profit - Private,Yes,23005,92983,1733,305940,265260,9896,424,8305,Nonprofit
200018,NORTHERN LIGHT  A R GOULD HOSPITAL,ME,66.0,1,0.9827,low (1 condition),PRESQUE ISLE,4769.0,AROOSTOOK,Acute Care Hospitals,Voluntary non-profit - Private,Yes,23003,54254,1663,67227,62431,482,885,1059,Nonprofit
200020,YORK HOSPITAL,ME,353.0,2,1.0034,medium (2-3 conditions),YORK,3909.0,YORK,Acute Care Hospitals,Voluntary non-profit - Private,Yes,23031,82904,3247,214731,194888,2303,259,4457,Nonprofit
200021,MAINEHEALTH MID COAST HOSPITAL,ME,472.0,2,0.9657,medium (2-3 conditions),BRUNSWICK,4011.0,CUMBERLAND,Acute Care Hospitals,Voluntary non-profit - Private,Yes,23005,92983,1733,305940,265260,9896,424,8305,Nonprofit
200024,CENTRAL MAINE MEDICAL CENTER,ME,768.0,4,0.9091,high (4-6 conditions),LEWISTON,4240.0,ANDROSCOGGIN,Acute Care Hospitals,Voluntary non-profit - Private,Yes,23001,67298,2594,112323,99078,5173,18,2373,Nonprofit
200031,CARY MEDICAL CENTER,ME,103.0,2,1.0755,medium (2-3 conditions),CARIBOU,4736.0,AROOSTOOK,Acute Care Hospitals,Government - Local,Yes,23003,54254,1663,67227,62431,482,885,1059,Government
200033,NORTHERN LIGHT EASTERN MAINE MEDICAL CENTER,ME,1483.0,4,0.7739,high (4-6 conditions),BANGOR,4401.0,PENOBSCOT,Acute Care Hospitals,Voluntary non-profit - Private,Yes,23019,63248,2103,153571,140416,1482,1249,2967,Nonprofit
200039,MAINE GENERAL MEDICAL CENTER,ME,595.0,3,0.8969,medium (2-3 conditions),AUGUSTA,4330.0,KENNEBEC,Acute Care Hospitals,Voluntary non-profit - Other,Yes,23011,65062,2268,125614,116473,1006,223,2708,Nonprofit
200050,NORTHERN LIGHT MAINE COAST HOSPITAL,ME,172.0,2,0.9836,medium (2-3 conditions),ELLSWORTH,4605.0,HANCOCK,Acute Care Hospitals,Voluntary non-profit - Other,Yes,23009,69630,2902,56084,52254,479,232,1004,Nonprofit
200063,MAINEHEALTH PEN BAY HOSPITAL,ME,259.0,2,1.0306,medium (2-3 conditions),ROCKPORT,4856.0,KNOX,Acute Care Hospitals,Voluntary non-profit - Private,Yes,23013,71903,4160,40860,38432,149,103,734,Nonprofit
210001,MERITUS MEDICAL CENTER,MD,2443.0,4,1.0826,high (4-6 conditions),HAGERSTOWN,21742.0,WASHINGTON,Acute Care Hospitals,Voluntary non-profit - Private,Yes,24043,74157,2375,155033,115547,17483,118,11320,Nonprofit
210002,UNIVERSITY OF MARYLAND MEDICAL CENTER,MD,976.0,5,0.9596,high (4-6 conditions),BALTIMORE,21201.0,BALTIMORE CITY,Acute Care Hospitals,Voluntary non-profit - Private,Yes,24510,59623,1145,577193,151037,342194,980,45420,Nonprofit
210003,UNIVERSITY OF MD CAPITAL REGION MEDICAL CENTER,MD,467.0,3,1.0404,medium (2-3 conditions),UPPER MARLBORO,20774.0,PRINCE GEORGES,Acute Care Hospitals,Voluntary non-profit - Private,Yes,24033,100708,1294,955584,106025,563799,1667,207694,Nonprofit
210004,HOLY CROSS HOSPITAL,MD,974.0,4,0.9835,high (4-6 conditions),SILVER SPRING,20910.0,MONTGOMERY,Acute Care Hospitals,Voluntary non-profit - Church,No,24031,128733,1728,1057586,427787,193539,1216,218219,Nonprofit
210005,FREDERICK HEALTH HOSPITAL,MD,2189.0,4,0.9441,high (4-6 conditions),FREDERICK,21701.0,FREDERICK,Acute Care Hospitals,Voluntary non-profit - Private,Yes,24021,120458,2695,280341,188600,27838,300,34570,Nonprofit
210008,MERCY MEDICAL CENTER INC,MD,286.0,3,1.0773,medium (2-3 conditions),BALTIMORE,21202.0,BALTIMORE CITY,Acute Care Hospitals,Voluntary non-profit - Church,Yes,24510,59623,1145,577193,151037,342194,980,45420,Nonprofit
210009,"JOHNS HOPKINS HOSPITAL, THE",MD,1634.0,5,0.9264,high (4-6 conditions),BALTIMORE,21287.0,BALTIMORE CITY,Acute Care Hospitals,Voluntary non-profit - Private,Yes,24510,59623,1145,577193,151037,342194,980,45420,Nonprofit
210011,SAINT AGNES HOSPITAL,MD,1015.0,4,0.9965,high (4-6 conditions),BALTIMORE,21229.0,BALTIMORE CITY,Acute Care Hospitals,Voluntary non-profit - Church,Yes,24510,59623,1145,577193,151037,342194,980,45420,Nonprofit
210012,SINAI HOSPITAL OF BALTIMORE,MD,1428.0,5,0.9641,high (4-6 conditions),BALTIMORE,21215.0,BALTIMORE CITY,Acute Care Hospitals,Voluntary non-profit - Private,Yes,24510,59623,1145,577193,151037,342194,980,45420,Nonprofit
210015,MEDSTAR FRANKLIN SQUARE MEDICAL CENTER,MD,2450.0,4,0.9513,high (4-6 conditions),ROSEDALE,21237.0,BALTIMORE,Acute Care Hospitals,Voluntary non-profit - Private,Yes,24510,59623,1145,577193,151037,342194,980,45420,Nonprofit
210016,ADVENTIST HEALTHCARE WHITE OAK MEDICAL CENTER,MD,1650.0,5,1.0225,high (4-6 conditions),SILVER SPRING,20904.0,MONTGOMERY,Acute Care Hospitals,Voluntary non-profit - Private,Yes,24031,128733,1728,1057586,427787,193539,1216,218219,Nonprofit
210017,GARRETT REGIONAL MEDICAL CENTER,MD,76.0,1,0.9795,low (1 condition),OAKLAND,21550.0,GARRETT,Acute Care Hospitals,Voluntary non-profit - Private,Yes,24023,69031,3559,28713,27313,217,50,377,Nonprofit
210018,MEDSTAR MONTGOMERY MEDICAL CENTER,MD,919.0,3,0.9504,medium (2-3 conditions),OLNEY,20832.0,MONTGOMERY,Acute Care Hospitals,Voluntary non-profit - Private,Yes,24031,128733,1728,1057586,427787,193539,1216,218219,Nonprofit
210019,"TIDALHEALTH PENINSULA REGIONAL, INC",MD,2461.0,5,0.9529,high (4-6 conditions),SALISBURY,21801.0,WICOMICO,Acute Care Hospitals,Voluntary non-profit - Private,Yes,24045,72861,3051,104117,61541,27287,66,7210,Nonprofit
210022,SUBURBAN HOSPITAL,MD,1917.0,4,1.022,high (4-6 conditions),BETHESDA,20814.0,MONTGOMERY,Acute Care Hospitals,Voluntary non-profit - Private,Yes,24031,128733,1728,1057586,427787,193539,1216,218219,Nonprofit
210023,"LUMINIS HEALTH ANNE ARUNDEL MEDICAL CENTER, INC",MD,4210.0,5,1.0001,high (4-6 conditions),ANNAPOLIS,21401.0,ANNE ARUNDEL,Acute Care Hospitals,Voluntary non-profit - Private,Yes,24003,120324,1672,590936,370531,102913,602,59213,Nonprofit
210024,MEDSTAR UNION MEMORIAL HOSPITAL,MD,1485.0,5,0.9103,high (4-6 conditions),BALTIMORE,21218.0,BALTIMORE CITY,Acute Care Hospitals,Voluntary non-profit - Other,Yes,24510,59623,1145,577193,151037,342194,980,45420,Nonprofit
210027,WESTERN MARYLAND REGIONAL MEDICAL CENTER,MD,1613.0,4,0.9414,high (4-6 conditions),CUMBERLAND,21502.0,ALLEGANY,Acute Care Hospitals,Voluntary non-profit - Private,Yes,24001,57393,2900,67762,58571,4773,43,1260,Nonprofit
210028,MEDSTAR SAINT MARY'S HOSPITAL,MD,1037.0,3,0.9401,medium (2-3 conditions),LEONARDTOWN,20650.0,ST. MARYS,Acute Care Hospitals,Voluntary non-profit - Private,Yes,24037,114580,4177,114372,81155,16744,69,6805,Nonprofit
210029,JOHNS HOPKINS BAYVIEW MEDICAL CENTER,MD,1268.0,4,0.9243,high (4-6 conditions),BALTIMORE,21224.0,BALTIMORE CITY,Acute Care Hospitals,Voluntary non-profit - Private,Yes,24510,59623,1145,577193,151037,342194,980,45420,Nonprofit
210032,UNION HOSPITAL OF CECIL COUNTY,MD,957.0,3,1.0276,medium (2-3 conditions),ELKTON,21921.0,CECIL,Acute Care Hospitals,Voluntary non-profit - Private,No,24015,91146,4181,104366,84928,7167,92,5617,Nonprofit
210033,CARROLL HOSPITAL CENTER,MD,2250.0,4,1.0222,high (4-6 conditions),WESTMINSTER,21157.0,CARROLL,Acute Care Hospitals,Voluntary non-profit - Private,Yes,24013,115876,3145,174318,149221,6772,146,8333,Nonprofit
210034,MEDSTAR HARBOR HOSPITAL,MD,684.0,3,0.9558,medium (2-3 conditions),BALTIMORE,21225.0,BALTIMORE CITY,Acute Care Hospitals,Voluntary non-profit - Private,No,24510,59623,1145,577193,151037,342194,980,45420,Nonprofit
210035,UNIVERSITY OF MD CHARLES REGIONAL  MEDICAL CENTER,MD,796.0,3,0.9676,medium (2-3 conditions),LA PLATA,20646.0,CHARLES,Acute Care Hospitals,Voluntary non-profit - Private,Yes,24017,120592,2691,168710,56486,81750,465,12648,Nonprofit
210037,UNIVERSITY OF MD SHORE MEDICAL CENTER AT EASTON,MD,1100.0,4,0.9074,high (4-6 conditions),EASTON,21601.0,TALBOT,Acute Care Hospitals,Voluntary non-profit - Private,Yes,24041,84378,5182,37707,27960,4521,63,3432,Nonprofit
210038,UNIVERSITY OF MD MEDICAL CENTER MIDTOWN CAMPUS,MD,73.0,1,0.9799,low (1 condition),BALTIMORE,21201.0,BALTIMORE CITY,Acute Care Hospitals,Voluntary non-profit - Other,Yes,24510,59623,1145,577193,151037,342194,980,45420,Nonprofit
210039,CALVERTHEALTH MEDICAL CENTER,MD,946.0,3,0.9937,medium (2-3 conditions),PRINCE FREDERICK,20678.0,CALVERT,Acute Care Hospitals,Voluntary non-profit - Other,Yes,24009,132059,3357,93791,69683,11410,131,4620,Nonprofit
210040,NORTHWEST HOSPITAL CENTER,MD,1189.0,4,1.0372,high (4-6 conditions),RANDALLSTOWN,21133.0,BALTIMORE,Acute Care Hospitals,Voluntary non-profit - Private,Yes,24510,59623,1145,577193,151037,342194,980,45420,Nonprofit
210043,UNIVERSITY OF MD BALTIMORE WASHINGTON MEDICAL CENTER,MD,1722.0,4,0.9223,high (4-6 conditions),GLEN BURNIE,21061.0,ANNE ARUNDEL,Acute Care Hospitals,Voluntary non-profit - Other,Yes,24003,120324,1672,590936,370531,102913,602,59213,Nonprofit
210044,GREATER BALTIMORE MEDICAL CENTER,MD,1342.0,3,0.937,medium (2-3 conditions),BALTIMORE,21204.0,BALTIMORE,Acute Care Hospitals,Voluntary non-profit - Private,Yes,24510,59623,1145,577193,151037,342194,980,45420,Nonprofit
210048,JOHNS HOPKINS HOWARD COUNTY MEDICAL CENTER,MD,1956.0,4,1.0426,high (4-6 conditions),COLUMBIA,21044.0,HOWARD,Acute Care Hospitals,Voluntary non-profit - Private,Yes,24027,146982,3334,333916,156832,65587,351,28121,Nonprofit
210049,UMD UPPER CHESAPEAKE MEDICAL CENTER,MD,2111.0,4,0.9805,high (4-6 conditions),BEL AIR,21014.0,HARFORD,Acute Care Hospitals,Voluntary non-profit - Other,Yes,24025,111317,2655,262509,190219,37600,61,14585,Nonprofit
210051,"LUMINIS HEALTH DOCTORS COMMUNITY MEDICAL CTR, INC",MD,1154.0,3,0.9543,medium (2-3 conditions),LANHAM,20706.0,PRINCE GEORGES,Acute Care Hospitals,Proprietary,Yes,24033,100708,1294,955584,106025,563799,1667,207694,For-profit
210056,MEDSTAR GOOD SAMARITAN HOSPITAL,MD,977.0,3,0.9959,medium (2-3 conditions),BALTIMORE,21239.0,BALTIMORE CITY,Acute Care Hospitals,Voluntary non-profit - Other,Yes,24510,59623,1145,577193,151037,342194,980,45420,Nonprofit
210057,ADVENTIST HEALTHCARE SHADY GROVE MEDICAL CENTER,MD,1738.0,5,1.0501,high (4-6 conditions),ROCKVILLE,20850.0,MONTGOMERY,Acute Care Hospitals,Voluntary non-profit - Private,Yes,24031,128733,1728,1057586,427787,193539,1216,218219,Nonprofit
210060,ADVENTIST HEALTHCARE FORT WASHINGTON MEDICAL CTR,MD,281.0,2,0.9991,medium (2-3 conditions),FORT WASHINGTON,20744.0,PRINCE GEORGES,Acute Care Hospitals,Voluntary non-profit - Other,Yes,24033,100708,1294,955584,106025,563799,1667,207694,Nonprofit
210061,ATLANTIC GENERAL HOSPITAL,MD,842.0,3,1.0015,medium (2-3 conditions),BERLIN,21811.0,WORCESTER,Acute Care Hospitals,Voluntary non-profit - Private,Yes,24047,81455,4456,53279,41816,6399,24,2090,Nonprofit
210062,MEDSTAR SOUTHERN MARYLAND HOSPITAL CENTER,MD,1386.0,4,0.9382,high (4-6 conditions),CLINTON,20735.0,PRINCE GEORGES,Acute Care Hospitals,Voluntary non-profit - Private,Yes,24033,100708,1294,955584,106025,563799,1667,207694,Nonprofit
210063,UNIVERSITY OF MD ST JOSEPH MEDICAL CENTER,MD,2425.0,6,0.9611,high (4-6 conditions),TOWSON,21204.0,BALTIMORE,Acute Care Hospitals,Voluntary non-profit - Private,Yes,24510,59623,1145,577193,151037,342194,980,45420,Nonprofit
210065,HOLY CROSS GERMANTOWN HOSPITAL,MD,491.0,3,1.0867,medium (2-3 conditions),GERMANTOWN,20876.0,MONTGOMERY,Acute Care Hospitals,Voluntary non-profit - Private,Yes,24031,128733,1728,1057586,427787,193539,1216,218219,Nonprofit
220001,UMASS MEMORIAL HEALTHALLIANCE HOSPITALS,MA,1019.0,3,1.0627,medium (2-3 conditions),LEOMINSTER,1453.0,WORCESTER,Acute Care Hospitals,Voluntary non-profit - Other,Yes,25027,93561,1275,861664,618267,40024,711,114759,Nonprofit
220002,MOUNT AUBURN HOSPITAL,MA,1316.0,4,1.0144,high (4-6 conditions),CAMBRIDGE,2138.0,MIDDLESEX,Acute Care Hospitals,Voluntary non-profit - Private,Yes,25017,126779,1428,1622896,1081878,78074,1127,145868,Nonprofit
220008,STURDY MEMORIAL HOSPITAL,MA,1669.0,4,1.139,high (4-6 conditions),ATTLEBORO,2703.0,BRISTOL,Acute Care Hospitals,Voluntary non-profit - Other,Yes,25005,84198,1682,578436,443459,22894,505,56800,Nonprofit
220010,LAWRENCE GENERAL HOSPITAL,MA,1243.0,4,1.008,high (4-6 conditions),LAWRENCE,1841.0,ESSEX,Acute Care Hospitals,Voluntary non-profit - Private,Yes,25009,99431,1893,807258,531979,28314,417,187521,Nonprofit
220011,CAMBRIDGE HEALTH ALLIANCE,MA,537.0,3,0.9457,medium (2-3 conditions),CAMBRIDGE,2139.0,MIDDLESEX,Acute Care Hospitals,Government - Local,Yes,25017,126779,1428,1622896,1081878,78074,1127,145868,Government
220012,CAPE COD HOSPITAL,MA,3728.0,4,1.0979,high (4-6 conditions),HYANNIS,2601.0,BARNSTABLE,Acute Care Hospitals,Voluntary non-profit - Private,Yes,25001,94452,2087,230073,197541,6211,686,8178,Nonprofit
220015,"COOLEY DICKINSON HOSPITAL INC,THE",MA,902.0,3,1.0471,medium (2-3 conditions),NORTHAMPTON,1061.0,HAMPSHIRE,Acute Care Hospitals,Voluntary non-profit - Private,Yes,25015,86391,2372,156595,127318,3449,83,11259,Nonprofit
220016,BAYSTATE FRANKLIN MEDICAL CENTER,MA,665.0,3,1.0219,medium (2-3 conditions),GREENFIELD,1301.0,FRANKLIN,Acute Care Hospitals,Voluntary non-profit - Private,Yes,25011,72584,2140,70922,62358,933,21,3691,Nonprofit
220017,CARNEY HOSPITAL,MA,64.0,1,1.0115,low (1 condition),BOSTON,2124.0,SUFFOLK,Acute Care Hospitals,Proprietary,Yes,25025,92859,2104,782172,345199,140137,929,178286,For-profit
220019,UMASS MEMORIAL HEALTH - HARRINGTON HOSPITAL,MA,683.0,3,1.094,medium (2-3 conditions),SOUTHBRIDGE,1550.0,WORCESTER,Acute Care Hospitals,Voluntary non-profit - Private,Yes,25027,93561,1275,861664,618267,40024,711,114759,Nonprofit
220020,SAINT ANNE'S HOSPITAL,MA,1473.0,5,1.0043,high (4-6 conditions),FALL RIVER,2721.0,BRISTOL,Acute Care Hospitals,Proprietary,Yes,25005,84198,1682,578436,443459,22894,505,56800,For-profit
220024,HOLYOKE MEDICAL CENTER,MA,680.0,3,1.0667,medium (2-3 conditions),HOLYOKE,1040.0,HAMPDEN,Acute Care Hospitals,Voluntary non-profit - Private,Yes,25013,70535,1145,462853,278624,35131,260,123001,Nonprofit
220029,ANNA JAQUES HOSPITAL,MA,1308.0,4,1.1028,high (4-6 conditions),NEWBURYPORT,1950.0,ESSEX,Acute Care Hospitals,Voluntary non-profit - Private,Yes,25009,99431,1893,807258,531979,28314,417,187521,Nonprofit
220030,BAYSTATE WING HOSPITAL,MA,871.0,3,1.0449,medium (2-3 conditions),PALMER,1069.0,HAMPDEN,Acute Care Hospitals,Voluntary non-profit - Other,Yes,25013,70535,1145,462853,278624,35131,260,123001,Nonprofit
220031,BOSTON MEDICAL CENTER,MA,819.0,4,0.9911,high (4-6 conditions),BOSTON,2118.0,SUFFOLK,Acute Care Hospitals,Voluntary non-profit - Private,Yes,25025,92859,2104,782172,345199,140137,929,178286,Nonprofit
220033,NORTHEAST HOSPITAL CORPORATION,MA,2852.0,5,1.01,high (4-6 conditions),BEVERLY,1915.0,ESSEX,Acute Care Hospitals,Voluntary non-profit - Private,Yes,25009,99431,1893,807258,531979,28314,417,187521,Nonprofit
220035,NORTH SHORE MEDICAL CENTER -,MA,2932.0,5,1.0126,high (4-6 conditions),SALEM,1970.0,ESSEX,Acute Care Hospitals,Voluntary non-profit - Private,Yes,25009,99431,1893,807258,531979,28314,417,187521,Nonprofit
220036,BOSTON MEDICAL CENTER-BRIGHTON,MA,982.0,4,1.1287,high (4-6 conditions),BRIGHTON,2135.0,SUFFOLK,Acute Care Hospitals,Proprietary,Yes,25025,92859,2104,782172,345199,140137,929,178286,For-profit
220046,BERKSHIRE MEDICAL CENTER,MA,1885.0,3,1.0088,medium (2-3 conditions),PITTSFIELD,1201.0,BERKSHIRE,Acute Care Hospitals,Voluntary non-profit - Other,Yes,25003,72565,2511,128047,109751,2945,92,7176,Nonprofit
220049,UMASS MEMORIAL HEALTHCARE-MARLBOROUGH HOSPITAL,MA,589.0,3,1.1064,medium (2-3 conditions),MARLBOROUGH,1752.0,MIDDLESEX,Acute Care Hospitals,Voluntary non-profit - Private,Yes,25017,126779,1428,1622896,1081878,78074,1127,145868,Nonprofit
220052,SIGNATURE HEALTHCARE BROCKTON HOSPITAL,MA,440.0,3,1.0134,medium (2-3 conditions),BROCKTON,2302.0,PLYMOUTH,Acute Care Hospitals,Voluntary non-profit - Other,Yes,25023,109698,2047,531889,408417,44817,360,25022,Nonprofit
220060,BETH ISRAEL DEACONESS HOSPITAL PLYMOUTH,MA,2612.0,5,0.9651,high (4-6 conditions),PLYMOUTH,2360.0,PLYMOUTH,Acute Care Hospitals,Voluntary non-profit - Private,Yes,25023,109698,2047,531889,408417,44817,360,25022,Nonprofit
220063,LOWELL GENERAL HOSPITAL,MA,2312.0,4,1.0888,high (4-6 conditions),LOWELL,1854.0,MIDDLESEX,Acute Care Hospitals,Voluntary non-profit - Private,Yes,25017,126779,1428,1622896,1081878,78074,1127,145868,Nonprofit
220065,BAYSTATE NOBLE HOSPITAL,MA,542.0,3,1.0347,medium (2-3 conditions),WESTFIELD,1086.0,HAMPDEN,Acute Care Hospitals,Voluntary non-profit - Private,Yes,25013,70535,1145,462853,278624,35131,260,123001,Nonprofit
220066,MERCY MEDICAL CTR,MA,823.0,3,1.0648,medium (2-3 conditions),SPRINGFIELD,1104.0,HAMPDEN,Acute Care Hospitals,Voluntary non-profit - Private,Yes,25013,70535,1145,462853,278624,35131,260,123001,Nonprofit
220070,MELROSEWAKEFIELD HEALTHCARE,MA,1558.0,4,1.0965,high (4-6 conditions),MELROSE,2176.0,MIDDLESEX,Acute Care Hospitals,Voluntary non-profit - Private,Yes,25017,126779,1428,1622896,1081878,78074,1127,145868,Nonprofit
220071,MASSACHUSETTS GENERAL HOSPITAL,MA,4269.0,5,0.921,high (4-6 conditions),BOSTON,2114.0,SUFFOLK,Acute Care Hospitals,Voluntary non-profit - Private,Yes,25025,92859,2104,782172,345199,140137,929,178286,Nonprofit
220073,BROWN UNIVERSITY HEALTH MORTON HOSPITAL,MA,1458.0,4,1.1819,high (4-6 conditions),TAUNTON,2780.0,BRISTOL,Acute Care Hospitals,Proprietary,Yes,25005,84198,1682,578436,443459,22894,505,56800,For-profit
220074,SOUTHCOAST HOSPITALS GROUP,MA,5397.0,6,0.9642,high (4-6 conditions),FALL RIVER,2720.0,BRISTOL,Acute Care Hospitals,Voluntary non-profit - Private,Yes,25005,84198,1682,578436,443459,22894,505,56800,Nonprofit
220077,BAYSTATE MEDICAL CENTER,MA,5167.0,6,1.0983,high (4-6 conditions),SPRINGFIELD,1199.0,HAMPDEN,Acute Care Hospitals,Voluntary non-profit - Private,Yes,25013,70535,1145,462853,278624,35131,260,123001,Nonprofit
220080,HOLY FAMILY HOSPITAL,MA,1526.0,5,1.1017,high (4-6 conditions),METHUEN,1844.0,ESSEX,Acute Care Hospitals,Proprietary,Yes,25009,99431,1893,807258,531979,28314,417,187521,For-profit
220083,BETH ISRAEL DEACONESS HOSPITAL - NEEDHAM,MA,1349.0,3,1.076,medium (2-3 conditions),NEEDHAM,2494.0,NORFOLK,Acute Care Hospitals,Voluntary non-profit - Private,Yes,25021,126497,1825,724540,507345,50218,417,40130,Nonprofit
220084,EMERSON HOSPITAL -,MA,846.0,3,1.0002,medium (2-3 conditions),W CONCORD,1742.0,MIDDLESEX,Acute Care Hospitals,Voluntary non-profit - Private,Yes,25017,126779,1428,1622896,1081878,78074,1127,145868,Nonprofit
220086,BETH ISRAEL DEACONESS MEDICAL CENTER,MA,2819.0,5,1.0319,high (4-6 conditions),BOSTON,2215.0,SUFFOLK,Acute Care Hospitals,Voluntary non-profit - Private,Yes,25025,92859,2104,782172,345199,140137,929,178286,Nonprofit
220088,NEW ENGLAND BAPTIST HOSPITAL,MA,2393.0,1,0.5939,low (1 condition),BOSTON,2120.0,SUFFOLK,Acute Care Hospitals,Voluntary non-profit - Private,No,25025,92859,2104,782172,345199,140137,929,178286,Nonprofit
220090,MILFORD REGIONAL MEDICAL CENTER,MA,1940.0,3,1.1878,medium (2-3 conditions),MILFORD,1757.0,WORCESTER,Acute Care Hospitals,Voluntary non-profit - Other,Yes,25027,93561,1275,861664,618267,40024,711,114759,Nonprofit
220095,HEYWOOD HOSPITAL -,MA,617.0,3,1.044,medium (2-3 conditions),GARDNER,1440.0,WORCESTER,Acute Care Hospitals,Voluntary non-profit - Private,Yes,25027,93561,1275,861664,618267,40024,711,114759,Nonprofit
220098,NASHOBA VALLEY MEDICAL CENTER,MA,305.0,3,1.0064,medium (2-3 conditions),AYER,1432.0,MIDDLESEX,Acute Care Hospitals,Proprietary,Yes,25017,126779,1428,1622896,1081878,78074,1127,145868,For-profit
220100,SOUTH SHORE HOSPITAL,MA,4608.0,4,1.112,high (4-6 conditions),SOUTH WEYMOUTH,2190.0,NORFOLK,Acute Care Hospitals,Voluntary non-profit - Private,Yes,25021,126497,1825,724540,507345,50218,417,40130,Nonprofit
220101,NEWTON-WELLESLEY HOSPITAL,MA,2559.0,4,0.9869,high (4-6 conditions),NEWTON,2462.0,MIDDLESEX,Acute Care Hospitals,Voluntary non-profit - Private,Yes,25017,126779,1428,1622896,1081878,78074,1127,145868,Nonprofit
220105,WINCHESTER HOSPITAL,MA,2029.0,4,1.2181,high (4-6 conditions),WINCHESTER,1890.0,MIDDLESEX,Acute Care Hospitals,Voluntary non-profit - Private,Yes,25017,126779,1428,1622896,1081878,78074,1127,145868,Nonprofit
220108,BETH ISRAEL DEACONESS HOSPITAL - MILTON,MA,2123.0,4,0.8527,high (4-6 conditions),MILTON,2186.0,NORFOLK,Acute Care Hospitals,Government - Federal,Yes,25021,126497,1825,724540,507345,50218,417,40130,Government
220110,BRIGHAM AND WOMEN'S HOSPITAL,MA,3637.0,6,0.978,high (4-6 conditions),BOSTON,2115.0,SUFFOLK,Acute Care Hospitals,Voluntary non-profit - Private,Yes,25025,92859,2104,782172,345199,140137,929,178286,Nonprofit
220111,GOOD SAMARITAN MEDICAL CENTER,MA,2270.0,5,1.0764,high (4-6 conditions),BROCKTON,2301.0,PLYMOUTH,Acute Care Hospitals,Proprietary,Yes,25023,109698,2047,531889,408417,44817,360,25022,For-profit
220116,TUFTS MEDICAL CENTER,MA,1111.0,5,1.0788,high (4-6 conditions),BOSTON,2111.0,SUFFOLK,Acute Care Hospitals,Voluntary non-profit - Private,Yes,25025,92859,2104,782172,345199,140137,929,178286,Nonprofit
220119,BRIGHAM AND WOMEN FAULKNER HOSPITAL,MA,1294.0,4,0.944,high (4-6 conditions),JAMAICA PLAIN,2130.0,SUFFOLK,Acute Care Hospitals,Voluntary non-profit - Private,Yes,25025,92859,2104,782172,345199,140137,929,178286,Nonprofit
220135,FALMOUTH HOSPITAL,MA,1466.0,3,1.0486,medium (2-3 conditions),FALMOUTH,2540.0,BARNSTABLE,Acute Care Hospitals,Voluntary non-profit - Private,Yes,25001,94452,2087,230073,197541,6211,686,8178,Nonprofit
220163,UMASS MEMORIAL MEDICAL CENTER/UNIVERSITY CAMPUS,MA,3248.0,5,1.0,high (4-6 conditions),WORCESTER,1655.0,WORCESTER,Acute Care Hospitals,Voluntary non-profit - Private,Yes,25027,93561,1275,861664,618267,40024,711,114759,Nonprofit
220171,"LAHEY HOSPITAL & MEDICAL CENTER, BURLINGTON",MA,3388.0,6,0.9947,high (4-6 conditions),BURLINGTON,1803.0,MIDDLESEX,Acute Care Hospitals,Voluntary non-profit - Private,Yes,25017,126779,1428,1622896,1081878,78074,1127,145868,Nonprofit
220175,METROWEST MEDICAL CENTER,MA,929.0,4,1.1001,high (4-6 conditions),FRAMINGHAM,1701.0,MIDDLESEX,Acute Care Hospitals,Voluntary non-profit - Private,Yes,25017,126779,1428,1622896,1081878,78074,1127,145868,Nonprofit
220176,ST VINCENT HOSPITAL,MA,1008.0,4,1.0311,high (4-6 conditions),WORCESTER,1608.0,WORCESTER,Acute Care Hospitals,Proprietary,Yes,25027,93561,1275,861664,618267,40024,711,114759,For-profit
220177,NANTUCKET COTTAGE HOSPITAL,MA,116.0,2,1.0409,medium (2-3 conditions),NANTUCKET,2554.0,NANTUCKET,Acute Care Hospitals,Voluntary non-profit - Private,Yes,25019,119750,25378,14299,9884,1307,0,2347,Nonprofit
230002,ST JOE MERCY HOSPITAL SYSTEM LIVONIA,MI,1638.0,4,1.0871,high (4-6 conditions),LIVONIA,48154.0,WAYNE,Acute Care Hospitals,Voluntary non-profit - Private,Yes,26163,59521,559,1773767,855209,655912,3010,119108,Nonprofit
230005,PROMEDICA CHARLES AND VIRGINIA HICKMAN HOSPITAL,MI,413.0,2,0.9519,medium (2-3 conditions),ADRIAN,49221.0,LENAWEE,Acute Care Hospitals,Voluntary non-profit - Private,Yes,26091,67013,1691,98823,84155,2147,92,8650,Nonprofit
230017,BRONSON METHODIST HOSPITAL,MI,1326.0,4,0.9547,high (4-6 conditions),KALAMAZOO,49007.0,KALAMAZOO,Acute Care Hospitals,Voluntary non-profit - Private,Yes,26077,70525,1367,261437,196605,27782,330,15121,Nonprofit
230019,"ASCENSION PROVIDENCE HOSPITAL, SOUTHFIELD AND NOVI",MI,1797.0,4,0.9821,high (4-6 conditions),SOUTHFIELD,48075.0,OAKLAND,Acute Care Hospitals,Voluntary non-profit - Church,Yes,26125,95296,1130,1272294,879832,163653,1403,62197,Nonprofit
230020,BEAUMONT HOSPITAL - DEARBORN,MI,1561.0,4,1.1029,high (4-6 conditions),DEARBORN,48124.0,WAYNE,Acute Care Hospitals,Voluntary non-profit - Private,Yes,26163,59521,559,1773767,855209,655912,3010,119108,Nonprofit
230021,"LAKELAND HOSPITAL, ST JOSEPH",MI,1154.0,4,0.968,high (4-6 conditions),ST JOSEPH,49085.0,BERRIEN,Acute Care Hospitals,Voluntary non-profit - Private,Yes,26021,63152,1945,153411,112283,20559,355,9396,Nonprofit
230022,INSIGHT HOSPITAL AND MEDICAL CENTER COLDWATER,MI,273.0,2,1.0464,medium (2-3 conditions),COLDWATER,49036.0,BRANCH,Acute Care Hospitals,Government - Local,Yes,26023,61958,2137,44914,39341,831,60,2811,Government
230024,SINAI-GRACE HOSPITAL,MI,452.0,4,1.0322,high (4-6 conditions),DETROIT,48235.0,WAYNE,Acute Care Hospitals,Proprietary,Yes,26163,59521,559,1773767,855209,655912,3010,119108,For-profit
230029,TRINITY HEALTH OAKLAND HOSPITAL,MI,1650.0,5,1.0259,high (4-6 conditions),PONTIAC,48341.0,OAKLAND,Acute Care Hospitals,Voluntary non-profit - Private,Yes,26125,95296,1130,1272294,879832,163653,1403,62197,Nonprofit
230030,MYMICHIGAN MEDICAL CENTER ALMA,MI,386.0,3,1.021,medium (2-3 conditions),ALMA,48801.0,GRATIOT,Acute Care Hospitals,Voluntary non-profit - Private,Yes,26057,61128,2280,41478,34663,2248,121,3134,Nonprofit
230031,LAKE HURON MEDICAL CENTER,MI,284.0,2,0.9992,medium (2-3 conditions),PORT HURON,48060.0,ST. CLAIR,Acute Care Hospitals,Voluntary non-profit - Church,Yes,26147,69349,1699,160089,144094,3588,168,5753,Nonprofit
230035,SPECTRUM HEALTH UNITED HOSPITAL,MI,313.0,3,1.0334,medium (2-3 conditions),GREENVILLE,48838.0,MONTCALM,Acute Care Hospitals,Voluntary non-profit - Other,No,26117,64892,2061,67174,58834,2158,171,2826,Nonprofit
230036,MYMICHIGAN MEDICAL CENTER ALPENA,MI,413.0,2,0.9623,medium (2-3 conditions),ALPENA,49707.0,ALPENA,Acute Care Hospitals,Proprietary,Yes,26007,51909,1945,28908,26884,249,7,458,For-profit
230037,HILLSDALE HOSPITAL,MI,53.0,1,1.0186,low (1 condition),HILLSDALE,49242.0,HILLSDALE,Acute Care Hospitals,Voluntary non-profit - Private,Yes,26059,60869,2774,45658,42357,327,32,1249,Nonprofit
230038,SPECTRUM HEALTH,MI,2358.0,5,0.8982,high (4-6 conditions),GRAND RAPIDS,49503.0,KENT,Acute Care Hospitals,Voluntary non-profit - Private,Yes,26081,80390,1068,658844,468130,60320,1165,75849,Nonprofit
230041,MCLAREN BAY REGION,MI,1621.0,6,1.1017,high (4-6 conditions),BAY CITY,48708.0,BAY,Acute Care Hospitals,Voluntary non-profit - Private,Yes,26017,60523,2180,103235,91469,1300,61,6023,Nonprofit
230046,UNIVERSITY OF MICHIGAN HEALTH SYSTEM,MI,1588.0,4,0.9969,high (4-6 conditions),ANN ARBOR,48109.0,WASHTENAW,Acute Care Hospitals,Voluntary non-profit - Private,Yes,26161,87156,2133,368394,250289,41945,643,20789,Nonprofit
230047,HENRY FORD MACOMB HOSPITAL,MI,2253.0,4,0.9563,high (4-6 conditions),CLINTON TOWNSHIP,48038.0,MACOMB,Acute Care Hospitals,Voluntary non-profit - Private,Yes,26099,76399,1158,877624,659952,108860,1175,27006,Nonprofit
230053,HENRY FORD HEALTH HOSPITAL,MI,1186.0,4,1.0523,high (4-6 conditions),DETROIT,48202.0,WAYNE,Acute Care Hospitals,Voluntary non-profit - Private,Yes,26163,59521,559,1773767,855209,655912,3010,119108,Nonprofit
230054,UPHS MARQUETTE DLP HOSPITAL,MI,698.0,4,0.9134,high (4-6 conditions),MARQUETTE,49855.0,MARQUETTE,Acute Care Hospitals,Government - Local,Yes,26103,64675,2064,66430,60406,966,621,1345,Government
230055,DICKINSON COUNTY MEMORIAL HOSPITAL,MI,238.0,2,0.9953,medium (2-3 conditions),IRON MOUNTAIN,49801.0,DICKINSON,Acute Care Hospitals,Government - Local,Yes,26043,61882,2953,25940,24118,216,95,475,Government
230058,MUNSON HEALTHCARE GRAYLING HOSPITAL,MI,127.0,1,0.9398,low (1 condition),GRAYLING,49738.0,CRAWFORD,Acute Care Hospitals,Voluntary non-profit - Church,Yes,26039,58614,3744,13271,12258,40,30,311,Nonprofit
230059,MERCY HEALTH SAINT MARY'S,MI,559.0,4,0.9952,high (4-6 conditions),GRAND RAPIDS,49503.0,KENT,Acute Care Hospitals,Voluntary non-profit - Church,Yes,26081,80390,1068,658844,468130,60320,1165,75849,Nonprofit
230066,TRINITY HEALTH MUSKEGON HOSPITAL,MI,1055.0,4,0.8432,high (4-6 conditions),MUSKEGON,49441.0,MUSKEGON,Acute Care Hospitals,Voluntary non-profit - Private,Yes,26121,63495,1493,175378,132043,22039,888,10671,Nonprofit
230069,TRINITY HEALTH LIVINGSTON HOSPITAL,MI,553.0,3,0.919,medium (2-3 conditions),HOWELL,48843.0,LIVINGSTON,Acute Care Hospitals,Voluntary non-profit - Other,Yes,26093,101315,2197,195143,181066,997,381,5615,Nonprofit
230070,COVENANT MEDICAL CENTER,MI,1608.0,4,1.0707,high (4-6 conditions),SAGINAW,48602.0,SAGINAW,Acute Care Hospitals,Voluntary non-profit - Private,Yes,26145,58347,1402,189210,128940,34937,332,17188,Nonprofit
230072,HOLLAND COMMUNITY HOSPITAL,MI,189.0,1,0.9772,low (1 condition),HOLLAND,49423.0,OTTAWA,Acute Care Hospitals,Voluntary non-profit - Private,Yes,26139,87144,2130,298614,246143,4352,327,30177,Nonprofit
230075,BRONSON BATTLE CREEK HOSPITAL,MI,625.0,3,1.0215,medium (2-3 conditions),BATTLE CREEK,49017.0,CALHOUN,Acute Care Hospitals,Proprietary,Yes,26025,60385,1762,133846,101362,13255,340,7678,For-profit
230077,ASCENSION ST MARY'S HOSPITAL,MI,534.0,4,0.9722,high (4-6 conditions),SAGINAW,48601.0,SAGINAW,Acute Care Hospitals,Voluntary non-profit - Church,Yes,26145,58347,1402,189210,128940,34937,332,17188,Nonprofit
230080,MCLAREN CENTRAL MICHIGAN,MI,169.0,2,1.0517,medium (2-3 conditions),MOUNT PLEASANT,48858.0,ISABELLA,Acute Care Hospitals,Voluntary non-profit - Private,Yes,26073,53759,1969,64475,53932,1721,1665,3144,Nonprofit
230081,MUNSON HEALTHCARE CADILLAC HOSPITAL,MI,239.0,2,0.9601,medium (2-3 conditions),CADILLAC,49601.0,WEXFORD,Acute Care Hospitals,Voluntary non-profit - Church,Yes,26165,63123,2951,33868,31020,306,88,845,Nonprofit
230089,BEAUMONT HOSPITAL - GROSSE POINTE,MI,897.0,3,1.0482,medium (2-3 conditions),GROSSE POINTE,48230.0,WAYNE,Acute Care Hospitals,Voluntary non-profit - Private,Yes,26163,59521,559,1773767,855209,655912,3010,119108,Nonprofit
230092,HENRY FORD ALLEGIANCE HEALTH,MI,1826.0,5,1.0058,high (4-6 conditions),JACKSON,49201.0,JACKSON,Acute Care Hospitals,Voluntary non-profit - Other,Yes,26075,65004,2012,160187,132110,12165,277,6352,Nonprofit
230093,COREWELL HEALTH BIG RAPIDS HOSPITAL,MI,258.0,3,1.0147,medium (2-3 conditions),BIG RAPIDS,49307.0,MECOSTA,Acute Care Hospitals,Voluntary non-profit - Private,Yes,26107,57774,2199,40321,36297,889,264,1125,Nonprofit
230095,MYMICHIGAN MEDICAL CENTER WEST BRANCH,MI,305.0,3,1.0085,medium (2-3 conditions),WEST BRANCH,48661.0,OGEMAW,Acute Care Hospitals,Government - Local,Yes,26129,51983,3002,20853,19430,122,55,461,Government
230097,MUNSON MEDICAL CENTER,MI,1849.0,5,0.925,high (4-6 conditions),TRAVERSE CITY,49684.0,GRAND TRAVERSE,Acute Care Hospitals,Voluntary non-profit - Other,Yes,26055,79486,2455,95757,87440,845,483,3138,Nonprofit
230099,PROMEDICA MONROE REGIONAL HOSPITAL,MI,538.0,3,1.1091,medium (2-3 conditions),MONROE,48162.0,MONROE,Acute Care Hospitals,Voluntary non-profit - Other,Yes,26115,75272,1826,155001,138322,3434,109,6559,Nonprofit
230100,TAWAS ST JOSEPH HOSPITAL,MI,83.0,1,1.0485,low (1 condition),TAWAS CITY,48764.0,IOSCO,Acute Care Hospitals,Government - Hospital District or Authority,Yes,26069,47777,2521,25333,23201,224,126,688,Government
230104,HARPER UNIVERSITY HOSPITAL,MI,369.0,4,0.9726,high (4-6 conditions),DETROIT,48201.0,WAYNE,Acute Care Hospitals,Proprietary,Yes,26163,59521,559,1773767,855209,655912,3010,119108,For-profit
230105,MCLAREN NORTHERN MICHIGAN,MI,1040.0,4,0.9504,high (4-6 conditions),PETOSKEY,49770.0,EMMET,Acute Care Hospitals,Voluntary non-profit - Other,Yes,26047,73724,5841,34159,30504,222,595,683,Nonprofit
230110,COREWELL HEALTH LUDINGTON HOSPITAL,MI,210.0,2,0.9555,medium (2-3 conditions),LUDINGTON,49431.0,MASON,Acute Care Hospitals,Voluntary non-profit - Private,Yes,26105,62296,2509,29177,26226,319,98,1389,Nonprofit
230117,BORGESS MEDICAL CENTER,MI,825.0,3,0.886,medium (2-3 conditions),KALAMAZOO,49048.0,KALAMAZOO,Acute Care Hospitals,Voluntary non-profit - Other,Yes,26077,70525,1367,261437,196605,27782,330,15121,Nonprofit
230121,MEMORIAL HEALTHCARE,MI,366.0,2,1.0218,medium (2-3 conditions),OWOSSO,48867.0,SHIAWASSEE,Acute Care Hospitals,Voluntary non-profit - Other,Yes,26155,64464,2866,68061,63336,402,121,2071,Nonprofit
230130,BEAUMONT HOSPITAL ROYAL OAK,MI,3563.0,6,1.0314,high (4-6 conditions),ROYAL OAK,48073.0,OAKLAND,Acute Care Hospitals,Voluntary non-profit - Private,Yes,26125,95296,1130,1272294,879832,163653,1403,62197,Nonprofit
230132,HURLEY MEDICAL CENTER,MI,483.0,3,0.9985,medium (2-3 conditions),FLINT,48503.0,GENESEE,Acute Care Hospitals,Voluntary non-profit - Other,Yes,26049,60673,1303,404087,285283,77538,958,16683,Nonprofit
230133,MUNSON HEALTHCARE OTSEGO MEMORIAL HOSPITAL,MI,195.0,2,1.0656,medium (2-3 conditions),GAYLORD,49735.0,OTSEGO,Acute Care Hospitals,Voluntary non-profit - Private,No,26137,67285,4068,25352,23688,203,56,490,Nonprofit
230141,MCLAREN FLINT,MI,1477.0,5,1.0398,high (4-6 conditions),FLINT,48532.0,GENESEE,Acute Care Hospitals,Voluntary non-profit - Private,Yes,26049,60673,1303,404087,285283,77538,958,16683,Nonprofit
230142,COREWELL HEALTH WAYNE HOSPITAL,MI,435.0,4,1.0218,high (4-6 conditions),WAYNE,48184.0,WAYNE,Acute Care Hospitals,Voluntary non-profit - Private,Yes,26163,59521,559,1773767,855209,655912,3010,119108,Nonprofit
230146,WYANDOTTE HOSPITAL AND MEDICAL CENTER,MI,1369.0,4,1.0739,high (4-6 conditions),WYANDOTTE,48192.0,WAYNE,Acute Care Hospitals,Voluntary non-profit - Private,Yes,26163,59521,559,1773767,855209,655912,3010,119108,Nonprofit
230151,BEAUMONT HOSPITAL - FARMINGTON HILLS,MI,1066.0,4,1.0084,high (4-6 conditions),FARMINGTON HILLS,48336.0,OAKLAND,Acute Care Hospitals,Voluntary non-profit - Private,Yes,26125,95296,1130,1272294,879832,163653,1403,62197,Nonprofit
230156,TRINITY HEALTH ANN ARBOR HOSPITAL,MI,3323.0,5,1.0144,high (4-6 conditions),ANN ARBOR,48106.0,WASHTENAW,Acute Care Hospitals,Voluntary non-profit - Church,Yes,26161,87156,2133,368394,250289,41945,643,20789,Nonprofit
230165,HENRY FORD HEALTH ST JOHN HOSPITAL,MI,1008.0,4,1.059,high (4-6 conditions),DETROIT,48236.0,WAYNE,Acute Care Hospitals,Voluntary non-profit - Church,Yes,26163,59521,559,1773767,855209,655912,3010,119108,Nonprofit
230167,MCLAREN GREATER LANSING,MI,486.0,2,1.0368,medium (2-3 conditions),LANSING,48910.0,INGHAM,Acute Care Hospitals,Voluntary non-profit - Private,Yes,26065,64354,1478,282015,190072,31654,743,24396,Nonprofit
230176,COREWELL HEALTH TRENTON HOSPITAL,MI,1120.0,4,1.0631,high (4-6 conditions),TRENTON,48183.0,WAYNE,Acute Care Hospitals,Voluntary non-profit - Private,Yes,26163,59521,559,1773767,855209,655912,3010,119108,Nonprofit
230180,MYMICHIGAN MEDICAL CENTER CLARE,MI,147.0,2,1.0298,medium (2-3 conditions),CLARE,48617.0,CLARE,Acute Care Hospitals,Voluntary non-profit - Other,No,26035,49805,2229,31109,29141,127,134,684,Nonprofit
230193,MCLAREN LAPEER REGION,MI,527.0,3,0.9987,medium (2-3 conditions),LAPEER,48446.0,LAPEER,Acute Care Hospitals,Voluntary non-profit - Private,Yes,26087,76228,1697,88703,79979,1017,77,4394,Nonprofit
230195,Henry Ford Health Warren Hospital,MI,1699.0,4,1.0446,high (4-6 conditions),WARREN,48093.0,MACOMB,Acute Care Hospitals,Voluntary non-profit - Private,Yes,26099,76399,1158,877624,659952,108860,1175,27006,Nonprofit
230197,ASCENSION GENESYS HOSPITAL,MI,1173.0,4,0.9803,high (4-6 conditions),GRAND BLANC,48439.0,GENESEE,Acute Care Hospitals,Voluntary non-profit - Church,Yes,26049,60673,1303,404087,285283,77538,958,16683,Nonprofit
230207,MCLAREN OAKLAND,MI,149.0,2,0.9975,medium (2-3 conditions),PONTIAC,48342.0,OAKLAND,Acute Care Hospitals,Voluntary non-profit - Private,Yes,26125,95296,1130,1272294,879832,163653,1403,62197,Nonprofit
230216,MCLAREN PORT HURON,MI,1196.0,4,0.9894,high (4-6 conditions),PORT HURON,48061.0,WAYNE,Acute Care Hospitals,Voluntary non-profit - Private,Yes,26163,59521,559,1773767,855209,655912,3010,119108,Nonprofit
230217,OAKLAWN HOSPITAL,MI,83.0,1,1.0121,low (1 condition),MARSHALL,49068.0,CALHOUN,Acute Care Hospitals,Voluntary non-profit - Other,Yes,26025,60385,1762,133846,101362,13255,340,7678,Nonprofit
230222,MYMICHIGAN MEDICAL CENTER MIDLAND,MI,1364.0,4,0.9765,high (4-6 conditions),MIDLAND,48670.0,MIDLAND,Acute Care Hospitals,Voluntary non-profit - Other,No,26111,77538,2803,83641,75072,1134,195,2784,Nonprofit
230227,MCLAREN MACOMB,MI,1082.0,4,1.0273,high (4-6 conditions),MOUNT CLEMENS,48043.0,MACOMB,Acute Care Hospitals,Voluntary non-profit - Private,Yes,26099,76399,1158,877624,659952,108860,1175,27006,Nonprofit
230230,EDWARD W SPARROW HOSPITAL,MI,1427.0,4,0.9129,high (4-6 conditions),LANSING,48912.0,INGHAM,Acute Care Hospitals,Voluntary non-profit - Other,Yes,26065,64354,1478,282015,190072,31654,743,24396,Nonprofit
230236,UNIVERSITY OF MICHIGAN HEALTH - WEST,MI,130.0,1,0.9191,low (1 condition),WYOMING,49519.0,KENT,Acute Care Hospitals,Voluntary non-profit - Private,Yes,26081,80390,1068,658844,468130,60320,1165,75849,Nonprofit
230239,CHIPPEWA COUNTY WAR MEMORIAL HOSPITAL,MI,133.0,1,1.0817,low (1 condition),SAULT STE MARIE,49783.0,CHIPPEWA,Acute Care Hospitals,Voluntary non-profit - Private,Yes,26033,60631,1502,36448,24598,2031,4681,802,Nonprofit
230244,GARDEN CITY HOSPITAL,MI,541.0,4,1.0888,high (4-6 conditions),GARDEN CITY,48135.0,WAYNE,Acute Care Hospitals,Voluntary non-profit - Private,Yes,26163,59521,559,1773767,855209,655912,3010,119108,Nonprofit
230254,ASCENSION PROVIDENCE ROCHESTER HOSPITAL,MI,810.0,4,0.9979,high (4-6 conditions),ROCHESTER,48307.0,OAKLAND,Acute Care Hospitals,Voluntary non-profit - Private,Yes,26125,95296,1130,1272294,879832,163653,1403,62197,Nonprofit
230259,CHELSEA HOSPITAL,MI,603.0,3,0.9753,medium (2-3 conditions),CHELSEA,48118.0,WASHTENAW,Acute Care Hospitals,Voluntary non-profit - Private,Yes,26161,87156,2133,368394,250289,41945,643,20789,Nonprofit
230269,"BEAUMONT HOSPITAL, TROY",MI,3543.0,4,1.0884,high (4-6 conditions),TROY,48085.0,OAKLAND,Acute Care Hospitals,Voluntary non-profit - Private,Yes,26125,95296,1130,1272294,879832,163653,1403,62197,Nonprofit
230270,BEAUMONT HOSPITAL - TAYLOR,MI,415.0,3,1.0178,medium (2-3 conditions),TAYLOR,48180.0,WAYNE,Acute Care Hospitals,Voluntary non-profit - Private,Yes,26163,59521,559,1773767,855209,655912,3010,119108,Nonprofit
230273,DETROIT RECEIVING HOSPITAL,MI,315.0,3,1.0416,medium (2-3 conditions),DETROIT,48201.0,WAYNE,Acute Care Hospitals,Proprietary,Yes,26163,59521,559,1773767,855209,655912,3010,119108,For-profit
230277,HURON VALLEY-SINAI HOSPITAL,MI,718.0,5,1.0066,high (4-6 conditions),COMMERCE TOWNSHIP,48382.0,OAKLAND,Acute Care Hospitals,Proprietary,Yes,26125,95296,1130,1272294,879832,163653,1403,62197,For-profit
230302,HENRY FORD HEALTH WEST BLOOMFIELD HOSPITAL,MI,1335.0,4,1.1087,high (4-6 conditions),W BLOOMFIELD,48322.0,OAKLAND,Acute Care Hospitals,Voluntary non-profit - Private,Yes,26125,95296,1130,1272294,879832,163653,1403,62197,Nonprofit
240001,NORTH MEMORIAL HEALTH HOSPITAL,MN,930.0,4,1.1091,high (4-6 conditions),ROBBINSDALE,55422.0,HENNEPIN,Acute Care Hospitals,Voluntary non-profit - Private,Yes,27053,96339,1033,1268903,836929,167455,4951,97813,Nonprofit
240002,ESSENTIA HEALTH ST MARY'S MEDICAL CENTER,MN,678.0,3,0.9613,medium (2-3 conditions),DULUTH,55805.0,ST. LOUIS,Acute Care Hospitals,Voluntary non-profit - Private,Yes,27137,69455,1665,200056,179881,3173,3102,3767,Nonprofit
240004,HENNEPIN COUNTY MEDICAL CENTER,MN,224.0,3,0.9957,medium (2-3 conditions),MINNEAPOLIS,55415.0,HENNEPIN,Acute Care Hospitals,Government - Local,Yes,27053,96339,1033,1268903,836929,167455,4951,97813,Government
240010,MAYO CLINIC HOSPITAL ROCHESTER,MN,4003.0,6,0.872,high (4-6 conditions),ROCHESTER,55902.0,OLMSTED,Acute Care Hospitals,Voluntary non-profit - Church,Yes,27109,93494,3355,163425,124638,11768,216,9448,Nonprofit
240018,MAYO CLINIC HEALTH SYSTEM IN RED WING,MN,59.0,1,1.0007,low (1 condition),RED WING,55066.0,GOODHUE,Acute Care Hospitals,Voluntary non-profit - Private,Yes,27049,82749,2711,47844,42882,764,409,1879,Nonprofit
240020,CAMBRIDGE MEDICAL CENTER,MN,164.0,2,0.9939,medium (2-3 conditions),CAMBRIDGE,55008.0,ISANTI,Acute Care Hospitals,Voluntary non-profit - Private,Yes,27059,86573,3501,41934,38502,432,133,1009,Nonprofit
240030,ALOMERE HEALTH,MN,218.0,2,0.967,medium (2-3 conditions),ALEXANDRIA,56308.0,DOUGLAS,Acute Care Hospitals,Government - Local,Yes,27041,77264,3133,39354,37065,185,95,848,Government
240036,ST CLOUD HOSPITAL,MN,1680.0,5,0.9209,high (4-6 conditions),SAINT CLOUD,56303.0,STEARNS,Acute Care Hospitals,Voluntary non-profit - Private,Yes,27145,76447,1509,159358,129814,13295,135,7190,Nonprofit
240038,ALLINA UNITED HOSPITAL,MN,1545.0,5,1.0594,high (4-6 conditions),SAINT PAUL,55102.0,RAMSEY,Acute Care Hospitals,Voluntary non-profit - Private,Yes,27123,81004,1299,544438,319340,65391,1843,44888,Nonprofit
240043,MAYO CLINIC HEALTH SYSTEM - ALBERT LEA AND AUSTIN,MN,503.0,2,0.9292,medium (2-3 conditions),ALBERT LEA,56007.0,FREEBORN,Acute Care Hospitals,Voluntary non-profit - Private,Yes,27047,69012,2229,30752,25291,364,28,3249,Nonprofit
240047,ST LUKES HOSPITAL,MN,513.0,3,0.989,medium (2-3 conditions),DULUTH,55805.0,ST. LOUIS,Acute Care Hospitals,Voluntary non-profit - Private,Yes,27137,69455,1665,200056,179881,3173,3102,3767,Nonprofit
240050,FAIRVIEW LAKES HEALTH SERVICES,MN,220.0,3,1.011,medium (2-3 conditions),WYOMING,55092.0,CHISAGO,Acute Care Hospitals,Voluntary non-profit - Private,Yes,27025,98260,3166,57434,51991,688,219,1565,Nonprofit
240053,PARK NICOLLET METHODIST HOSPITAL,MN,1772.0,5,1.0817,high (4-6 conditions),SAINT LOUIS PARK,55426.0,HENNEPIN,Acute Care Hospitals,Voluntary non-profit - Private,Yes,27053,96339,1033,1268903,836929,167455,4951,97813,Nonprofit
240056,RIDGEVIEW MEDICAL CENTER,MN,807.0,3,0.9639,medium (2-3 conditions),WACONIA,55387.0,CARVER,Acute Care Hospitals,Voluntary non-profit - Private,Yes,27019,123144,3157,108622,93566,1636,151,5393,Nonprofit
240057,ABBOTT NORTHWESTERN HOSPITAL,MN,1697.0,4,0.9664,high (4-6 conditions),MINNEAPOLIS,55407.0,HENNEPIN,Acute Care Hospitals,Voluntary non-profit - Private,Yes,27053,96339,1033,1268903,836929,167455,4951,97813,Nonprofit
240064,GRAND ITASCA CLINIC AND HOSPITAL,MN,77.0,1,1.0075,low (1 condition),GRAND RAPIDS,55744.0,ITASCA,Acute Care Hospitals,Voluntary non-profit - Private,Yes,27061,66380,2645,45141,40135,301,1153,656,Nonprofit
240066,LAKEVIEW MEMORIAL HOSPITAL,MN,249.0,2,0.9844,medium (2-3 conditions),STILLWATER,55082.0,WASHINGTON,Acute Care Hospitals,Voluntary non-profit - Other,Yes,27163,114457,1928,272298,213364,13088,526,13798,Nonprofit
240069,OWATONNA HOSPITAL,MN,67.0,1,0.9916,low (1 condition),OWATONNA,55060.0,STEELE,Acute Care Hospitals,Voluntary non-profit - Other,Yes,27147,83448,4523,37413,31524,1261,36,3231,Nonprofit
240075,ESSENTIA HEALTH ST JOSEPH'S MEDICAL CENTER,MN,385.0,3,1.0073,medium (2-3 conditions),BRAINERD,56401.0,CROW WING,Acute Care Hospitals,Voluntary non-profit - Private,Yes,27035,71343,3021,67113,62788,388,473,1024,Nonprofit
240076,BUFFALO HOSPITAL,MN,97.0,1,0.9547,low (1 condition),BUFFALO,55313.0,WRIGHT,Acute Care Hospitals,Voluntary non-profit - Other,No,27171,106666,3433,145270,129108,2684,271,5077,Nonprofit
240078,M HEALTH FAIRVIEW SOUTHDALE HOSPITAL,MN,1285.0,4,0.9139,high (4-6 conditions),EDINA,55435.0,HENNEPIN,Acute Care Hospitals,Voluntary non-profit - Private,Yes,27053,96339,1033,1268903,836929,167455,4951,97813,Nonprofit
240080,M HEALTH FAIRVIEW UNIVERSITY OF MN MEDICAL CENTER,MN,419.0,2,0.9468,medium (2-3 conditions),MINNEAPOLIS,55454.0,HENNEPIN,Acute Care Hospitals,Voluntary non-profit - Private,Yes,27053,96339,1033,1268903,836929,167455,4951,97813,Nonprofit
240088,CENTRACARE- RICE MEMORIAL HOSPITAL,MN,191.0,2,1.0037,medium (2-3 conditions),WILLMAR,56201.0,KANDIYOHI,Acute Care Hospitals,Government - Local,Yes,27067,75097,4223,43757,33409,2448,200,6109,Government
240093,MAYO CLINIC HEALTH SYSTEM - MANKATO,MN,808.0,3,0.8741,medium (2-3 conditions),MANKATO,56002.0,BLUE EARTH,Acute Care Hospitals,Voluntary non-profit - Private,Yes,27013,72623,3118,69386,59101,3157,106,3252,Nonprofit
240100,SANFORD BEMIDJI MEDICAL CENTER,MN,538.0,3,0.9373,medium (2-3 conditions),BEMIDJI,56601.0,BELTRAMI,Acute Care Hospitals,Voluntary non-profit - Private,Yes,27007,67257,2518,46421,32660,413,8780,1170,Nonprofit
240101,ESSENTIA HEALTH ST MARYS - DETROIT LAKES,MN,93.0,1,1.0001,low (1 condition),DETROIT LAKES,56501.0,BECKER,Acute Care Hospitals,Voluntary non-profit - Church,No,27005,71117,2512,35260,30144,282,1690,665,Nonprofit
240104,ST FRANCIS REGIONAL MEDICAL CENTER,MN,306.0,2,1.0062,medium (2-3 conditions),SHAKOPEE,55379.0,SCOTT,Acute Care Hospitals,Voluntary non-profit - Church,Yes,27139,120247,4022,152957,117106,7991,829,9435,Nonprofit
240106,REGIONS HOSPITAL,MN,999.0,5,0.9504,high (4-6 conditions),SAINT PAUL,55101.0,RAMSEY,Acute Care Hospitals,Voluntary non-profit - Private,Yes,27123,81004,1299,544438,319340,65391,1843,44888,Nonprofit
240115,MERCY HOSPITAL,MN,2055.0,5,0.9562,high (4-6 conditions),COON RAPIDS,55433.0,ANOKA,Acute Care Hospitals,Voluntary non-profit - Private,Yes,27003,98764,1545,367095,278827,30395,1420,20537,Nonprofit
240141,FAIRVIEW NORTHLAND REGIONAL HOSPITAL,MN,50.0,1,1.0159,low (1 condition),PRINCETON,55371.0,MILLE LACS,Acute Care Hospitals,Voluntary non-profit - Other,Yes,27095,71455,3257,26912,23762,79,1057,582,Nonprofit
240166,MAYO CLINIC HEALTH SYSTEM - FAIRMONT,MN,201.0,2,0.9419,medium (2-3 conditions),FAIRMONT,56031.0,MARTIN,Acute Care Hospitals,Voluntary non-profit - Private,Yes,27091,62969,3165,19864,17626,160,33,1352,Nonprofit
240207,M HEALTH FAIRVIEW RIDGES HOSPITAL,MN,882.0,4,0.9358,high (4-6 conditions),BURNSVILLE,55337.0,DAKOTA,Acute Care Hospitals,Voluntary non-profit - Church,Yes,27037,105212,1290,442204,326551,31968,799,37321,Nonprofit
240210,M HEALTH FAIRVIEW ST JOHN'S HOSPITAL,MN,715.0,2,0.9879,medium (2-3 conditions),MAPLEWOOD,55109.0,RAMSEY,Acute Care Hospitals,Voluntary non-profit - Private,Yes,27123,81004,1299,544438,319340,65391,1843,44888,Nonprofit
240213,M HEALTH FAIRVIEW WOODWINDS HOSPITAL,MN,342.0,2,1.0144,medium (2-3 conditions),WOODBURY,55125.0,WASHINGTON,Acute Care Hospitals,Voluntary non-profit - Private,Yes,27163,114457,1928,272298,213364,13088,526,13798,Nonprofit
240214,MAPLE GROVE HOSPITAL,MN,301.0,2,0.9557,medium (2-3 conditions),MAPLE GROVE,55369.0,HENNEPIN,Acute Care Hospitals,Voluntary non-profit - Private,Yes,27053,96339,1033,1268903,836929,167455,4951,97813,Nonprofit
250001,UNIVERSITY OF MISSISSIPPI MED CENTER,MS,746.0,5,1.0389,high (4-6 conditions),JACKSON,39216.0,HINDS,Acute Care Hospitals,Government - State,Yes,28049,49966,1435,222494,51620,160576,147,4500,Government
250002,TISHOMINGO HEALTH SERVICES INC,MS,180.0,2,0.9661,medium (2-3 conditions),IUKA,38852.0,TISHOMINGO,Acute Care Hospitals,Voluntary non-profit - Private,Yes,28141,46257,2655,18738,17046,211,113,578,Nonprofit
250004,NORTH MISSISSIPPI MEDICAL CENTER,MS,2564.0,5,0.9837,high (4-6 conditions),TUPELO,38801.0,LEE,Acute Care Hospitals,Voluntary non-profit - Private,Yes,28081,67144,3110,83138,52321,24824,16,2835,Nonprofit
250006,BAPTIST MEMORIAL HOSPITAL UNION COUNTY,MS,354.0,2,0.9918,medium (2-3 conditions),NEW ALBANY,38652.0,UNION,Acute Care Hospitals,Voluntary non-profit - Other,Yes,28145,56807,4827,28009,21493,4520,32,1342,Nonprofit
250007,Memorial Hospital Biloxi,MS,144.0,2,1.0829,medium (2-3 conditions),BILOXI,39530.0,HARRISON,Acute Care Hospitals,Proprietary,Yes,28047,57233,2075,209443,128525,50134,275,14023,For-profit
250009,MAGNOLIA REGIONAL HEALTH CENTER,MS,1415.0,5,1.0432,high (4-6 conditions),CORINTH,38834.0,ALCORN,Acute Care Hospitals,Voluntary non-profit - Other,Yes,28003,49404,5403,34500,27707,3657,29,1273,Nonprofit
250019,MEMORIAL HOSPITAL AT GULFPORT,MS,1931.0,4,1.0346,high (4-6 conditions),GULFPORT,39502.0,HARRISON,Acute Care Hospitals,Government - Local,Yes,28047,57233,2075,209443,128525,50134,275,14023,Government
250020,WEBSTER GENERAL HOSPITAL/ SWING BED,MS,225.0,2,0.9902,medium (2-3 conditions),EUPORA,39744.0,WEBSTER,Acute Care Hospitals,Voluntary non-profit - Other,Yes,28155,59964,4280,9942,7759,1845,16,178,Nonprofit
250025,NORTH MISSISSIPPI MEDICAL CENTER-GILMORE AMORY,MS,231.0,2,1.0392,medium (2-3 conditions),AMORY,38821.0,MONROE,Acute Care Hospitals,Proprietary,Yes,28095,51231,2828,33928,22552,10242,10,512,For-profit
250031,MERIT HEALTH RIVER REGION,MS,612.0,3,1.0263,medium (2-3 conditions),VICKSBURG,39183.0,WARREN,Acute Care Hospitals,Proprietary,Yes,28149,56648,2110,43623,20281,21306,18,898,For-profit
250034,BAPTIST MEMORIAL HOSPITAL NORTH MS,MS,2066.0,4,1.0635,high (4-6 conditions),OXFORD,38655.0,LAFAYETTE,Acute Care Hospitals,Voluntary non-profit - Private,Yes,28071,64334,3674,56920,39100,13119,70,2063,Nonprofit
250038,MERIT HEALTH MADISON,MS,107.0,2,1.0553,medium (2-3 conditions),CANTON,39046.0,MADISON,Acute Care Hospitals,Proprietary,Yes,28089,78794,4274,110303,59963,41181,56,4131,For-profit
250040,SINGING RIVER HEALTH SYSTEM,MS,1528.0,5,1.0636,high (4-6 conditions),PASCAGOULA,39581.0,JACKSON,Acute Care Hospitals,Government - Local,Yes,28059,64756,2869,144437,96040,29474,211,10560,Government
250043,NESHOBA COUNTY GENERAL HOSPITAL,MS,120.0,1,0.9583,low (1 condition),PHILADELPHIA,39350.0,NESHOBA,Acute Care Hospitals,Government - Local,Yes,28099,53087,3932,28927,16676,6201,4605,255,Government
250044,BAPTIST MEMORIAL HOSPITAL BOONEVILLE,MS,111.0,1,0.9541,low (1 condition),BOONEVILLE,38829.0,PRENTISS,Acute Care Hospitals,Voluntary non-profit - Church,Yes,28117,51466,5245,24999,19966,2855,41,377,Nonprofit
250048,ST DOMINIC-JACKSON MEMORIAL HOSPITAL,MS,2326.0,5,1.045,high (4-6 conditions),JACKSON,39216.0,HINDS,Acute Care Hospitals,Voluntary non-profit - Church,Yes,28049,49966,1435,222494,51620,160576,147,4500,Nonprofit
250050,OCH REGIONAL MEDICAL CENTER,MS,178.0,2,0.9942,medium (2-3 conditions),STARKVILLE,39759.0,OKTIBBEHA,Acute Care Hospitals,Government - Local,Yes,28105,43482,4084,51473,28414,18571,86,1220,Government
250057,KING'S DAUGHTERS MEDICAL CENTER-BROOKHAVEN,MS,214.0,2,0.954,medium (2-3 conditions),BROOKHAVEN,39601.0,LINCOLN,Acute Care Hospitals,Voluntary non-profit - Other,Yes,28085,48316,3584,34830,23355,10523,25,443,Nonprofit
250058,SOUTH CENTRAL REG MED CTR,MS,731.0,4,1.1237,high (4-6 conditions),LAUREL,39440.0,JONES,Acute Care Hospitals,Government - Local,Yes,28067,51143,5194,66839,42203,19059,187,4071,Government
250067,CLAY COUNTY MEDICAL CORPORATION,MS,83.0,1,0.9999,low (1 condition),WEST POINT,39773.0,CLAY,Acute Care Hospitals,Voluntary non-profit - Private,Yes,28025,39904,5040,18462,6991,11095,3,31,Nonprofit
250069,OCHSNER RUSH HOSPITAL,MS,485.0,4,0.9908,high (4-6 conditions),MERIDIAN,39301.0,LAUDERDALE,Acute Care Hospitals,Voluntary non-profit - Private,Yes,28075,50033,4080,71984,36521,30160,141,1782,Nonprofit
250072,MERIT HEALTH CENTRAL,MS,57.0,1,1.0341,low (1 condition),JACKSON,39204.0,HINDS,Acute Care Hospitals,Proprietary,Yes,28049,49966,1435,222494,51620,160576,147,4500,For-profit
250077,WAYNE GENERAL HOSPITAL,MS,161.0,2,1.0196,medium (2-3 conditions),WAYNESBORO,39367.0,WAYNE,Acute Care Hospitals,Government - Local,Yes,28153,36791,2871,19699,11168,7318,5,747,Government
250078,FORREST GENERAL HOSPITAL,MS,2590.0,6,1.0322,high (4-6 conditions),HATTIESBURG,39401.0,FORREST,Acute Care Hospitals,Government - Local,Yes,28035,52821,3246,78027,43674,27874,60,3264,Government
250082,DELTA HEALTH SYSTEM - THE MEDICAL CENTER,MS,411.0,4,1.0526,high (4-6 conditions),GREENVILLE,38701.0,WASHINGTON,Acute Care Hospitals,Government - Local,Yes,28151,40117,3242,43674,10520,31460,32,655,Government
250084,MERIT HEALTH NATCHEZ,MS,245.0,2,1.0327,medium (2-3 conditions),NATCHEZ,39120.0,ADAMS,Acute Care Hospitals,Proprietary,Yes,28001,40250,3920,29098,10886,16141,72,1191,For-profit
250085,MARION GENERAL HOSPITAL,MS,79.0,1,1.0012,low (1 condition),COLUMBIA,39429.0,MARION,Acute Care Hospitals,Government - Local,Yes,28091,42320,4871,24303,15417,7740,65,431,Government
250093,BOLIVAR MEDICAL CENTER,MS,407.0,3,1.0292,medium (2-3 conditions),CLEVELAND,38732.0,BOLIVAR,Acute Care Hospitals,Proprietary,Yes,28011,37315,3178,30163,9240,19071,1,765,For-profit
250094,MERIT HEALTH WESLEY,MS,459.0,3,1.016,medium (2-3 conditions),HATTIESBURG,39402.0,LAMAR,Acute Care Hospitals,Voluntary non-profit - Private,Yes,28073,69106,4782,65081,46449,14030,52,2366,Nonprofit
250096,CROSSGATES RIVER OAKS HOSPITAL,MS,105.0,2,1.0395,medium (2-3 conditions),BRANDON,39042.0,RANKIN,Acute Care Hospitals,Proprietary,Yes,28121,77454,3023,158218,113207,34203,174,5072,For-profit
250097,SOUTHWEST MS REGIONAL MEDICAL CENTER,MS,602.0,4,1.0475,high (4-6 conditions),MCCOMB,39649.0,PIKE,Acute Care Hospitals,Government - Local,Yes,28113,41578,1852,39930,16653,21584,164,653,Government
250099,GREENWOOD LEFLORE HOSPITAL,MS,59.0,1,0.9939,low (1 condition),GREENWOOD,38930.0,LEFLORE,Acute Care Hospitals,Government - Local,Yes,28083,33188,4971,27432,5767,20432,19,837,Government
250100,BMH-GOLDEN TRIANGLE,MS,1201.0,4,0.9496,high (4-6 conditions),COLUMBUS,39705.0,LOWNDES,Acute Care Hospitals,Voluntary non-profit - Private,Yes,28087,54460,2573,58187,28955,25478,136,1305,Nonprofit
250102,MISSISSIPPI BAPTIST MEDICAL CENTER,MS,2050.0,4,1.0375,high (4-6 conditions),JACKSON,39202.0,HINDS,Acute Care Hospitals,Voluntary non-profit - Private,Yes,28049,49966,1435,222494,51620,160576,147,4500,Nonprofit
250104,ANDERSON REGIONAL MEDICAL CENTER,MS,1140.0,4,1.0306,high (4-6 conditions),MERIDIAN,39301.0,LAUDERDALE,Acute Care Hospitals,Voluntary non-profit - Private,Yes,28075,50033,4080,71984,36521,30160,141,1782,Nonprofit
250117,HIGHLAND COMMUNITY  HOSPITAL,MS,166.0,2,1.0611,medium (2-3 conditions),PICAYUNE,39466.0,PEARL RIVER,Acute Care Hospitals,Government - Local,Yes,28109,56535,4927,56781,44998,7003,55,2331,Government
250123,SINGING RIVER GULFPORT,MS,228.0,2,1.0553,medium (2-3 conditions),GULFPORT,39503.0,HARRISON,Acute Care Hospitals,Proprietary,Yes,28047,57233,2075,209443,128525,50134,275,14023,For-profit
250124,MAGEE GENERAL HOSPITAL,MS,79.0,1,1.0106,low (1 condition),MAGEE,39111.0,SIMPSON,Acute Care Hospitals,Voluntary non-profit - Private,Yes,28127,54111,2603,25817,15769,9156,42,436,Nonprofit
250138,MERIT HEALTH RIVER OAKS,MS,307.0,3,1.0367,medium (2-3 conditions),FLOWOOD,39232.0,RANKIN,Acute Care Hospitals,Proprietary,Yes,28121,77454,3023,158218,113207,34203,174,5072,For-profit
250141,BAPTIST MEMORIAL HOSPITAL DESOTO,MS,1715.0,4,1.0654,high (4-6 conditions),SOUTHAVEN,38671.0,DE SOTO,Acute Care Hospitals,Proprietary,Yes,28033,82980,2193,188598,109463,59997,127,10612,For-profit
250162,OCHSNER MEDICAL CENTER-HANCOCK,MS,31.0,1,1.0695,low (1 condition),BAY SAINT LOUIS,39520.0,HANCOCK,Acute Care Hospitals,Government - Local,Yes,28045,67728,5644,46057,38496,3087,161,1924,Government
250167,METHODIST HEALTHCARE - OLIVE BRANCH HOSPITAL,MS,470.0,2,0.9925,medium (2-3 conditions),OLIVE BRANCH,38654.0,DE SOTO,Acute Care Hospitals,Voluntary non-profit - Private,Yes,28033,82980,2193,188598,109463,59997,127,10612,Nonprofit
250168,UNIVERSITY OF MISSISSIPPI MEDICAL CENTER- GRENADA,MS,241.0,2,1.0529,medium (2-3 conditions),GRENADA,38901.0,GRENADA,Acute Care Hospitals,Government - State,Yes,28043,47998,3536,21342,10902,9559,9,64,Government
260001,MERCY HOSPITAL JOPLIN,MO,1104.0,4,1.0171,high (4-6 conditions),JOPLIN,64804.0,JASPER,Acute Care Hospitals,Voluntary non-profit - Church,Yes,29097,57525,2931,123532,100272,2059,831,11775,Nonprofit
260005,SSM ST JOSEPH HEALTH CENTER,MO,589.0,3,1.0406,medium (2-3 conditions),SAINT CHARLES,63301.0,ST. CHARLES,Acute Care Hospitals,Voluntary non-profit - Private,Yes,29183,102912,1674,409830,343815,20228,161,16546,Nonprofit
260006,MOSAIC LIFE CARE AT ST JOSEPH,MO,2623.0,5,0.9651,high (4-6 conditions),SAINT JOSEPH,64506.0,BUCHANAN,Acute Care Hospitals,Voluntary non-profit - Private,Yes,29021,59423,2840,83855,67651,4726,205,5901,Nonprofit
260009,BOTHWELL REGIONAL HEALTH CENTER,MO,566.0,3,0.9964,medium (2-3 conditions),SEDALIA,65301.0,PETTIS,Acute Care Hospitals,Government - Local,Yes,29159,60232,2670,43205,35707,1069,14,4135,Government
260011,SSM HEALTH ST. MARY'S HOSPITAL - JEFFERSON CITY,MO,549.0,3,1.0258,medium (2-3 conditions),JEFFERSON CITY,65109.0,COLE,Acute Care Hospitals,Proprietary,Yes,29051,73273,3685,76924,61315,8609,62,2721,For-profit
260017,PHELPS COUNTY REGIONAL MEDICAL CENTER,MO,869.0,4,1.0897,high (4-6 conditions),ROLLA,65401.0,PHELPS,Acute Care Hospitals,Government - Local,Yes,29161,55427,3157,44948,38509,920,132,1328,Government
260020,MERCY HOSPITAL ST LOUIS,MO,2278.0,6,1.0896,high (4-6 conditions),SAINT LOUIS,63141.0,ST. LOUIS,Acute Care Hospitals,Voluntary non-profit - Private,Yes,29510,55279,1530,293109,130110,125617,433,15005,Nonprofit
260022,NORTHEAST REGIONAL MEDICAL CENTER,MO,218.0,2,0.9684,medium (2-3 conditions),KIRKSVILLE,63501.0,ADAIR,Acute Care Hospitals,Proprietary,Yes,29001,56583,5235,25224,22108,1059,77,721,For-profit
260023,MERCY HOSPITAL JEFFERSON,MO,902.0,4,1.018,high (4-6 conditions),CRYSTAL CITY,63019.0,JEFFERSON,Acute Care Hospitals,Voluntary non-profit - Private,Yes,29099,80522,2296,228227,203032,2431,191,5793,Nonprofit
260025,HANNIBAL REGIONAL HOSPITAL,MO,1008.0,3,1.1077,medium (2-3 conditions),HANNIBAL,63401.0,MARION,Acute Care Hospitals,Voluntary non-profit - Other,Yes,29127,63908,3770,28493,25473,1481,60,560,Nonprofit
260027,RESEARCH MEDICAL CENTER,MO,415.0,3,1.0066,medium (2-3 conditions),KANSAS CITY,64132.0,JACKSON,Acute Care Hospitals,Proprietary,Yes,29095,67178,1127,717021,428371,160230,1048,79383,For-profit
260032,BARNES JEWISH HOSPITAL,MO,1668.0,5,1.0266,high (4-6 conditions),SAINT LOUIS,63110.0,ST. LOUIS CITY,Acute Care Hospitals,Voluntary non-profit - Other,Yes,29510,55279,1530,293109,130110,125617,433,15005,Nonprofit
260040,COX MEDICAL CENTERS,MO,1862.0,5,0.9755,high (4-6 conditions),SPRINGFIELD,65807.0,GREENE,Acute Care Hospitals,Voluntary non-profit - Private,Yes,29077,57488,1316,301121,255038,8610,617,14950,Nonprofit
260052,MERCY HOSPITAL WASHINGTON,MO,493.0,2,0.9586,medium (2-3 conditions),WASHINGTON,63090.0,FRANKLIN,Acute Care Hospitals,Voluntary non-profit - Private,Yes,29071,71973,2698,105316,93937,855,82,2343,Nonprofit
260057,CAMERON REGIONAL MEDICAL CENTER,MO,162.0,1,0.9572,low (1 condition),CAMERON,64429.0,CLINTON,Acute Care Hospitals,Voluntary non-profit - Private,Yes,29049,70625,3666,21259,19603,157,19,543,Nonprofit
260062,SAINT LUKES NORTH HOSPITAL,MO,643.0,3,0.9389,medium (2-3 conditions),KANSAS CITY,64154.0,PLATTE,Acute Care Hospitals,Voluntary non-profit - Private,Yes,29165,95748,3176,108751,84300,7879,133,7535,Nonprofit
260065,MERCY HOSPITAL SPRINGFIELD,MO,2055.0,5,0.9828,high (4-6 conditions),SPRINGFIELD,65804.0,GREENE,Acute Care Hospitals,Voluntary non-profit - Private,Yes,29077,57488,1316,301121,255038,8610,617,14950,Nonprofit
260068,BOONE HOSPITAL CENTER,MO,1826.0,5,0.9578,high (4-6 conditions),COLUMBIA,65201.0,BOONE,Acute Care Hospitals,Voluntary non-profit - Other,Yes,29019,69913,2041,185874,142019,17346,222,8134,Nonprofit
260074,MOBERLY REGIONAL MEDICAL CENTER,MO,108.0,1,1.0421,low (1 condition),MOBERLY,65270.0,RANDOLPH,Acute Care Hospitals,Proprietary,Yes,29175,55310,5921,24524,21453,1220,33,596,For-profit
260077,MERCY HOSPITAL SOUTH,MO,1897.0,5,1.0707,high (4-6 conditions),SAINT LOUIS,63128.0,ST. LOUIS,Acute Care Hospitals,Voluntary non-profit - Private,Yes,29510,55279,1530,293109,130110,125617,433,15005,Nonprofit
260078,OZARKS HEALTHCARE,MO,578.0,4,0.9599,high (4-6 conditions),WEST PLAINS,65775.0,HOWELL,Acute Care Hospitals,Voluntary non-profit - Private,Yes,29091,49814,3263,40168,37117,151,97,975,Nonprofit
260081,SSM ST CLARE HEALTH CENTER,MO,931.0,4,1.0208,high (4-6 conditions),FENTON,63026.0,JEFFERSON,Acute Care Hospitals,Voluntary non-profit - Private,Yes,29099,80522,2296,228227,203032,2431,191,5793,Nonprofit
260085,ST JOSEPH MEDICAL CENTER,MO,498.0,2,1.0201,medium (2-3 conditions),KANSAS CITY,64114.0,JACKSON,Acute Care Hospitals,Proprietary,Yes,29095,67178,1127,717021,428371,160230,1048,79383,For-profit
260091,SSM HEALTH ST MARY'S HOSPITAL - ST LOUIS,MO,613.0,4,1.0465,high (4-6 conditions),SAINT LOUIS,63117.0,ST. LOUIS,Acute Care Hospitals,Voluntary non-profit - Private,Yes,29510,55279,1530,293109,130110,125617,433,15005,Nonprofit
260094,COX MEDICAL CENTER BRANSON,MO,682.0,4,0.9204,high (4-6 conditions),BRANSON,65615.0,TANEY,Acute Care Hospitals,Voluntary non-profit - Private,Yes,29213,58258,2800,56382,48248,796,158,4250,Nonprofit
260095,CENTERPOINT MEDICAL CENTER,MO,990.0,4,1.0356,high (4-6 conditions),INDEPENDENCE,64057.0,JACKSON,Acute Care Hospitals,Proprietary,Yes,29095,67178,1127,717021,428371,160230,1048,79383,For-profit
260096,NORTH KANSAS CITY HOSPITAL,MO,2328.0,5,0.9786,high (4-6 conditions),NORTH KANSAS CITY,64116.0,CLAY,Acute Care Hospitals,Government - Local,Yes,29047,86150,1755,255566,198802,16894,498,19687,Government
260097,WESTERN MISSOURI MEDICAL CENTER,MO,243.0,2,1.019,medium (2-3 conditions),WARRENSBURG,64093.0,JOHNSON,Acute Care Hospitals,Government - Local,Yes,29101,67123,2893,54331,45820,2016,79,2742,Government
260104,SSM HEALTH DEPAUL HOSPITAL ST LOUIS,MO,749.0,3,0.9462,medium (2-3 conditions),BRIDGETON,63044.0,ST. LOUIS,Acute Care Hospitals,Voluntary non-profit - Church,Yes,29510,55279,1530,293109,130110,125617,433,15005,Nonprofit
260105,SSM HEALTH SAINT LOUIS UNIVERSITY HOSPITAL,MO,306.0,3,1.0868,medium (2-3 conditions),SAINT LOUIS,63104.0,ST. LOUIS CITY,Acute Care Hospitals,Voluntary non-profit - Church,Yes,29510,55279,1530,293109,130110,125617,433,15005,Nonprofit
260108,MISSOURI BAPTIST MEDICAL CENTER,MO,2191.0,5,0.9726,high (4-6 conditions),SAINT LOUIS,63131.0,ST. LOUIS,Acute Care Hospitals,Voluntary non-profit - Private,Yes,29510,55279,1530,293109,130110,125617,433,15005,Nonprofit
260110,MERCY HOSPITAL SOUTHEAST,MO,874.0,4,1.0477,high (4-6 conditions),CAPE GIRARDEAU,63701.0,CAPE GIRARDEAU,Acute Care Hospitals,Voluntary non-profit - Private,Yes,29031,68912,2419,82180,69088,6650,54,2339,Nonprofit
260113,MISSOURI DELTA MEDICAL CENTER,MO,382.0,3,0.9945,medium (2-3 conditions),SIKESTON,63801.0,SCOTT,Acute Care Hospitals,Voluntary non-profit - Private,Yes,29201,58847,4433,37967,30904,4233,17,966,Nonprofit
260119,POPLAR BLUFF REGIONAL MEDICAL CENTER,MO,1181.0,4,0.9867,high (4-6 conditions),POPLAR BLUFF,63901.0,BUTLER,Acute Care Hospitals,Proprietary,Yes,29023,49213,3349,42166,36446,1943,89,994,For-profit
260137,FREEMAN HEALTH SYSTEM - FREEMAN WEST,MO,1344.0,4,0.9741,high (4-6 conditions),JOPLIN,64804.0,JASPER,Acute Care Hospitals,Voluntary non-profit - Private,Yes,29097,57525,2931,123532,100272,2059,831,11775,Nonprofit
260138,ST LUKES HOSPITAL OF KANSAS CITY,MO,1326.0,5,0.9459,high (4-6 conditions),KANSAS CITY,64111.0,JACKSON,Acute Care Hospitals,Voluntary non-profit - Private,Yes,29095,67178,1127,717021,428371,160230,1048,79383,Nonprofit
260141,UNIVERSITY OF MISSOURI HEALTH CARE,MO,1219.0,4,1.0067,high (4-6 conditions),COLUMBIA,65212.0,BOONE,Acute Care Hospitals,Government - State,Yes,29019,69913,2041,185874,142019,17346,222,8134,Government
260142,FITZGIBBON HOSPITAL,MO,169.0,2,1.0183,medium (2-3 conditions),MARSHALL,65340.0,SALINE,Acute Care Hospitals,Voluntary non-profit - Private,Yes,29195,56566,3401,23177,17680,1065,31,2827,Nonprofit
260162,BARNES-JEWISH WEST COUNTY HOSPITAL,MO,116.0,2,1.0464,medium (2-3 conditions),CREVE COEUR,63141.0,ST. LOUIS,Acute Care Hospitals,Voluntary non-profit - Private,Yes,29510,55279,1530,293109,130110,125617,433,15005,Nonprofit
260163,PARKLAND HEALTH CENTER,MO,590.0,3,0.9725,medium (2-3 conditions),FARMINGTON,63640.0,ST. FRANCOIS,Acute Care Hospitals,Voluntary non-profit - Private,Yes,29187,54813,3857,66864,60615,1999,208,1196,Nonprofit
260175,GOLDEN VALLEY MEMORIAL HOSPITAL,MO,213.0,2,0.9963,medium (2-3 conditions),CLINTON,64735.0,HENRY,Acute Care Hospitals,Government - Hospital District or Authority,Yes,29083,56621,3379,22194,20405,160,48,650,Government
260177,LIBERTY HOSPITAL,MO,995.0,4,1.0117,high (4-6 conditions),LIBERTY,64068.0,CLAY,Acute Care Hospitals,Voluntary non-profit - Private,Yes,29047,86150,1755,255566,198802,16894,498,19687,Nonprofit
260179,ST LUKES HOSPITAL,MO,2468.0,6,1.0194,high (4-6 conditions),CHESTERFIELD,63017.0,ST. LOUIS,Acute Care Hospitals,Voluntary non-profit - Private,Yes,29510,55279,1530,293109,130110,125617,433,15005,Nonprofit
260180,CHRISTIAN HOSPITAL NORTHEAST,MO,978.0,5,0.9879,high (4-6 conditions),SAINT LOUIS,63136.0,ST. LOUIS,Acute Care Hospitals,Voluntary non-profit - Private,Yes,29510,55279,1530,293109,130110,125617,433,15005,Nonprofit
260183,SAINT FRANCIS MEDICAL CENTER,MO,1002.0,4,0.9141,high (4-6 conditions),CAPE GIRARDEAU,63703.0,CAPE GIRARDEAU,Acute Care Hospitals,Voluntary non-profit - Private,Yes,29031,68912,2419,82180,69088,6650,54,2339,Nonprofit
260186,LAKE REGIONAL HEALTH SYSTEM,MO,794.0,4,0.9795,high (4-6 conditions),OSAGE BEACH,65065.0,CAMDEN,Acute Care Hospitals,Voluntary non-profit - Other,Yes,29029,62927,3560,43416,40179,380,60,1453,Nonprofit
260190,LEE'S SUMMIT MEDICAL CENTER,MO,313.0,2,1.033,medium (2-3 conditions),LEES SUMMIT,64063.0,JACKSON,Acute Care Hospitals,Proprietary,Yes,29095,67178,1127,717021,428371,160230,1048,79383,For-profit
260191,BARNES-JEWISH ST PETERS HOSPITAL,MO,695.0,3,1.0084,medium (2-3 conditions),SAINT PETERS,63376.0,ST. CHARLES,Acute Care Hospitals,Voluntary non-profit - Other,Yes,29183,102912,1674,409830,343815,20228,161,16546,Nonprofit
260193,ST MARY'S MEDICAL CENTER,MO,381.0,2,1.077,medium (2-3 conditions),BLUE SPRINGS,64014.0,JACKSON,Acute Care Hospitals,Proprietary,Yes,29095,67178,1127,717021,428371,160230,1048,79383,For-profit
260195,CITIZENS MEMORIAL HOSPITAL,MO,72.0,1,1.0579,low (1 condition),BOLIVAR,65613.0,POLK,Acute Care Hospitals,Government - Hospital District or Authority,Yes,29167,56686,3583,32109,29591,262,103,898,Government
260200,SSM ST JOSEPH HOSPITAL WEST,MO,983.0,4,0.9611,high (4-6 conditions),LAKE SAINT LOUIS,63367.0,ST. CHARLES,Acute Care Hospitals,Voluntary non-profit - Church,Yes,29183,102912,1674,409830,343815,20228,161,16546,Nonprofit
260214,BELTON REGIONAL MEDICAL CENTER,MO,238.0,2,1.0561,medium (2-3 conditions),BELTON,64012.0,CASS,Acute Care Hospitals,Voluntary non-profit - Private,Yes,29037,87413,3813,109393,92350,4858,196,5828,Nonprofit
260216,SAINT LUKE'S EAST  HOSPITAL,MO,1741.0,4,0.927,high (4-6 conditions),LEES SUMMIT,64086.0,JACKSON,Acute Care Hospitals,Voluntary non-profit - Private,Yes,29095,67178,1127,717021,428371,160230,1048,79383,Nonprofit
260219,PROGRESS WEST HOSPITAL,MO,304.0,2,0.9477,medium (2-3 conditions),OFALLON,63368.0,ST. CHARLES,Acute Care Hospitals,Voluntary non-profit - Private,Yes,29183,102912,1674,409830,343815,20228,161,16546,Nonprofit
270003,ST PETERS HEALTH,MT,619.0,3,0.9509,medium (2-3 conditions),HELENA,59601.0,LEWIS AND CLARK,Acute Care Hospitals,Voluntary non-profit - Private,Yes,30049,74543,3600,72580,64745,401,640,2830,Nonprofit
270004,BILLINGS CLINIC,MT,1791.0,5,0.9274,high (4-6 conditions),BILLINGS,59101.0,YELLOWSTONE,Acute Care Hospitals,Voluntary non-profit - Private,Yes,30111,74400,2511,167340,140456,824,6385,10717,Nonprofit
270012,BENEFIS HOSPITALS INC,MT,858.0,4,0.9308,high (4-6 conditions),GREAT FALLS,59405.0,CASCADE,Acute Care Hospitals,Voluntary non-profit - Private,Yes,30013,66203,2345,84601,70402,1223,2867,4283,Nonprofit
270014,ST. PATRICK HOSPITAL,MT,1172.0,4,0.9557,high (4-6 conditions),MISSOULA,59802.0,MISSOULA,Acute Care Hospitals,Voluntary non-profit - Church,Yes,30063,71246,2330,119639,102631,712,2325,5902,Nonprofit
270017,ST JAMES HOSPITAL,MT,269.0,2,0.996,medium (2-3 conditions),BUTTE,59701.0,SILVER BOW,Acute Care Hospitals,Voluntary non-profit - Private,Yes,30093,57504,3994,35589,31768,43,503,1639,Nonprofit
270023,COMMUNITY MEDICAL CENTER,MT,183.0,2,0.9968,medium (2-3 conditions),MISSOULA,59804.0,MISSOULA,Acute Care Hospitals,Voluntary non-profit - Private,Yes,30063,71246,2330,119639,102631,712,2325,5902,Nonprofit
270049,INTERMOUNTAIN HEALTH ST VINCENT REGIONAL HOSPITAL,MT,1292.0,5,0.8798,high (4-6 conditions),BILLINGS,59107.0,YELLOWSTONE,Acute Care Hospitals,Voluntary non-profit - Church,Yes,30111,74400,2511,167340,140456,824,6385,10717,Nonprofit
270051,LOGAN HEALTH MEDICAL CENTER,MT,814.0,3,0.8988,medium (2-3 conditions),KALISPELL,59901.0,FLATHEAD,Acute Care Hospitals,Voluntary non-profit - Private,Yes,30029,71327,1749,108445,98324,251,971,3800,Nonprofit
270057,BOZEMAN HEALTH DEACONESS HOSPITAL,MT,545.0,3,0.9532,medium (2-3 conditions),BOZEMAN,59715.0,GALLATIN,Acute Care Hospitals,Voluntary non-profit - Private,Yes,30031,87454,3078,122194,107856,593,756,6272,Nonprofit
270086,GREAT FALLS CLINIC HOSPITAL,MT,88.0,1,0.9813,low (1 condition),GREAT FALLS,59405.0,CASCADE,Acute Care Hospitals,Proprietary,Yes,30013,66203,2345,84601,70402,1223,2867,4283,For-profit
280003,BRYAN MEDICAL CENTER,NE,2790.0,5,0.932,high (4-6 conditions),LINCOLN,68506.0,LANCASTER,Acute Care Hospitals,Voluntary non-profit - Private,Yes,31109,72625,1552,323673,254881,11895,1002,26670,Nonprofit
280009,CHI HEALTH GOOD SAMARITAN,NE,258.0,2,1.0493,medium (2-3 conditions),KEARNEY,68848.0,BUFFALO,Acute Care Hospitals,Voluntary non-profit - Church,Yes,31019,74570,4165,50323,42591,410,127,5219,Nonprofit
280013,THE NEBRASKA MEDICAL CENTER,NE,1240.0,5,0.9884,high (4-6 conditions),OMAHA,68198.0,DOUGLAS,Acute Care Hospitals,Voluntary non-profit - Private,Yes,31055,79081,1335,585461,390024,60395,1425,82687,Nonprofit
280020,CHI HEALTH ST. ELIZABETH,NE,269.0,2,1.008,medium (2-3 conditions),LINCOLN,68510.0,LANCASTER,Acute Care Hospitals,Voluntary non-profit - Private,Yes,31109,72625,1552,323673,254881,11895,1002,26670,Nonprofit
280023,CHI HEALTH ST. FRANCIS,NE,301.0,2,1.0081,medium (2-3 conditions),GRAND ISLAND,68803.0,HALL,Acute Care Hospitals,Voluntary non-profit - Church,Yes,31079,67549,4042,62431,38763,1987,220,19563,Nonprofit
280032,MARY LANNING HEALTHCARE,NE,135.0,1,0.9742,low (1 condition),HASTINGS,68901.0,ADAMS,Acute Care Hospitals,Voluntary non-profit - Other,Yes,31001,65680,2728,31034,25887,371,47,3739,Nonprofit
280040,THE NEBRASKA METHODIST HOSPITAL,NE,2177.0,6,0.9546,high (4-6 conditions),OMAHA,68114.0,DOUGLAS,Acute Care Hospitals,Voluntary non-profit - Private,Yes,31055,79081,1335,585461,390024,60395,1425,82687,Nonprofit
280060,CHI HEALTH BERGAN MERCY,NE,755.0,3,0.9207,medium (2-3 conditions),OMAHA,68124.0,DOUGLAS,Acute Care Hospitals,Voluntary non-profit - Private,Yes,31055,79081,1335,585461,390024,60395,1425,82687,Nonprofit
280061,REGIONAL WEST MEDICAL CENTER,NE,543.0,3,1.0271,medium (2-3 conditions),SCOTTSBLUFF,69361.0,SCOTT BLUFF,Acute Care Hospitals,Voluntary non-profit - Private,Yes,31157,60960,5263,35937,25721,202,418,8420,Nonprofit
280065,GREAT PLAINS HEALTH,NE,668.0,3,1.0533,medium (2-3 conditions),NORTH PLATTE,69101.0,LINCOLN,Acute Care Hospitals,Voluntary non-profit - Private,Yes,31111,64342,3926,34122,29593,282,196,3099,Nonprofit
280077,METHODIST FREMONT HEALTH,NE,377.0,3,1.0043,medium (2-3 conditions),FREMONT,68025.0,DODGE,Acute Care Hospitals,Voluntary non-profit - Private,Yes,31053,71294,6266,37146,29266,195,38,6350,Nonprofit
280081,CHI HEALTH IMMANUEL,NE,234.0,2,1.0284,medium (2-3 conditions),OMAHA,68122.0,DOUGLAS,Acute Care Hospitals,Voluntary non-profit - Private,Yes,31055,79081,1335,585461,390024,60395,1425,82687,Nonprofit
280111,"COLUMBUS COMMUNITY HOSPITAL, INC",NE,71.0,1,1.0233,low (1 condition),COLUMBUS,68601.0,PLATTE,Acute Care Hospitals,Voluntary non-profit - Other,Yes,31141,72335,4646,34358,25526,279,71,7642,Nonprofit
280125,FAITH REGIONAL HEALTH SERVICES,NE,555.0,3,0.9589,medium (2-3 conditions),NORFOLK,68701.0,MADISON,Acute Care Hospitals,Voluntary non-profit - Church,Yes,31119,64637,2901,35535,27777,307,291,5658,Nonprofit
280128,CHI HEALTH NEBRASKA HEART,NE,590.0,3,0.9348,medium (2-3 conditions),LINCOLN,68526.0,LANCASTER,Acute Care Hospitals,Voluntary non-profit - Private,No,31109,72625,1552,323673,254881,11895,1002,26670,Nonprofit
280130,CHI HEALTH LAKESIDE,NE,571.0,3,0.9443,medium (2-3 conditions),OMAHA,68130.0,DOUGLAS,Acute Care Hospitals,Voluntary non-profit - Church,Yes,31055,79081,1335,585461,390024,60395,1425,82687,Nonprofit
280132,BELLEVUE MEDICAL CENTER,NE,936.0,5,1.0449,high (4-6 conditions),BELLEVUE,68123.0,SARPY,Acute Care Hospitals,Proprietary,Yes,31153,101402,1883,194051,150497,7725,412,21466,For-profit
280134,KEARNEY REGIONAL MEDICAL CENTER,NE,352.0,2,0.9533,medium (2-3 conditions),KEARNEY,68845.0,BUFFALO,Acute Care Hospitals,Proprietary,Yes,31019,74570,4165,50323,42591,410,127,5219,For-profit
280139,GRAND ISLAND REGIONAL MEDICAL CENTER,NE,137.0,2,1.0591,medium (2-3 conditions),GRAND ISLAND,68803.0,HALL,Acute Care Hospitals,Voluntary non-profit - Private,Yes,31079,67549,4042,62431,38763,1987,220,19563,Nonprofit
290001,RENOWN REGIONAL MEDICAL CENTER,NV,2083.0,4,0.9461,high (4-6 conditions),RENO,89502.0,WASHOE,Acute Care Hospitals,Voluntary non-profit - Private,Yes,32031,85600,1617,491770,293720,11285,4280,126068,Nonprofit
290003,SUNRISE HOSPITAL AND MEDICAL CENTER,NV,1288.0,4,1.0369,high (4-6 conditions),LAS VEGAS,89109.0,CLARK,Acute Care Hospitals,Proprietary,Yes,32003,73845,670,2293764,903460,267567,7819,721337,For-profit
290005,NORTH VISTA HOSPITAL,NV,254.0,3,1.0584,medium (2-3 conditions),NORTH LAS VEGAS,89030.0,CLARK,Acute Care Hospitals,Voluntary non-profit - Private,Yes,32003,73845,670,2293764,903460,267567,7819,721337,Nonprofit
290007,UNIVERSITY MEDICAL CENTER,NV,429.0,3,1.0586,medium (2-3 conditions),LAS VEGAS,89102.0,CLARK,Acute Care Hospitals,Voluntary non-profit - Other,Yes,32003,73845,670,2293764,903460,267567,7819,721337,Nonprofit
290008,NORTHEASTERN NEVADA REGIONAL HOSPITAL,NV,189.0,2,0.9587,medium (2-3 conditions),ELKO,89801.0,ELKO,Acute Care Hospitals,Proprietary,Yes,32007,83427,5900,53852,33773,456,2057,13821,For-profit
290009,SAINT MARY'S REGIONAL MEDICAL CENTER,NV,962.0,4,0.9915,high (4-6 conditions),RENO,89503.0,WASHOE,Acute Care Hospitals,Proprietary,Yes,32031,85600,1617,491770,293720,11285,4280,126068,For-profit
290019,CARSON TAHOE REGIONAL MEDICAL CENTER,NV,1668.0,4,0.9448,high (4-6 conditions),CARSON CITY,89703.0,CARSON CITY,Acute Care Hospitals,Voluntary non-profit - Private,Yes,32510,71809,2636,58364,36868,1124,847,15105,Nonprofit
290021,VALLEY HOSPITAL MEDICAL CENTER,NV,521.0,4,1.0152,high (4-6 conditions),LAS VEGAS,89106.0,CLARK,Acute Care Hospitals,Proprietary,Yes,32003,73845,670,2293764,903460,267567,7819,721337,For-profit
290032,NORTHERN NEVADA MEDICAL CENTER,NV,356.0,2,0.9871,medium (2-3 conditions),SPARKS,89434.0,WASHOE,Acute Care Hospitals,Voluntary non-profit - Private,Yes,32031,85600,1617,491770,293720,11285,4280,126068,Nonprofit
290039,MOUNTAINVIEW HOSPITAL,NV,2291.0,5,1.0147,high (4-6 conditions),LAS VEGAS,89128.0,CLARK,Acute Care Hospitals,Proprietary,Yes,32003,73845,670,2293764,903460,267567,7819,721337,For-profit
290041,SUMMERLIN HOSPITAL MEDICAL CENTER,NV,1064.0,4,1.1076,high (4-6 conditions),LAS VEGAS,89144.0,CLARK,Acute Care Hospitals,Proprietary,Yes,32003,73845,670,2293764,903460,267567,7819,721337,For-profit
290045,SAINT ROSE DOMINICAN HOSPITALS - SIENA CAMPUS,NV,1803.0,4,1.0593,high (4-6 conditions),HENDERSON,89052.0,CLARK,Acute Care Hospitals,Voluntary non-profit - Private,Yes,32003,73845,670,2293764,903460,267567,7819,721337,Nonprofit
290046,SPRING VALLEY HOSPITAL MEDICAL CENTER,NV,793.0,4,1.0612,high (4-6 conditions),LAS VEGAS,89118.0,CLARK,Acute Care Hospitals,Proprietary,Yes,32003,73845,670,2293764,903460,267567,7819,721337,For-profit
290047,SOUTHERN HILLS HOSPITAL AND MEDICAL CENTER,NV,802.0,3,1.0481,medium (2-3 conditions),LAS VEGAS,89148.0,CLARK,Acute Care Hospitals,Proprietary,Yes,32003,73845,670,2293764,903460,267567,7819,721337,For-profit
290049,RENOWN SOUTH MEADOWS MEDICAL CENTER,NV,412.0,2,0.9779,medium (2-3 conditions),RENO,89521.0,WASHOE,Acute Care Hospitals,Voluntary non-profit - Private,Yes,32031,85600,1617,491770,293720,11285,4280,126068,Nonprofit
290053,SAINT ROSE DOMINICAN HOSPITALS - SAN MARTIN CAMPUS,NV,529.0,3,1.048,medium (2-3 conditions),LAS VEGAS,89113.0,CLARK,Acute Care Hospitals,Voluntary non-profit - Private,Yes,32003,73845,670,2293764,903460,267567,7819,721337,Nonprofit
290054,CENTENNIAL HILLS HOSPITAL MEDICAL CENTER,NV,830.0,3,1.0375,medium (2-3 conditions),LAS VEGAS,89149.0,CLARK,Acute Care Hospitals,Proprietary,Yes,32003,73845,670,2293764,903460,267567,7819,721337,For-profit
290057,HENDERSON HOSPITAL,NV,1039.0,4,1.0618,high (4-6 conditions),HENDERSON,89011.0,CLARK,Acute Care Hospitals,Proprietary,Yes,32003,73845,670,2293764,903460,267567,7819,721337,For-profit
300001,CONCORD HOSPITAL,NH,1479.0,4,1.0075,high (4-6 conditions),CONCORD,3301.0,MERRIMACK,Acute Care Hospitals,Voluntary non-profit - Private,No,33013,93944,2418,155018,140450,2314,196,4083,Nonprofit
300003,MARY HITCHCOCK MEMORIAL HOSPITAL,NH,1915.0,5,0.9201,high (4-6 conditions),LEBANON,3756.0,GRAFTON,Acute Care Hospitals,Voluntary non-profit - Private,Yes,33009,84021,2594,91759,80860,1137,104,2603,Nonprofit
300005,CONCORD HOSPITAL- LACONIA,NH,668.0,3,0.9767,medium (2-3 conditions),LACONIA,3246.0,BELKNAP,Acute Care Hospitals,Voluntary non-profit - Private,Yes,33001,87983,5056,64300,59921,315,33,1387,Nonprofit
300011,ST JOSEPH HOSPITAL,NH,900.0,4,0.9459,high (4-6 conditions),NASHUA,3060.0,HILLSBOROUGH,Acute Care Hospitals,Voluntary non-profit - Other,Yes,33011,100436,1773,424732,343814,9811,264,35041,Nonprofit
300012,ELLIOT HOSPITAL,NH,1247.0,4,0.985,high (4-6 conditions),MANCHESTER,3103.0,HILLSBOROUGH,Acute Care Hospitals,Voluntary non-profit - Private,Yes,33011,100436,1773,424732,343814,9811,264,35041,Nonprofit
300014,FRISBIE MEMORIAL HOSPITAL,NH,178.0,2,1.0209,medium (2-3 conditions),ROCHESTER,3867.0,STRAFFORD,Acute Care Hospitals,Proprietary,Yes,33017,86564,4627,131743,116084,1547,31,4110,For-profit
300017,PARKLAND MEDICAL CENTER,NH,758.0,4,1.0164,high (4-6 conditions),DERRY,3038.0,ROCKINGHAM,Acute Care Hospitals,Proprietary,Yes,33015,113927,2867,317163,285503,2434,229,11178,For-profit
300018,WENTWORTH-DOUGLASS HOSPITAL,NH,1352.0,4,1.0219,high (4-6 conditions),DOVER,3820.0,STRAFFORD,Acute Care Hospitals,Voluntary non-profit - Private,Yes,33017,86564,4627,131743,116084,1547,31,4110,Nonprofit
300019,CHESHIRE MEDICAL CENTER,NH,559.0,2,0.9539,medium (2-3 conditions),KEENE,3431.0,CHESHIRE,Acute Care Hospitals,Voluntary non-profit - Private,Yes,33005,81001,3886,76945,70705,568,77,1904,Nonprofit
300020,SOUTHERN NH MEDICAL CENTER,NH,999.0,4,0.9525,high (4-6 conditions),NASHUA,3060.0,HILLSBOROUGH,Acute Care Hospitals,Voluntary non-profit - Private,Yes,33011,100436,1773,424732,343814,9811,264,35041,Nonprofit
300023,EXETER HOSPITAL INC,NH,855.0,3,0.9633,medium (2-3 conditions),EXETER,3833.0,ROCKINGHAM,Acute Care Hospitals,Voluntary non-profit - Private,Yes,33015,113927,2867,317163,285503,2434,229,11178,Nonprofit
300029,PORTSMOUTH REGIONAL HOSPITAL,NH,1185.0,5,1.0228,high (4-6 conditions),PORTSMOUTH,3801.0,ROCKINGHAM,Acute Care Hospitals,Proprietary,Yes,33015,113927,2867,317163,285503,2434,229,11178,For-profit
300034,CATHOLIC MEDICAL CENTER,NH,2217.0,5,0.9893,high (4-6 conditions),MANCHESTER,3102.0,HILLSBOROUGH,Acute Care Hospitals,Voluntary non-profit - Private,Yes,33011,100436,1773,424732,343814,9811,264,35041,Nonprofit
310001,HACKENSACK UNIVERSITY MEDICAL CENTER,NJ,3167.0,5,0.9616,high (4-6 conditions),HACKENSACK,7601.0,BERGEN,Acute Care Hospitals,Voluntary non-profit - Private,Yes,34003,123715,2159,954717,501031,50548,868,211044,Nonprofit
310002,NEWARK BETH ISRAEL MEDICAL CENTER,NJ,393.0,3,1.0702,medium (2-3 conditions),NEWARK,7112.0,ESSEX,Acute Care Hospitals,Voluntary non-profit - Private,Yes,34013,76712,1583,854130,238415,307823,1224,210724,Nonprofit
310003,PALISADES MEDICAL CENTER,NJ,594.0,3,1.0626,medium (2-3 conditions),NORTH BERGEN,7047.0,HUDSON,Acute Care Hospitals,Voluntary non-profit - Private,Yes,34017,90032,1688,710478,199498,76501,975,289220,Nonprofit
310005,HUNTERDON MEDICAL CENTER,NJ,1401.0,5,1.0583,high (4-6 conditions),FLEMINGTON,8822.0,HUNTERDON,Acute Care Hospitals,Voluntary non-profit - Private,No,34019,139453,3573,129448,104980,3083,24,11451,Nonprofit
310006,ST MARY'S GENERAL HOSPITAL,NJ,364.0,2,1.1068,medium (2-3 conditions),PASSAIC,7055.0,PASSAIC,Acute Care Hospitals,Proprietary,Yes,34031,87137,1969,518289,201527,51612,316,225149,For-profit
310008,HOLY NAME MEDICAL CENTER,NJ,1395.0,4,0.9878,high (4-6 conditions),TEANECK,7666.0,BERGEN,Acute Care Hospitals,Voluntary non-profit - Private,Yes,34003,123715,2159,954717,501031,50548,868,211044,Nonprofit
310009,CLARA MAASS MEDICAL CENTER,NJ,805.0,4,1.0004,high (4-6 conditions),BELLEVILLE,7109.0,ESSEX,Acute Care Hospitals,Voluntary non-profit - Private,Yes,34013,76712,1583,854130,238415,307823,1224,210724,Nonprofit
310010,UNIVERSITY MEDICAL CENTER OF PRINCETON AT PLAINSBORO,NJ,1496.0,5,1.07,high (4-6 conditions),PLAINSBORO,8536.0,MIDDLESEX,Acute Care Hospitals,Voluntary non-profit - Private,Yes,34023,109028,1808,861535,333972,82833,596,198174,Nonprofit
310011,CAPE REGIONAL MEDICAL CENTER INC,NJ,1136.0,3,1.0395,medium (2-3 conditions),CAPE MAY COURT HOUSE,8210.0,CAPE MAY,Acute Care Hospitals,Voluntary non-profit - Private,Yes,34009,88046,3719,95236,80399,2951,25,7676,Nonprofit
310012,VALLEY HOSPITAL,NJ,2702.0,4,0.9306,high (4-6 conditions),PARAMUS,7652.0,BERGEN,Acute Care Hospitals,Voluntary non-profit - Private,Yes,34003,123715,2159,954717,501031,50548,868,211044,Nonprofit
310014,COOPER UNIVERSITY HOSPITAL,NJ,1575.0,5,1.0613,high (4-6 conditions),CAMDEN,8103.0,CAMDEN,Acute Care Hospitals,Voluntary non-profit - Private,Yes,34007,86384,1914,524042,280083,92876,183,97957,Nonprofit
310015,MORRISTOWN MEDICAL CENTER,NJ,5202.0,6,0.8459,high (4-6 conditions),MORRISTOWN,7962.0,MORRIS,Acute Care Hospitals,Voluntary non-profit - Private,Yes,34027,134929,2240,510375,341684,15264,177,78992,Nonprofit
310016,CAREPOINT HEALTH-CHRIST HOSPITAL,NJ,133.0,2,1.0285,medium (2-3 conditions),JERSEY CITY,7306.0,HUDSON,Acute Care Hospitals,Voluntary non-profit - Church,No,34017,90032,1688,710478,199498,76501,975,289220,Nonprofit
310017,CHILTON MEDICAL CENTER,NJ,1232.0,3,0.8607,medium (2-3 conditions),POMPTON PLAINS,7444.0,MORRIS,Acute Care Hospitals,Voluntary non-profit - Private,Yes,34027,134929,2240,510375,341684,15264,177,78992,Nonprofit
310019,ST JOSEPH'S UNIVERSITY MEDICAL CENTER INC,NJ,1353.0,4,1.0654,high (4-6 conditions),PATERSON,7503.0,PASSAIC,Acute Care Hospitals,Voluntary non-profit - Church,No,34031,87137,1969,518289,201527,51612,316,225149,Nonprofit
310022,WEST JERSEY HOSPITAL,NJ,3190.0,4,1.145,high (4-6 conditions),VOORHEES,8043.0,CAMDEN,Acute Care Hospitals,Voluntary non-profit - Private,Yes,34007,86384,1914,524042,280083,92876,183,97957,Nonprofit
310024,ROBERT WOOD JOHNSON UNIVERSITY HOSPITAL AT RAHWAY,NJ,572.0,3,1.0445,medium (2-3 conditions),RAHWAY,7065.0,UNION,Acute Care Hospitals,Voluntary non-profit - Private,Yes,34039,100117,2051,572549,207815,112379,256,196795,Nonprofit
310025,CAREPOINT HEALTH - BAYONNE MEDICAL CENTER,NJ,553.0,4,1.055,high (4-6 conditions),BAYONNE,7002.0,HUDSON,Acute Care Hospitals,Voluntary non-profit - Private,No,34017,90032,1688,710478,199498,76501,975,289220,Nonprofit
310027,TRINITAS REGIONAL MEDICAL CENTER,NJ,352.0,3,1.0647,medium (2-3 conditions),ELIZABETH,7207.0,UNION,Acute Care Hospitals,Voluntary non-profit - Private,Yes,34039,100117,2051,572549,207815,112379,256,196795,Nonprofit
310028,NEWTON MEDICAL CENTER,NJ,1388.0,4,0.9309,high (4-6 conditions),NEWTON,7860.0,SUSSEX,Acute Care Hospitals,Voluntary non-profit - Private,Yes,34037,114316,2893,145117,117519,3292,23,16039,Nonprofit
310029,VIRTUA OUR LADY OF LOURDES HOSPITAL,NJ,1313.0,5,1.0249,high (4-6 conditions),CAMDEN,8103.0,CAMDEN,Acute Care Hospitals,Government - State,Yes,34007,86384,1914,524042,280083,92876,183,97957,Government
310031,DEBORAH HEART AND LUNG CENTER,NJ,880.0,4,1.0544,high (4-6 conditions),BROWNS MILLS,8015.0,BURLINGTON,Acute Care Hospitals,Voluntary non-profit - Private,No,34005,105271,1532,464226,295500,73455,122,42820,Nonprofit
310032,INSPIRA MEDICAL CENTER VINELAND,NJ,1588.0,4,1.113,high (4-6 conditions),VINELAND,8360.0,CUMBERLAND,Acute Care Hospitals,Voluntary non-profit - Private,Yes,34011,64499,1963,152915,64068,26092,801,53457,Nonprofit
310034,RIVERVIEW MEDICAL CENTER,NJ,1664.0,5,1.0069,high (4-6 conditions),RED BANK,7701.0,MONMOUTH,Acute Care Hospitals,Voluntary non-profit - Private,Yes,34025,122727,2148,643615,464290,37706,110,81564,Nonprofit
310038,ROBERT WOOD JOHNSON UNIVERSITY HOSPITAL,NJ,2715.0,5,1.0832,high (4-6 conditions),NEW BRUNSWICK,8901.0,MIDDLESEX,Acute Care Hospitals,Voluntary non-profit - Private,Yes,34023,109028,1808,861535,333972,82833,596,198174,Nonprofit
310039,RARITAN BAY MEDICAL CENTER,NJ,1150.0,3,1.0461,medium (2-3 conditions),PERTH AMBOY,8861.0,MIDDLESEX,Acute Care Hospitals,Voluntary non-profit - Private,Yes,34023,109028,1808,861535,333972,82833,596,198174,Nonprofit
310040,CAREPOINT HEALTH-HOBOKEN UNIVERSITY MEDICAL CENTER,NJ,142.0,2,1.0679,medium (2-3 conditions),HOBOKEN,7030.0,HUDSON,Acute Care Hospitals,Voluntary non-profit - Church,No,34017,90032,1688,710478,199498,76501,975,289220,Nonprofit
310041,COMMUNITY MEDICAL CENTER,NJ,3920.0,5,1.1362,high (4-6 conditions),TOMS RIVER,8755.0,OCEAN,Acute Care Hospitals,Voluntary non-profit - Private,Yes,34029,86411,1630,646434,528799,18551,123,68729,Nonprofit
310044,CAPITAL HEALTH MEDICAL CENTER - HOPEWELL,NJ,769.0,3,1.0332,medium (2-3 conditions),PENNINGTON,8534.0,MERCER,Acute Care Hospitals,Voluntary non-profit - Private,Yes,34021,96333,2433,383286,169549,70288,308,85269,Nonprofit
310045,ENGLEWOOD HOSPITAL AND MEDICAL CENTER,NJ,1968.0,5,1.0123,high (4-6 conditions),ENGLEWOOD,7631.0,BERGEN,Acute Care Hospitals,Voluntary non-profit - Private,Yes,34003,123715,2159,954717,501031,50548,868,211044,Nonprofit
310047,SHORE MEDICAL CENTER,NJ,1039.0,3,0.9972,medium (2-3 conditions),SOMERS POINT,8244.0,ATLANTIC,Acute Care Hospitals,Voluntary non-profit - Private,Yes,34001,76819,2168,274704,149802,36256,244,54686,Nonprofit
310048,ROBERT WOOD JOHNSON UNIVERSITY HOSPITAL - SOMERSET,NJ,1724.0,4,1.0996,high (4-6 conditions),SOMERVILLE,8876.0,SOMERSET,Acute Care Hospitals,Voluntary non-profit - Private,Yes,34035,135960,2875,346203,175148,32114,203,59019,Nonprofit
310050,SAINT CLARE'S HOSPITAL/ DENVILLE CAMPUS,NJ,1303.0,4,1.1072,high (4-6 conditions),DENVILLE,7834.0,MORRIS,Acute Care Hospitals,Proprietary,Yes,34027,134929,2240,510375,341684,15264,177,78992,For-profit
310051,OVERLOOK MEDICAL CENTER,NJ,1968.0,4,0.8841,high (4-6 conditions),SUMMIT,7901.0,UNION,Acute Care Hospitals,Voluntary non-profit - Private,Yes,34039,100117,2051,572549,207815,112379,256,196795,Nonprofit
310052,OCEAN MEDICAL CENTER,NJ,2785.0,4,0.9667,high (4-6 conditions),BRICK,8724.0,OCEAN,Acute Care Hospitals,Voluntary non-profit - Other,Yes,34029,86411,1630,646434,528799,18551,123,68729,Nonprofit
310054,HACKENSACK MERIDIAN MOUNTAINSIDE MEDICAL,NJ,1083.0,4,1.0281,high (4-6 conditions),MONTCLAIR,7042.0,ESSEX,Acute Care Hospitals,Proprietary,Yes,34013,76712,1583,854130,238415,307823,1224,210724,For-profit
310057,VIRTUA MOUNT HOLLY HOSPITAL,NJ,1147.0,3,1.0019,medium (2-3 conditions),MOUNT HOLLY,8060.0,BURLINGTON,Acute Care Hospitals,Voluntary non-profit - Private,Yes,34005,105271,1532,464226,295500,73455,122,42820,Nonprofit
310058,BERGEN NEW BRIDGE MEDICAL CENTER,NJ,61.0,1,1.0355,low (1 condition),PARAMUS,7652.0,BERGEN,Acute Care Hospitals,Voluntary non-profit - Private,Yes,34003,123715,2159,954717,501031,50548,868,211044,Nonprofit
310060,ST LUKE'S WARREN HOSPITAL,NJ,742.0,3,1.0784,medium (2-3 conditions),PHILLIPSBURG,8865.0,WARREN,Acute Care Hospitals,Voluntary non-profit - Private,Yes,34041,99596,2673,110238,84170,5849,89,13343,Nonprofit
310061,VIRTUA WILLINGBORO HOSPITAL,NJ,390.0,3,1.0314,medium (2-3 conditions),WILLINGBORO,8046.0,BURLINGTON,Acute Care Hospitals,Voluntary non-profit - Private,Yes,34005,105271,1532,464226,295500,73455,122,42820,Nonprofit
310064,ATLANTICARE REGIONAL MEDICAL CENTER - CITY CAMPUS,NJ,2587.0,5,0.9852,high (4-6 conditions),ATLANTIC CITY,8401.0,ATLANTIC,Acute Care Hospitals,Voluntary non-profit - Private,Yes,34001,76819,2168,274704,149802,36256,244,54686,Nonprofit
310069,INSPIRA MEDICAL CENTER MULLICA HILL,NJ,1766.0,4,1.069,high (4-6 conditions),ELMER,8318.0,SALEM,Acute Care Hospitals,Voluntary non-profit - Private,Yes,34033,78412,3254,64973,46141,8628,35,6975,Nonprofit
310070,SAINT PETER'S UNIVERSITY HOSPITAL,NJ,842.0,3,1.0397,medium (2-3 conditions),NEW BRUNSWICK,8901.0,MIDDLESEX,Acute Care Hospitals,Voluntary non-profit - Private,Yes,34023,109028,1808,861535,333972,82833,596,198174,Nonprofit
310073,JERSEY SHORE UNIVERSITY MEDICAL CENTER,NJ,4380.0,6,0.9993,high (4-6 conditions),NEPTUNE,7754.0,MONMOUTH,Acute Care Hospitals,Voluntary non-profit - Private,Yes,34025,122727,2148,643615,464290,37706,110,81564,Nonprofit
310074,JERSEY CITY MEDICAL CENTER,NJ,518.0,4,1.0566,high (4-6 conditions),JERSEY CITY,7302.0,HUDSON,Acute Care Hospitals,Voluntary non-profit - Private,Yes,34017,90032,1688,710478,199498,76501,975,289220,Nonprofit
310075,MONMOUTH MEDICAL CENTER,NJ,596.0,3,1.0235,medium (2-3 conditions),LONG BRANCH,7740.0,MONMOUTH,Acute Care Hospitals,Voluntary non-profit - Private,Yes,34025,122727,2148,643615,464290,37706,110,81564,Nonprofit
310076,COOPERMAN BARNABAS MEDICAL CENTER,NJ,1881.0,5,1.0171,high (4-6 conditions),LIVINGSTON,7039.0,ESSEX,Acute Care Hospitals,Voluntary non-profit - Private,Yes,34013,76712,1583,854130,238415,307823,1224,210724,Nonprofit
310083,CAREWELL HEALTH MEDICAL CENTER,NJ,113.0,2,1.1619,medium (2-3 conditions),EAST ORANGE,7018.0,ESSEX,Acute Care Hospitals,Proprietary,Yes,34013,76712,1583,854130,238415,307823,1224,210724,For-profit
310084,MONMOUTH MEDICAL CENTER-SOUTHERN CAMPUS,NJ,808.0,3,1.1324,medium (2-3 conditions),LAKEWOOD,8701.0,OCEAN,Acute Care Hospitals,Voluntary non-profit - Private,Yes,34029,86411,1630,646434,528799,18551,123,68729,Nonprofit
310086,JEFFERSON STRATFORD HOSPITAL,NJ,2503.0,4,1.1558,high (4-6 conditions),STRATFORD,8084.0,CAMDEN,Acute Care Hospitals,Voluntary non-profit - Private,Yes,34007,86384,1914,524042,280083,92876,183,97957,Nonprofit
310092,CAPITAL HEALTH REGIONAL MEDICAL CENTER,NJ,345.0,3,1.0057,medium (2-3 conditions),TRENTON,8638.0,MERCER,Acute Care Hospitals,Voluntary non-profit - Private,Yes,34021,96333,2433,383286,169549,70288,308,85269,Nonprofit
310096,SAINT MICHAEL'S MEDICAL CENTER,NJ,218.0,2,1.0342,medium (2-3 conditions),NEWARK,7102.0,ESSEX,Acute Care Hospitals,Voluntary non-profit - Private,Yes,34013,76712,1583,854130,238415,307823,1224,210724,Nonprofit
310108,JFK UNIVERSITY MEDICAL CENTER,NJ,2070.0,4,1.0132,high (4-6 conditions),EDISON,8818.0,MIDDLESEX,Acute Care Hospitals,Voluntary non-profit - Private,Yes,34023,109028,1808,861535,333972,82833,596,198174,Nonprofit
310110,ROBERT WOOD JOHNSON UNIVERSITY HOSPITAL AT HAMILTON,NJ,984.0,4,1.088,high (4-6 conditions),HAMILTON,8690.0,MERCER,Acute Care Hospitals,Voluntary non-profit - Private,Yes,34021,96333,2433,383286,169549,70288,308,85269,Nonprofit
310111,CENTRASTATE MEDICAL CENTER,NJ,1913.0,4,1.0753,high (4-6 conditions),FREEHOLD,7728.0,MONMOUTH,Acute Care Hospitals,Voluntary non-profit - Private,Yes,34025,122727,2148,643615,464290,37706,110,81564,Nonprofit
310112,BAYSHORE MEDICAL CENTER,NJ,1320.0,4,1.0234,high (4-6 conditions),HOLMDEL,7733.0,MONMOUTH,Acute Care Hospitals,Voluntary non-profit - Private,Yes,34025,122727,2148,643615,464290,37706,110,81564,Nonprofit
310113,SOUTHERN OCEAN MEDICAL CENTER,NJ,1406.0,3,1.0103,medium (2-3 conditions),MANAHAWKIN,8050.0,OCEAN,Acute Care Hospitals,Voluntary non-profit - Private,Yes,34029,86411,1630,646434,528799,18551,123,68729,Nonprofit
310115,AHS HOSPITAL CORP,NJ,735.0,3,1.0294,medium (2-3 conditions),HACKETTSTOWN,7840.0,WARREN,Acute Care Hospitals,Voluntary non-profit - Private,Yes,34041,99596,2673,110238,84170,5849,89,13343,Nonprofit
310118,HUDSON REGIONAL HOSPITAL,NJ,134.0,2,1.0755,medium (2-3 conditions),SECAUCUS,7094.0,HUDSON,Acute Care Hospitals,Proprietary,Yes,34017,90032,1688,710478,199498,76501,975,289220,For-profit
310119,THE UNIVERSITY HOSPITAL,NJ,113.0,2,1.0209,medium (2-3 conditions),NEWARK,7103.0,ESSEX,Acute Care Hospitals,Government - State,Yes,34013,76712,1583,854130,238415,307823,1224,210724,Government
310130,HACKENSACK MERIDIAN HEALTH PASCACK VALLEY MEDICAL,NJ,477.0,2,0.9635,medium (2-3 conditions),WESTWOOD,7675.0,BERGEN,Acute Care Hospitals,Proprietary,Yes,34003,123715,2159,954717,501031,50548,868,211044,For-profit
320001,UNM HOSPITAL,NM,411.0,3,0.9736,medium (2-3 conditions),ALBUQUERQUE,87106.0,BERNALILLO,Acute Care Hospitals,Government - State,Yes,35001,66514,1415,674357,254583,17205,26758,329949,Government
320002,CHRISTUS ST VINCENT REGIONAL MEDICAL CENTER,NM,1096.0,3,0.86,medium (2-3 conditions),SANTA FE,87505.0,SANTA FE,Acute Care Hospitals,Voluntary non-profit - Private,Yes,35049,74689,3218,155175,68374,1251,3995,74485,Nonprofit
320004,CHRISTUS SOUTHERN NEW MEXICO,NM,660.0,4,0.9572,high (4-6 conditions),ALAMOGORDO,88310.0,OTERO,Acute Care Hospitals,Voluntary non-profit - Private,Yes,35035,52717,2406,68235,31781,2340,3988,26683,Nonprofit
320005,SAN JUAN REGIONAL MEDICAL CENTER INC,NM,972.0,4,0.9486,high (4-6 conditions),FARMINGTON,87401.0,SAN JUAN,Acute Care Hospitals,Voluntary non-profit - Private,Yes,35045,53020,2556,121178,44466,739,46701,23890,Nonprofit
320006,EASTERN NEW MEXICO MEDICAL CENTER,NM,567.0,4,1.0214,high (4-6 conditions),ROSWELL,88201.0,CHAVES,Acute Care Hospitals,Proprietary,Yes,35005,52029,2646,64446,23882,915,337,37329,For-profit
320009,LOVELACE MEDICAL CENTER,NM,1249.0,4,0.951,high (4-6 conditions),ALBUQUERQUE,87102.0,BERNALILLO,Acute Care Hospitals,Proprietary,Yes,35001,66514,1415,674357,254583,17205,26758,329949,For-profit
320018,MEMORIAL MEDICAL CENTER,NM,518.0,4,1.0291,high (4-6 conditions),LAS CRUCES,88011.0,DONA ANA,Acute Care Hospitals,Proprietary,Yes,35013,55663,2067,221665,60117,3130,1198,149893,For-profit
320021,PRESBYTERIAN HOSPITAL,NM,2165.0,4,0.9143,high (4-6 conditions),ALBUQUERQUE,87106.0,BERNALILLO,Acute Care Hospitals,Voluntary non-profit - Private,Yes,35001,66514,1415,674357,254583,17205,26758,329949,Nonprofit
320022,PLAINS REGIONAL MEDICAL CENTER,NM,178.0,1,0.9804,low (1 condition),CLOVIS,88101.0,CURRY,Acute Care Hospitals,Voluntary non-profit - Private,Yes,35009,56259,3964,47932,20987,2305,183,21782,Nonprofit
320033,LOS ALAMOS MEDICAL CENTER,NM,84.0,1,1.0179,low (1 condition),LOS ALAMOS,87544.0,LOS ALAMOS,Acute Care Hospitals,Proprietary,Yes,35028,143188,8714,19374,13614,233,144,3465,For-profit
320063,CARLSBAD MEDICAL CENTER,NM,288.0,3,0.998,medium (2-3 conditions),CARLSBAD,88220.0,EDDY,Acute Care Hospitals,Voluntary non-profit - Other,Yes,35015,79605,4603,61114,26692,720,571,31104,Nonprofit
320085,MOUNTAIN VIEW REGIONAL MEDICAL CENTER,NM,689.0,4,1.0501,high (4-6 conditions),LAS CRUCES,88011.0,DONA ANA,Acute Care Hospitals,Proprietary,Yes,35013,55663,2067,221665,60117,3130,1198,149893,For-profit
320091,THREE CROSSES REGIONAL HOSPITAL LLC,NM,181.0,2,1.0693,medium (2-3 conditions),LAS CRUCES,88001.0,DONA ANA,Acute Care Hospitals,Proprietary,Yes,35013,55663,2067,221665,60117,3130,1198,149893,For-profit
330005,KALEIDA HEALTH,NY,2074.0,5,1.0344,high (4-6 conditions),BUFFALO,14210.0,ERIE,Acute Care Hospitals,Voluntary non-profit - Private,Yes,36029,71175,843,950044,693650,116872,3029,59892,Nonprofit
330006,ST JOSEPH'S MEDICAL CENTER,NY,93.0,1,1.0294,low (1 condition),YONKERS,10701.0,WESTCHESTER,Acute Care Hospitals,Voluntary non-profit - Private,Yes,36119,118411,1860,996888,498855,128199,1197,269085,Nonprofit
330009,BRONXCARE HOSPITAL CENTER,NY,281.0,3,1.0837,medium (2-3 conditions),BRONX,10456.0,BRONX,Acute Care Hospitals,Voluntary non-profit - Private,Yes,36005,49036,872,1419250,125116,412484,3533,779093,Nonprofit
330011,"OUR LADY OF LOURDES MEMORIAL HOSPITAL, INC",NY,570.0,2,1.0337,medium (2-3 conditions),BINGHAMTON,13905.0,BROOME,Acute Care Hospitals,Voluntary non-profit - Private,Yes,36007,61059,1769,197738,158397,10061,148,10648,Nonprofit
330013,ALBANY MEDICAL CENTER HOSPITAL,NY,1271.0,4,0.9274,high (4-6 conditions),ALBANY,12208.0,ALBANY,Acute Care Hospitals,Voluntary non-profit - Private,Yes,36001,83149,1788,315374,217580,35940,104,22163,Nonprofit
330014,JAMAICA HOSPITAL MEDICAL CENTER,NY,487.0,4,1.0765,high (4-6 conditions),JAMAICA,11418.0,QUEENS,Acute Care Hospitals,Voluntary non-profit - Private,Yes,36081,84961,880,2330124,550499,384677,6689,650071,Nonprofit
330019,"NEW YORK COMMUNITY HOSPITAL OF BROOKLYN, INC.",NY,992.0,3,1.1873,medium (2-3 conditions),BROOKLYN,11229.0,KINGS,Acute Care Hospitals,Voluntary non-profit - Private,Yes,36047,78548,1052,2646306,957510,727987,3477,499799,Nonprofit
330023,VASSAR BROTHERS MEDICAL CENTER,NY,2939.0,5,1.0242,high (4-6 conditions),POUGHKEEPSIE,12601.0,DUTCHESS,Acute Care Hospitals,Voluntary non-profit - Private,Yes,36027,97273,2529,297144,199670,28024,222,44153,Nonprofit
330024,MOUNT SINAI HOSPITAL,NY,1978.0,4,0.9872,high (4-6 conditions),NEW YORK,10029.0,NEW YORK,Acute Care Hospitals,Voluntary non-profit - Private,Yes,36061,104553,1777,1627788,754045,204185,1679,395429,Nonprofit
330027,NASSAU UNIVERSITY MEDICAL CENTER,NY,321.0,3,1.1111,medium (2-3 conditions),EAST MEADOW,11554.0,NASSAU,Acute Care Hospitals,Government - State,Yes,36059,143408,1643,1388138,768433,151100,813,256452,Government
330028,RICHMOND UNIVERSITY MEDICAL CENTER,NY,510.0,3,1.1293,medium (2-3 conditions),STATEN ISLAND,10310.0,RICHMOND,Acute Care Hospitals,Voluntary non-profit - Private,Yes,36085,98290,2957,492734,278796,44439,765,96147,Nonprofit
330030,NEWARK-WAYNE COMMUNITY HOSPITAL,NY,297.0,3,1.1089,medium (2-3 conditions),NEWARK,14513.0,WAYNE,Acute Care Hospitals,Voluntary non-profit - Private,Yes,36117,73914,2388,91128,79756,2030,50,4625,Nonprofit
330033,CHENANGO MEMORIAL HOSPITAL,NY,92.0,1,1.006,low (1 condition),NORWICH,13815.0,CHENANGO,Acute Care Hospitals,Voluntary non-profit - Private,Yes,36017,62093,2189,46685,43349,240,41,1138,Nonprofit
330043,NS/LIJ HS SOUTHSIDE HOSPITAL,NY,2308.0,6,0.9744,high (4-6 conditions),BAY SHORE,11706.0,SUFFOLK,Acute Care Hospitals,Voluntary non-profit - Private,Yes,36103,128329,1374,1525680,963469,104372,2320,338930,Nonprofit
330044,WYNN HOSPITAL,NY,897.0,3,1.0221,medium (2-3 conditions),UTICA,13503.0,ONEIDA,Acute Care Hospitals,Voluntary non-profit - Private,Yes,36065,68819,2061,229645,182637,11983,276,15588,Nonprofit
330045,NS/LIJ HS HUNTINGTON HOSPITAL,NY,3276.0,5,0.9802,high (4-6 conditions),HUNTINGTON,11743.0,SUFFOLK,Acute Care Hospitals,Voluntary non-profit - Private,Yes,36103,128329,1374,1525680,963469,104372,2320,338930,Nonprofit
330046,MOUNT SINAI WEST,NY,1621.0,5,1.0866,high (4-6 conditions),NEW YORK,10019.0,NEW YORK,Acute Care Hospitals,Voluntary non-profit - Church,Yes,36061,104553,1777,1627788,754045,204185,1679,395429,Nonprofit
330047,ST MARY'S HEALTHCARE,NY,433.0,3,1.0005,medium (2-3 conditions),AMSTERDAM,12010.0,MONTGOMERY,Acute Care Hospitals,Voluntary non-profit - Private,Yes,36057,62923,3436,49461,38786,1270,19,7495,Nonprofit
330049,NORTHERN DUTCHESS HOSPITAL,NY,711.0,3,0.9501,medium (2-3 conditions),RHINEBECK,12572.0,DUTCHESS,Acute Care Hospitals,Voluntary non-profit - Private,Yes,36027,97273,2529,297144,199670,28024,222,44153,Nonprofit
330055,NEW YORK-PRESBYTERIAN/QUEENS,NY,2087.0,5,0.918,high (4-6 conditions),FLUSHING,11355.0,QUEENS,Acute Care Hospitals,Voluntary non-profit - Private,Yes,36081,84961,880,2330124,550499,384677,6689,650071,Nonprofit
330056,BROOKLYN HOSPITAL CENTER - DOWNTOWN CAMPUS,NY,369.0,4,1.061,high (4-6 conditions),BROOKLYN,11201.0,KINGS,Acute Care Hospitals,Voluntary non-profit - Other,Yes,36047,78548,1052,2646306,957510,727987,3477,499799,Nonprofit
330057,ST PETER'S HOSPITAL,NY,2414.0,6,1.0797,high (4-6 conditions),ALBANY,12208.0,ALBANY,Acute Care Hospitals,Voluntary non-profit - Private,Yes,36001,83149,1788,315374,217580,35940,104,22163,Nonprofit
330058,GENEVA GENERAL HOSPITAL,NY,329.0,3,1.0517,medium (2-3 conditions),GENEVA,14456.0,ONTARIO,Acute Care Hospitals,Voluntary non-profit - Other,Yes,36069,79814,2440,112405,98252,2302,50,6260,Nonprofit
330059,MONTEFIORE MEDICAL CENTER,NY,2806.0,6,0.994,high (4-6 conditions),BRONX,10467.0,BRONX,Acute Care Hospitals,Voluntary non-profit - Private,Yes,36005,49036,872,1419250,125116,412484,3533,779093,Nonprofit
330065,NIAGARA FALLS MEMORIAL MEDICAL CENTER,NY,54.0,1,1.0401,low (1 condition),NIAGARA FALLS,14302.0,NIAGARA,Acute Care Hospitals,Voluntary non-profit - Private,Yes,36063,67809,1714,211341,175087,13291,1017,8151,Nonprofit
330073,UNITED MEMORIAL MEDICAL CENTER,NY,293.0,3,1.0502,medium (2-3 conditions),BATAVIA,14020.0,GENESEE,Acute Care Hospitals,Voluntary non-profit - Private,Yes,36037,72055,3586,57943,51209,1043,223,2743,Nonprofit
330074,F F THOMPSON HOSPITAL,NY,295.0,2,1.0859,medium (2-3 conditions),CANANDAIGUA,14424.0,ONTARIO,Acute Care Hospitals,Voluntary non-profit - Private,Yes,36069,79814,2440,112405,98252,2302,50,6260,Nonprofit
330078,SISTERS OF CHARITY HOSPITAL,NY,236.0,2,1.0527,medium (2-3 conditions),BUFFALO,14214.0,ERIE,Acute Care Hospitals,Voluntary non-profit - Private,Yes,36029,71175,843,950044,693650,116872,3029,59892,Nonprofit
330079,ADIRONDACK MEDICAL CENTER - SARANAC LAKE,NY,75.0,1,1.0194,low (1 condition),SARANAC LAKE,12983.0,FRANKLIN,Acute Care Hospitals,Voluntary non-profit - Other,Yes,36033,63747,2706,47066,39434,1548,3248,1328,Nonprofit
330080,LINCOLN MEDICAL & MENTAL HEALTH CENTER,NY,65.0,1,0.9848,low (1 condition),BRONX,10451.0,BRONX,Acute Care Hospitals,Government - Local,Yes,36005,49036,872,1419250,125116,412484,3533,779093,Government
330085,AURELIA OSBORN FOX MEMORIAL HOSPITAL,NY,254.0,2,1.0278,medium (2-3 conditions),ONEONTA,13820.0,OTSEGO,Acute Care Hospitals,Voluntary non-profit - Private,Yes,36077,67086,2827,59738,53012,1339,59,2576,Nonprofit
330090,ARNOT OGDEN MEDICAL CENTER,NY,727.0,4,0.9888,high (4-6 conditions),ELMIRA,14905.0,CHEMUNG,Acute Care Hospitals,Voluntary non-profit - Private,Yes,36015,63469,2608,82805,69933,4826,96,2982,Nonprofit
330094,COLUMBIA MEMORIAL HOSPITAL,NY,404.0,3,1.0038,medium (2-3 conditions),HUDSON,12534.0,COLUMBIA,Acute Care Hospitals,Voluntary non-profit - Private,Yes,36021,83619,3965,61245,51016,1930,12,3658,Nonprofit
330096,JONES MEMORIAL HOSPITAL,NY,83.0,1,0.9957,low (1 condition),WELLSVILLE,14895.0,ALLEGANY,Acute Care Hospitals,Voluntary non-profit - Private,Yes,36003,61233,2429,47027,43745,711,63,1002,Nonprofit
330101,NEW YORK-PRESBYTERIAN HOSPITAL,NY,7865.0,6,0.9,high (4-6 conditions),NEW YORK,10065.0,NEW YORK,Acute Care Hospitals,Voluntary non-profit - Private,Yes,36061,104553,1777,1627788,754045,204185,1679,395429,Nonprofit
330102,KENMORE MERCY HOSPITAL,NY,339.0,3,1.0377,medium (2-3 conditions),KENMORE,14217.0,ERIE,Acute Care Hospitals,Voluntary non-profit - Private,Yes,36029,71175,843,950044,693650,116872,3029,59892,Nonprofit
330103,OLEAN GENERAL HOSPITAL,NY,811.0,4,1.021,high (4-6 conditions),OLEAN,14760.0,CATTARAUGUS,Acute Care Hospitals,Proprietary,Yes,36009,58248,1978,76479,67590,1058,1944,1740,For-profit
330104,NYACK HOSPITAL,NY,1456.0,5,1.0885,high (4-6 conditions),NYACK,10960.0,ROCKLAND,Acute Care Hospitals,Voluntary non-profit - Private,Yes,36087,110631,3118,338936,205539,35626,181,67951,Nonprofit
330106,NORTH SHORE UNIVERSITY HOSPITAL,NY,4856.0,6,0.988,high (4-6 conditions),MANHASSET,11030.0,NASSAU,Acute Care Hospitals,Voluntary non-profit - Private,Yes,36059,143408,1643,1388138,768433,151100,813,256452,Nonprofit
330107,PECONIC BAY MEDICAL CENTER,NY,2536.0,5,0.9475,high (4-6 conditions),RIVERHEAD,11901.0,SUFFOLK,Acute Care Hospitals,Voluntary non-profit - Other,Yes,36103,128329,1374,1525680,963469,104372,2320,338930,Nonprofit
330115,ONEIDA HEALTH HOSPITAL,NY,204.0,2,1.0557,medium (2-3 conditions),ONEIDA,13421.0,MADISON,Acute Care Hospitals,Voluntary non-profit - Private,Yes,36053,73141,2595,67572,61211,1075,232,1718,Nonprofit
330119,LENOX HILL HOSPITAL,NY,1337.0,5,0.9584,high (4-6 conditions),NEW YORK,10075.0,NEW YORK,Acute Care Hospitals,Voluntary non-profit - Private,Yes,36061,104553,1777,1627788,754045,204185,1679,395429,Nonprofit
330125,ROCHESTER GENERAL HOSPITAL,NY,993.0,5,1.0695,high (4-6 conditions),ROCHESTER,14621.0,MONROE,Acute Care Hospitals,Voluntary non-profit - Private,Yes,36055,74409,1109,754068,515450,104190,605,73524,Nonprofit
330126,GARNET HEALTH MEDICAL CENTER,NY,2681.0,4,1.0565,high (4-6 conditions),MIDDLETOWN,10940.0,ORANGE,Acute Care Hospitals,Voluntary non-profit - Private,Yes,36071,96497,2376,403840,239186,42478,438,93608,Nonprofit
330127,JACOBI MEDICAL CENTER,NY,374.0,2,1.0392,medium (2-3 conditions),BRONX,10461.0,BRONX,Acute Care Hospitals,Government - Local,Yes,36005,49036,872,1419250,125116,412484,3533,779093,Government
330128,ELMHURST HOSPITAL CENTER,NY,298.0,2,0.9717,medium (2-3 conditions),ELMHURST,11373.0,QUEENS,Acute Care Hospitals,Government - Local,Yes,36081,84961,880,2330124,550499,384677,6689,650071,Government
330135,BON SECOURS COMMUNITY HOSPITAL,NY,408.0,3,1.0301,medium (2-3 conditions),PORT JERVIS,12771.0,ORANGE,Acute Care Hospitals,Voluntary non-profit - Private,Yes,36071,96497,2376,403840,239186,42478,438,93608,Nonprofit
330136,BASSETT HEALTHCARE,NY,853.0,4,0.9598,high (4-6 conditions),COOPERSTOWN,13326.0,OTSEGO,Acute Care Hospitals,Voluntary non-profit - Private,Yes,36077,67086,2827,59738,53012,1339,59,2576,Nonprofit
330140,ST JOSEPH'S HOSPITAL HEALTH CENTER,NY,2506.0,6,1.1092,high (4-6 conditions),SYRACUSE,13203.0,ONONDAGA,Acute Care Hospitals,Voluntary non-profit - Church,Yes,36067,74740,1143,471611,351786,48019,1875,27105,Nonprofit
330141,LONG ISLAND COMMUNITY HOSPITAL,NY,1425.0,3,1.0032,medium (2-3 conditions),PATCHOGUE,11772.0,SUFFOLK,Acute Care Hospitals,Voluntary non-profit - Private,Yes,36103,128329,1374,1525680,963469,104372,2320,338930,Nonprofit
330151,ST JAMES HOSPITAL,NY,120.0,1,1.026,low (1 condition),HORNELL,14843.0,STEUBEN,Acute Care Hospitals,Voluntary non-profit - Private,Yes,36101,64740,2007,93034,85435,1439,82,1754,Nonprofit
330153,ELLIS HOSPITAL,NY,1107.0,4,1.0093,high (4-6 conditions),SCHENECTADY,12308.0,SCHENECTADY,Acute Care Hospitals,Voluntary non-profit - Private,Yes,36093,76989,2249,159603,109664,16071,230,12855,Nonprofit
330157,SAMARITAN MEDICAL CENTER,NY,527.0,3,1.014,medium (2-3 conditions),WATERTOWN,13601.0,JEFFERSON,Acute Care Hospitals,Voluntary non-profit - Private,Yes,36045,64978,2730,116130,93787,5311,149,8481,Nonprofit
330158,GOOD SAMARITAN HOSPITAL OF SUFFERN,NY,1795.0,4,1.1055,high (4-6 conditions),SUFFERN,10901.0,ROCKLAND,Acute Care Hospitals,Voluntary non-profit - Private,Yes,36087,110631,3118,338936,205539,35626,181,67951,Nonprofit
330160,STATEN ISLAND UNIVERSITY HOSPITAL,NY,2545.0,4,1.0012,high (4-6 conditions),STATEN ISLAND,10305.0,RICHMOND,Acute Care Hospitals,Voluntary non-profit - Private,Yes,36085,98290,2957,492734,278796,44439,765,96147,Nonprofit
330162,NORTHERN WESTCHESTER HOSPITAL,NY,891.0,4,0.9984,high (4-6 conditions),MOUNT KISCO,10549.0,WESTCHESTER,Acute Care Hospitals,Voluntary non-profit - Private,Yes,36119,118411,1860,996888,498855,128199,1197,269085,Nonprofit
330164,HIGHLAND HOSPITAL,NY,643.0,3,1.0284,medium (2-3 conditions),ROCHESTER,14617.0,MONROE,Acute Care Hospitals,Voluntary non-profit - Private,Yes,36055,74409,1109,754068,515450,104190,605,73524,Nonprofit
330169,MOUNT SINAI BETH ISRAEL,NY,1376.0,4,1.0737,high (4-6 conditions),NEW YORK,10003.0,NEW YORK,Acute Care Hospitals,Voluntary non-profit - Private,Yes,36061,104553,1777,1627788,754045,204185,1679,395429,Nonprofit
330175,GUTHRIE CORTLAND REGIONAL MEDICAL CENTER,NY,441.0,2,1.0411,medium (2-3 conditions),CORTLAND,13045.0,CORTLAND,Acute Care Hospitals,Voluntary non-profit - Private,Yes,36023,67527,2810,46401,41622,944,28,1627,Nonprofit
330180,"SAMARITAN HOSPITAL OF TROY, NEW YORK",NY,874.0,3,0.9377,medium (2-3 conditions),TROY,12180.0,RENSSELAER,Acute Care Hospitals,Voluntary non-profit - Private,Yes,36083,86663,2122,160341,127997,10048,73,9539,Nonprofit
330181,NORTHWELL HOSPITAL GLEN COVE,NY,395.0,2,0.8551,medium (2-3 conditions),GLEN COVE,11542.0,NASSAU,Acute Care Hospitals,Voluntary non-profit - Private,Yes,36059,143408,1643,1388138,768433,151100,813,256452,Nonprofit
330182,ST FRANCIS HOSPITAL - THE HEART CENTER,NY,5547.0,6,0.9548,high (4-6 conditions),ROSLYN,11576.0,NASSAU,Acute Care Hospitals,Voluntary non-profit - Church,Yes,36059,143408,1643,1388138,768433,151100,813,256452,Nonprofit
330184,MONTEFIORE NEW ROCHELLE HOSPITAL,NY,714.0,4,1.0188,high (4-6 conditions),NEW ROCHELLE,10802.0,WESTCHESTER,Acute Care Hospitals,Voluntary non-profit - Private,Yes,36119,118411,1860,996888,498855,128199,1197,269085,Nonprofit
330185,JOHN T MATHER MEMORIAL HOSPITAL  OF PORT JEFFERSON,NY,1657.0,4,0.9302,high (4-6 conditions),PORT JEFFERSON,11777.0,SUFFOLK,Acute Care Hospitals,Voluntary non-profit - Private,Yes,36103,128329,1374,1525680,963469,104372,2320,338930,Nonprofit
330188,MOUNT ST. MARY'S HOSPITAL & HEALTH CENTER,NY,294.0,3,1.0601,medium (2-3 conditions),LEWISTON,14092.0,NIAGARA,Acute Care Hospitals,Voluntary non-profit - Private,Yes,36063,67809,1714,211341,175087,13291,1017,8151,Nonprofit
330191,GLENS FALLS HOSPITAL,NY,951.0,4,0.9557,high (4-6 conditions),GLENS FALLS,12801.0,WARREN,Acute Care Hospitals,Voluntary non-profit - Private,Yes,36113,78239,4231,65560,60251,695,28,1865,Nonprofit
330193,FLUSHING HOSPITAL MEDICAL CENTER,NY,453.0,3,0.9803,medium (2-3 conditions),FLUSHING,11355.0,QUEENS,Acute Care Hospitals,Voluntary non-profit - Private,Yes,36081,84961,880,2330124,550499,384677,6689,650071,Nonprofit
330194,MAIMONIDES MEDICAL CENTER,NY,2776.0,4,1.1671,high (4-6 conditions),BROOKLYN,11219.0,KINGS,Acute Care Hospitals,Voluntary non-profit - Private,Yes,36047,78548,1052,2646306,957510,727987,3477,499799,Nonprofit
330195,LONG ISLAND JEWISH MEDICAL CENTER,NY,3189.0,5,1.0423,high (4-6 conditions),NEW HYDE PARK,11040.0,NASSAU,Acute Care Hospitals,Voluntary non-profit - Private,Yes,36059,143408,1643,1388138,768433,151100,813,256452,Nonprofit
330196,SOUTH BROOKLYN HEALTH,NY,1285.0,4,1.1353,high (4-6 conditions),BROOKLYN,11235.0,KINGS,Acute Care Hospitals,Voluntary non-profit - Other,Yes,36047,78548,1052,2646306,957510,727987,3477,499799,Nonprofit
330197,CANTON-POTSDAM HOSPITAL,NY,489.0,3,1.0173,medium (2-3 conditions),POTSDAM,13676.0,ST. LAWRENCE,Acute Care Hospitals,Voluntary non-profit - Private,Yes,36089,61900,2508,107796,98622,1982,456,2718,Nonprofit
330198,MOUNT SINAI SOUTH NASSAU,NY,2377.0,4,1.0868,high (4-6 conditions),OCEANSIDE,11572.0,NASSAU,Acute Care Hospitals,Voluntary non-profit - Private,Yes,36059,143408,1643,1388138,768433,151100,813,256452,Nonprofit
330202,KINGS COUNTY HOSPITAL CENTER,NY,212.0,2,0.9661,medium (2-3 conditions),BROOKLYN,11203.0,KINGS,Acute Care Hospitals,Government - Local,Yes,36047,78548,1052,2646306,957510,727987,3477,499799,Government
330203,CROUSE HOSPITAL,NY,1239.0,4,1.0619,high (4-6 conditions),SYRACUSE,13210.0,ONONDAGA,Acute Care Hospitals,Voluntary non-profit - Private,Yes,36067,74740,1143,471611,351786,48019,1875,27105,Nonprofit
330204,BELLEVUE HOSPITAL CENTER,NY,112.0,1,1.0603,low (1 condition),NEW YORK,10016.0,NEW YORK,Acute Care Hospitals,Government - Local,Yes,36061,104553,1777,1627788,754045,204185,1679,395429,Government
330205,ST ANTHONY COMMUNITY HOSPITAL,NY,280.0,2,0.9215,medium (2-3 conditions),WARWICK,10990.0,ORANGE,Acute Care Hospitals,Voluntary non-profit - Church,No,36071,96497,2376,403840,239186,42478,438,93608,Nonprofit
330208,ST JOHN'S RIVERSIDE HOSPITAL,NY,830.0,3,1.0638,medium (2-3 conditions),YONKERS,10701.0,WESTCHESTER,Acute Care Hospitals,Voluntary non-profit - Private,Yes,36119,118411,1860,996888,498855,128199,1197,269085,Nonprofit
330214,NYU LANGONE HOSPITALS,NY,11138.0,6,0.8455,high (4-6 conditions),NEW YORK,10016.0,NEW YORK,Acute Care Hospitals,Voluntary non-profit - Private,Yes,36061,104553,1777,1627788,754045,204185,1679,395429,Nonprofit
330215,"ROME MEMORIAL HOSPITAL, INC",NY,301.0,3,1.0223,medium (2-3 conditions),ROME,13440.0,ONEIDA,Acute Care Hospitals,Voluntary non-profit - Private,Yes,36065,68819,2061,229645,182637,11983,276,15588,Nonprofit
330218,OSWEGO HOSPITAL,NY,409.0,2,1.0469,medium (2-3 conditions),OSWEGO,13069.0,OSWEGO,Acute Care Hospitals,Voluntary non-profit - Private,Yes,36075,68461,2888,117945,108049,1160,125,3778,Nonprofit
330219,ERIE COUNTY MEDICAL CENTER,NY,292.0,3,1.026,medium (2-3 conditions),BUFFALO,14215.0,ERIE,Acute Care Hospitals,Voluntary non-profit - Private,Yes,36029,71175,843,950044,693650,116872,3029,59892,Nonprofit
330221,WYCKOFF HEIGHTS MEDICAL CENTER,NY,243.0,2,1.0024,medium (2-3 conditions),BROOKLYN,11237.0,KINGS,Acute Care Hospitals,Voluntary non-profit - Private,Yes,36047,78548,1052,2646306,957510,727987,3477,499799,Nonprofit
330222,SARATOGA HOSPITAL,NY,864.0,3,1.0028,medium (2-3 conditions),SARATOGA SPRINGS,12866.0,SARATOGA,Acute Care Hospitals,Voluntary non-profit - Private,Yes,36091,99653,3109,237075,208181,3803,209,9059,Nonprofit
330224,HEALTHALLIANCE HOSPITAL MARYS AVENUE CAMPUS,NY,863.0,4,1.0014,high (4-6 conditions),KINGSTON,12401.0,ULSTER,Acute Care Hospitals,Voluntary non-profit - Private,Yes,36111,81804,2953,182109,133874,10347,66,21562,Nonprofit
330226,UNITY HOSPITAL,NY,835.0,4,1.133,high (4-6 conditions),ROCHESTER,14626.0,MONROE,Acute Care Hospitals,Voluntary non-profit - Private,Yes,36055,74409,1109,754068,515450,104190,605,73524,Nonprofit
330231,QUEENS HOSPITAL CENTER,NY,282.0,3,1.022,medium (2-3 conditions),JAMAICA,11432.0,QUEENS,Acute Care Hospitals,Voluntary non-profit - Other,Yes,36081,84961,880,2330124,550499,384677,6689,650071,Nonprofit
330233,BROOKDALE HOSPITAL MEDICAL CENTER,NY,440.0,3,1.014,medium (2-3 conditions),BROOKLYN,11212.0,KINGS,Acute Care Hospitals,Voluntary non-profit - Private,Yes,36047,78548,1052,2646306,957510,727987,3477,499799,Nonprofit
330234,WESTCHESTER MEDICAL CENTER,NY,1143.0,5,0.9791,high (4-6 conditions),VALHALLA,10595.0,WESTCHESTER,Acute Care Hospitals,Voluntary non-profit - Other,Yes,36119,118411,1860,996888,498855,128199,1197,269085,Nonprofit
330235,AUBURN  COMMUNITY  HOSPITAL,NY,736.0,3,1.0717,medium (2-3 conditions),AUBURN,13021.0,CAYUGA,Acute Care Hospitals,Voluntary non-profit - Private,Yes,36011,66583,2266,75464,66119,2252,85,2633,Nonprofit
330238,NICHOLAS H NOYES MEMORIAL HOSPITAL,NY,123.0,1,1.003,low (1 condition),DANSVILLE,14437.0,LIVINGSTON,Acute Care Hospitals,Voluntary non-profit - Private,Yes,36051,72464,2969,61588,54735,1079,38,2759,Nonprofit
330239,UPMC CHAUTAUQUA AT WCA,NY,423.0,2,1.0039,medium (2-3 conditions),JAMESTOWN,14701.0,CHAUTAUQUA,Acute Care Hospitals,Voluntary non-profit - Private,Yes,36013,56507,1981,126329,106535,2680,161,11792,Nonprofit
330240,HARLEM HOSPITAL CENTER,NY,179.0,3,1.0438,medium (2-3 conditions),NEW YORK,10037.0,NEW YORK,Acute Care Hospitals,Government - State,Yes,36061,104553,1777,1627788,754045,204185,1679,395429,Government
330241,UNIVERSITY HOSPITAL S U N Y HEALTH SCIENCE CENTER,NY,1131.0,4,1.0115,high (4-6 conditions),SYRACUSE,13210.0,ONONDAGA,Acute Care Hospitals,Government - State,Yes,36067,74740,1143,471611,351786,48019,1875,27105,Government
330246,ST CHARLES HOSPITAL,NY,421.0,3,0.906,medium (2-3 conditions),PORT JEFFERSON,11777.0,SUFFOLK,Acute Care Hospitals,Voluntary non-profit - Church,Yes,36103,128329,1374,1525680,963469,104372,2320,338930,Nonprofit
330250,CHAMPLAIN VALLEY PHYSICIANS HOSPITAL MEDICAL CTR,NY,1275.0,4,0.9788,high (4-6 conditions),PLATTSBURGH,12901.0,CLINTON,Acute Care Hospitals,Voluntary non-profit - Private,Yes,36019,69208,2576,78961,70375,2281,207,2714,Nonprofit
330259,MERCY MEDICAL CENTER,NY,647.0,3,0.9662,medium (2-3 conditions),ROCKVILLE CENTRE,11571.0,NASSAU,Acute Care Hospitals,Voluntary non-profit - Church,Yes,36059,143408,1643,1388138,768433,151100,813,256452,Nonprofit
330261,PHELPS HOSPITAL,NY,555.0,2,0.9249,medium (2-3 conditions),SLEEPY HOLLOW,10591.0,WESTCHESTER,Acute Care Hospitals,Voluntary non-profit - Private,Yes,36119,118411,1860,996888,498855,128199,1197,269085,Nonprofit
330264,MONTEFIORE ST LUKE'S CORNWALL,NY,1063.0,4,1.0502,high (4-6 conditions),NEWBURGH,12550.0,ORANGE,Acute Care Hospitals,Voluntary non-profit - Private,Yes,36071,96497,2376,403840,239186,42478,438,93608,Nonprofit
330265,CLIFTON SPRINGS HOSPITAL AND CLINIC,NY,27.0,1,1.085,low (1 condition),CLIFTON SPRINGS,14432.0,ONTARIO,Acute Care Hospitals,Voluntary non-profit - Private,Yes,36069,79814,2440,112405,98252,2302,50,6260,Nonprofit
330267,HUDSON VALLEY HOSPITAL CENTER,NY,1073.0,3,0.9355,medium (2-3 conditions),CORTLANDT MANOR,10567.0,WESTCHESTER,Acute Care Hospitals,Voluntary non-profit - Private,Yes,36119,118411,1860,996888,498855,128199,1197,269085,Nonprofit
330270,HOSPITAL FOR SPECIAL SURGERY,NY,3253.0,1,0.6738,low (1 condition),NEW YORK,10021.0,NEW YORK,Acute Care Hospitals,Voluntary non-profit - Private,No,36061,104553,1777,1627788,754045,204185,1679,395429,Nonprofit
330273,PUTNAM HOSPITAL CENTER,NY,529.0,2,0.9654,medium (2-3 conditions),CARMEL,10512.0,PUTNAM,Acute Care Hospitals,Voluntary non-profit - Private,Yes,36079,127405,4845,97988,70948,2894,81,18676,Nonprofit
330276,NATHAN LITTAUER HOSPITAL,NY,154.0,2,0.981,medium (2-3 conditions),GLOVERSVILLE,12078.0,FULTON,Acute Care Hospitals,Voluntary non-profit - Private,Yes,36035,62615,2240,52787,46866,746,0,2190,Nonprofit
330277,CORNING HOSPITAL,NY,397.0,2,1.0461,medium (2-3 conditions),CORNING,14830.0,STEUBEN,Acute Care Hospitals,Voluntary non-profit - Private,Yes,36101,64740,2007,93034,85435,1439,82,1754,Nonprofit
330279,MERCY HOSPITAL OF BUFFALO,NY,932.0,4,1.0621,high (4-6 conditions),BUFFALO,14220.0,ERIE,Acute Care Hospitals,Voluntary non-profit - Private,Yes,36029,71175,843,950044,693650,116872,3029,59892,Nonprofit
330285,STRONG MEMORIAL HOSPITAL,NY,982.0,4,0.9507,high (4-6 conditions),ROCHESTER,14642.0,MONROE,Acute Care Hospitals,Voluntary non-profit - Private,Yes,36055,74409,1109,754068,515450,104190,605,73524,Nonprofit
330286,GOOD SAMARITAN HOSPITAL MEDICAL CENTER,NY,2040.0,4,0.8963,high (4-6 conditions),WEST ISLIP,11795.0,SUFFOLK,Acute Care Hospitals,Voluntary non-profit - Private,Yes,36103,128329,1374,1525680,963469,104372,2320,338930,Nonprofit
330304,WHITE PLAINS HOSPITAL CENTER,NY,2835.0,5,0.9881,high (4-6 conditions),WHITE PLAINS,10601.0,WESTCHESTER,Acute Care Hospitals,Voluntary non-profit - Private,Yes,36119,118411,1860,996888,498855,128199,1197,269085,Nonprofit
330307,CAYUGA MEDICAL CENTER AT ITHACA,NY,423.0,3,0.9593,medium (2-3 conditions),ITHACA,14850.0,TOMPKINS,Acute Care Hospitals,Voluntary non-profit - Private,Yes,36109,73012,3102,102879,77169,3358,122,6683,Nonprofit
330331,PLAINVIEW HOSPITAL,NY,1270.0,3,0.9425,medium (2-3 conditions),PLAINVIEW,11803.0,NASSAU,Acute Care Hospitals,Voluntary non-profit - Private,Yes,36059,143408,1643,1388138,768433,151100,813,256452,Nonprofit
330332,CHSLI ST JOSEPH HOSPITAL,NY,1089.0,3,0.9938,medium (2-3 conditions),BETHPAGE,11714.0,NASSAU,Acute Care Hospitals,Voluntary non-profit - Private,Yes,36059,143408,1643,1388138,768433,151100,813,256452,Nonprofit
330350,SUNY/DOWNSTATE UNIVERSITY HOSPITAL OF BROOKLYN,NY,157.0,2,1.0912,medium (2-3 conditions),BROOKLYN,11203.0,KINGS,Acute Care Hospitals,Government - State,Yes,36047,78548,1052,2646306,957510,727987,3477,499799,Government
330386,GARNET HEALTH  MEDICAL CENTER CATSKILLS,NY,407.0,3,1.0123,medium (2-3 conditions),HARRIS,12742.0,SULLIVAN,Acute Care Hospitals,Voluntary non-profit - Private,Yes,36105,69826,2633,79147,53145,6263,120,14544,Nonprofit
330393,SUNY/STONY BROOK UNIVERSITY HOSPITAL,NY,5346.0,5,0.959,high (4-6 conditions),STONY BROOK,11794.0,SUFFOLK,Acute Care Hospitals,Government - State,Yes,36103,128329,1374,1525680,963469,104372,2320,338930,Government
330394,"UNITED HEALTH SERVICES HOSPITALS, INC",NY,1181.0,4,0.9945,high (4-6 conditions),BINGHAMTON,13903.0,BROOME,Acute Care Hospitals,Voluntary non-profit - Private,Yes,36007,61059,1769,197738,158397,10061,148,10648,Nonprofit
330395,ST JOHN'S EPISCOPAL HOSPITAL AT SOUTH SHORE,NY,426.0,3,1.2334,medium (2-3 conditions),FAR ROCKAWAY,11691.0,QUEENS,Acute Care Hospitals,Voluntary non-profit - Private,Yes,36081,84961,880,2330124,550499,384677,6689,650071,Nonprofit
330396,WOODHULL MEDICAL & MENTAL HEALTH CENTER,NY,57.0,1,1.0444,low (1 condition),BROOKLYN,11206.0,KINGS,Acute Care Hospitals,Government - Local,Yes,36047,78548,1052,2646306,957510,727987,3477,499799,Government
330399,ST BARNABAS HOSPITAL,NY,49.0,1,1.0618,low (1 condition),BRONX,10457.0,BRONX,Acute Care Hospitals,Voluntary non-profit - Private,Yes,36005,49036,872,1419250,125116,412484,3533,779093,Nonprofit
330401,ST CATHERINE OF SIENA HOSPITAL,NY,1025.0,3,0.8887,medium (2-3 conditions),SMITHTOWN,11787.0,SUFFOLK,Acute Care Hospitals,Voluntary non-profit - Church,Yes,36103,128329,1374,1525680,963469,104372,2320,338930,Nonprofit
340001,CAROLINAS MEDICAL CENTER-NORTHEAST,NC,2072.0,4,0.9956,high (4-6 conditions),CONCORD,28025.0,CABARRUS,Acute Care Hospitals,Government - Hospital District or Authority,Yes,37025,86084,2770,231262,135848,42734,74,28603,Government
340002,MEMORIAL MISSION HOSPITAL AND ASHEVILLE SURGERY CE,NC,4070.0,6,0.884,high (4-6 conditions),ASHEVILLE,28801.0,BUNCOMBE,Acute Care Hospitals,Voluntary non-profit - Private,Yes,37021,70578,1846,271790,220778,14644,295,22443,Nonprofit
340003,NORTHERN REGIONAL HOSPITAL,NC,433.0,2,0.9757,medium (2-3 conditions),MOUNT AIRY,27030.0,SURRY,Acute Care Hospitals,Government - Hospital District or Authority,Yes,37171,56095,3150,71407,58254,2493,72,8674,Government
340004,HIGH POINT REGIONAL HEALTH SYSTEM,NC,772.0,4,1.0211,high (4-6 conditions),HIGH POINT,27261.0,GUILFORD,Acute Care Hospitals,Voluntary non-profit - Private,Yes,37081,66027,1584,542987,254315,182101,992,53188,Nonprofit
340008,SCOTLAND MEMORIAL HOSPITAL,NC,348.0,2,1.0198,medium (2-3 conditions),LAURINBURG,28352.0,SCOTLAND,Acute Care Hospitals,Voluntary non-profit - Private,Yes,37165,43500,2777,34353,13946,12966,3818,1272,Nonprofit
340010,UNC HEALTH CARE WAYNE,NC,991.0,4,0.9586,high (4-6 conditions),GOLDSBORO,27534.0,WAYNE,Acute Care Hospitals,Voluntary non-profit - Private,Yes,37191,58082,2512,117606,60037,35566,110,15495,Nonprofit
340013,RUTHERFORD REGIONAL MEDICAL CENTER,NC,228.0,2,0.9718,medium (2-3 conditions),RUTHERFORDTON,28139.0,RUTHERFORD,Acute Care Hospitals,Proprietary,Yes,37161,49771,2569,64850,52623,5240,104,3533,For-profit
340014,NOVANT HEALTH FORSYTH MEDICAL CENTER,NC,3647.0,6,0.8775,high (4-6 conditions),WINSTON-SALEM,27103.0,FORSYTH,Acute Care Hospitals,Voluntary non-profit - Private,Yes,37067,65541,1422,386740,209551,96455,616,56553,Nonprofit
340015,NOVANT HEALTH ROWAN MEDICAL CENTER,NC,554.0,3,0.9594,medium (2-3 conditions),SALISBURY,28144.0,ROWAN,Acute Care Hospitals,Voluntary non-profit - Private,Yes,37159,63196,2324,148487,101680,22892,149,16784,Nonprofit
340016,HARRIS REGIONAL HOSPITAL,NC,173.0,1,0.9753,low (1 condition),SYLVA,28779.0,JACKSON,Acute Care Hospitals,Proprietary,Yes,37099,53479,4388,43089,33866,962,3033,3310,For-profit
340017,PARDEE HOSPITAL HENDERSON COUNTY,NC,1111.0,4,0.9205,high (4-6 conditions),HENDERSONVILLE,28791.0,HENDERSON,Acute Care Hospitals,Government - Local,Yes,37089,67623,3013,117387,93736,3403,309,15034,Government
340020,CENTRAL CAROLINA HOSPITAL,NC,364.0,3,1.0306,medium (2-3 conditions),SANFORD,27330.0,LEE,Acute Care Hospitals,Voluntary non-profit - Private,Yes,37105,63060,2807,64565,36398,11288,57,13590,Nonprofit
340021,ATRIUM HEALTH CLEVELAND,NC,1006.0,3,0.9805,medium (2-3 conditions),SHELBY,28150.0,CLEVELAND,Acute Care Hospitals,Government - Hospital District or Authority,Yes,37045,55769,2864,100170,71127,18385,219,4426,Government
340023,ADVENTHEALTH HENDERSONVILLE,NC,373.0,2,0.9368,medium (2-3 conditions),HENDERSONVILLE,28792.0,HENDERSON,Acute Care Hospitals,Voluntary non-profit - Private,Yes,37089,67623,3013,117387,93736,3403,309,15034,Nonprofit
340024,SAMPSON REGIONAL MEDICAL CENTER,NC,263.0,2,1.065,medium (2-3 conditions),CLINTON,28328.0,SAMPSON,Acute Care Hospitals,Government - Local,Yes,37163,53159,5005,59245,29385,14692,1038,12600,Government
340027,UNC LENOIR HEALTH CARE,NC,532.0,2,1.0124,medium (2-3 conditions),KINSTON,28501.0,LENOIR,Acute Care Hospitals,Voluntary non-profit - Private,Yes,37107,44795,2264,54917,26368,21622,74,4620,Nonprofit
340028,CAPE FEAR VALLEY MEDICAL CENTER,NC,1899.0,4,1.0731,high (4-6 conditions),FAYETTEVILLE,28302.0,CUMBERLAND,Acute Care Hospitals,Voluntary non-profit - Private,Yes,37051,58780,855,336749,136681,122573,3343,41644,Nonprofit
340030,DUKE UNIVERSITY HOSPITAL,NC,2458.0,6,0.8892,high (4-6 conditions),DURHAM,27705.0,DURHAM,Acute Care Hospitals,Proprietary,Yes,37063,79501,2416,329405,138134,108113,712,50307,For-profit
340032,CAROMONT REGIONAL MEDICAL CENTER,NC,1790.0,4,1.0562,high (4-6 conditions),GASTONIA,28052.0,GASTON,Acute Care Hospitals,Voluntary non-profit - Private,Yes,37071,65472,1905,231485,156914,40133,403,21518,Nonprofit
340039,IREDELL MEMORIAL HOSPITAL INC,NC,836.0,3,0.9662,medium (2-3 conditions),STATESVILLE,28677.0,IREDELL,Acute Care Hospitals,Voluntary non-profit - Private,Yes,37097,78678,2411,191800,140984,21689,201,17001,Nonprofit
340040,ECU HEALTH MEDICAL CENTER,NC,3938.0,6,1.0412,high (4-6 conditions),GREENVILLE,27834.0,PITT,Acute Care Hospitals,Voluntary non-profit - Private,Yes,37147,58851,2190,172279,89498,60121,200,13263,Nonprofit
340041,CALDWELL MEMORIAL HOSPITAL,NC,241.0,2,0.9691,medium (2-3 conditions),LENOIR,28645.0,CALDWELL,Acute Care Hospitals,Voluntary non-profit - Other,Yes,37027,55401,2012,80618,69065,3294,72,5160,Nonprofit
340042,ONSLOW MEMORIAL HOSPITAL,NC,639.0,3,1.0557,medium (2-3 conditions),JACKSONVILLE,28546.0,ONSLOW,Acute Care Hospitals,Government - Hospital District or Authority,Yes,37133,64568,1873,208537,135161,24874,1267,28739,Government
340047,NORTH CAROLINA BAPTIST HOSPITAL,NC,1538.0,5,0.9815,high (4-6 conditions),WINSTON-SALEM,27157.0,FORSYTH,Acute Care Hospitals,Voluntary non-profit - Private,Yes,37067,65541,1422,386740,209551,96455,616,56553,Nonprofit
340050,SOUTHEASTERN REGIONAL MEDICAL CENTER,NC,683.0,3,1.0555,medium (2-3 conditions),LUMBERTON,28359.0,ROBESON,Acute Care Hospitals,Voluntary non-profit - Private,Yes,37155,40318,1300,116858,27575,27106,45676,12216,Nonprofit
340051,WATAUGA MEDICAL CENTER,NC,546.0,4,1.0002,high (4-6 conditions),BOONE,28607.0,WATAUGA,Acute Care Hospitals,Government - Local,Yes,37189,51367,3383,54607,48547,889,116,3303,Government
340053,NOVANT HEALTH PRESBYTERIAN MEDICAL CENTER,NC,1670.0,5,0.8608,high (4-6 conditions),CHARLOTTE,28233.0,MECKLENBURG,Acute Care Hospitals,Voluntary non-profit - Private,Yes,37119,83765,1127,1130906,496297,340672,1671,174580,Nonprofit
340060,UNC ROCKINGHAM,NC,122.0,2,1.0227,medium (2-3 conditions),EDEN,27288.0,ROCKINGHAM,Acute Care Hospitals,Voluntary non-profit - Private,Yes,37157,55796,1938,91585,64579,15986,145,6308,Nonprofit
340061,UNC HOSPITALS,NC,1165.0,4,0.8862,high (4-6 conditions),CHAPEL HILL,27514.0,ORANGE,Acute Care Hospitals,Government - State,Yes,37135,88553,2184,147292,98391,15054,372,15540,Government
340064,WILKES REGIONAL MEDICAL CENTER,NC,272.0,3,1.0061,medium (2-3 conditions),NORTH WILKESBORO,28659.0,WILKES,Acute Care Hospitals,Government - Local,Yes,37193,50438,3044,65983,56783,2461,132,4785,Government
340068,COLUMBUS REGIONAL HEALTHCARE SYSTEM,NC,315.0,3,1.0153,medium (2-3 conditions),WHITEVILLE,28472.0,COLUMBUS,Acute Care Hospitals,Voluntary non-profit - Other,Yes,37047,48184,5406,50453,29764,14429,1493,2766,Nonprofit
340069,"WAKEMED, RALEIGH CAMPUS",NC,2384.0,4,0.9596,high (4-6 conditions),RALEIGH,27610.0,WAKE,Acute Care Hospitals,Voluntary non-profit - Private,Yes,37183,101763,1289,1151009,656508,217801,2123,131104,Nonprofit
340070,ALAMANCE REGIONAL MEDICAL CENTER,NC,806.0,4,1.0027,high (4-6 conditions),BURLINGTON,27216.0,ALAMANCE,Acute Care Hospitals,Voluntary non-profit - Private,Yes,37001,64445,2226,174286,103736,34240,265,25716,Nonprofit
340071,BETSY JOHNSON REGIONAL HOSPITAL,NC,444.0,3,0.9792,medium (2-3 conditions),DUNN,28334.0,HARNETT,Acute Care Hospitals,Voluntary non-profit - Private,Yes,37085,69012,3266,136503,80462,27741,782,19970,Nonprofit
340075,"BLUE RIDGE HEALTHCARE HOSPITALS, INC",NC,568.0,3,0.9781,medium (2-3 conditions),MORGANTON,28655.0,BURKE,Acute Care Hospitals,Proprietary,Yes,37023,55684,3343,87863,69715,5221,81,7229,For-profit
340085,NOVANT HEALTH THOMASVILLE MEDICAL CENTER,NC,182.0,2,0.9703,medium (2-3 conditions),THOMASVILLE,27360.0,DAVIDSON,Acute Care Hospitals,Voluntary non-profit - Private,Yes,37057,62426,2147,171063,131410,15675,204,14633,Nonprofit
340087,THE MCDOWELL HOSPITAL,NC,187.0,2,1.0115,medium (2-3 conditions),MARION,28752.0,MC DOWELL,Acute Care Hospitals,Voluntary non-profit - Private,Yes,37111,55527,3603,44679,38572,1723,158,3028,Nonprofit
340090,JOHNSTON HEALTH,NC,1159.0,4,1.021,high (4-6 conditions),SMITHFIELD,27577.0,JOHNSTON,Acute Care Hospitals,Government - Hospital District or Authority,Yes,37101,79838,2522,226623,142071,37414,614,36811,Government
340091,"MOSES H. CONE MEMORIAL HOSPITAL, THE",NC,2468.0,5,0.9353,high (4-6 conditions),GREENSBORO,27401.0,GUILFORD,Acute Care Hospitals,Voluntary non-profit - Private,Yes,37081,66027,1584,542987,254315,182101,992,53188,Nonprofit
340096,LEXINGTON MEMORIAL HOSPITAL INC,NC,290.0,3,1.0184,medium (2-3 conditions),LEXINGTON,27293.0,DAVIDSON,Acute Care Hospitals,Voluntary non-profit - Private,Yes,37057,62426,2147,171063,131410,15675,204,14633,Nonprofit
340097,HUGH CHATHAM MEMORIAL HOSPITAL,NC,278.0,2,1.0154,medium (2-3 conditions),ELKIN,28621.0,SURRY,Acute Care Hospitals,Voluntary non-profit - Private,Yes,37171,56095,3150,71407,58254,2493,72,8674,Nonprofit
340098,ATRIUM HEALTH PINEVILLE,NC,2259.0,5,1.0286,high (4-6 conditions),CHARLOTTE,28210.0,MECKLENBURG,Acute Care Hospitals,Government - Hospital District or Authority,Yes,37119,83765,1127,1130906,496297,340672,1671,174580,Government
340099,VIDANT ROANOKE CHOWAN HOSPITAL,NC,287.0,2,1.0602,medium (2-3 conditions),AHOSKIE,27910.0,HERTFORD,Acute Care Hospitals,Voluntary non-profit - Private,Yes,37091,47472,4340,20492,6624,11564,213,1328,Nonprofit
340107,VIDANT EDGECOMBE HOSPITAL,NC,249.0,2,1.0589,medium (2-3 conditions),TARBORO,27886.0,EDGECOMBE,Acute Care Hospitals,Government - Local,Yes,37065,48480,3492,48777,17157,27218,146,2838,Government
340109,SENTARA ALBEMARLE MEDICAL CENTER,NC,814.0,3,1.0081,medium (2-3 conditions),ELIZABETH CITY,27909.0,PASQUOTANK,Acute Care Hospitals,Government - Hospital District or Authority,Yes,37139,63912,5566,40830,21934,14143,64,2401,Government
340113,CAROLINAS MEDICAL CENTER/BEHAV HEALTH,NC,1417.0,4,0.943,high (4-6 conditions),CHARLOTTE,28203.0,MECKLENBURG,Acute Care Hospitals,Government - Hospital District or Authority,Yes,37119,83765,1127,1130906,496297,340672,1671,174580,Government
340114,REX HOSPITAL,NC,3133.0,6,0.9794,high (4-6 conditions),RALEIGH,27607.0,WAKE,Acute Care Hospitals,Government - State,Yes,37183,101763,1289,1151009,656508,217801,2123,131104,Government
340115,FIRSTHEALTH MOORE REGIONAL HOSPITAL,NC,2779.0,6,1.0077,high (4-6 conditions),PINEHURST,28374.0,MOORE,Acute Care Hospitals,Voluntary non-profit - Private,Yes,37125,82837,3212,102840,78066,9844,431,7799,Nonprofit
340116,FRYE REGIONAL MEDICAL CENTER,NC,1062.0,5,1.0263,high (4-6 conditions),HICKORY,28601.0,CATAWBA,Acute Care Hospitals,Proprietary,Yes,37035,64544,1989,162051,117583,12855,122,17954,For-profit
340119,STANLY REGIONAL MEDICAL CENTER,NC,526.0,3,0.9918,medium (2-3 conditions),ALBEMARLE,28001.0,STANLY,Acute Care Hospitals,Voluntary non-profit - Private,Yes,37167,61631,4099,63557,50211,6970,15,3341,Nonprofit
340120,VIDANT DUPLIN HOSPITAL,NC,395.0,3,1.0375,medium (2-3 conditions),KENANSVILLE,28349.0,DUPLIN,Acute Care Hospitals,Government - Local,Yes,37061,51880,3505,49053,24904,11137,60,11137,Government
340123,RANDOLPH HOSPITAL,NC,275.0,2,0.9871,medium (2-3 conditions),ASHEBORO,27203.0,RANDOLPH,Acute Care Hospitals,Voluntary non-profit - Private,Yes,37151,59047,2415,145322,110281,8594,156,19722,Nonprofit
340126,WILSON MEDICAL CENTER,NC,699.0,3,1.0614,medium (2-3 conditions),WILSON,27893.0,WILSON,Acute Care Hospitals,Voluntary non-profit - Private,Yes,37195,51381,1884,78648,35211,30742,154,9354,Nonprofit
340127,GRANVILLE HEALTH SYSTEMS,NC,101.0,1,1.0186,low (1 condition),OXFORD,27565.0,GRANVILLE,Acute Care Hospitals,Government - Local,Yes,37077,70975,3834,61439,33968,17867,170,6545,Government
340129,DUKE HEALTH LAKE NORMAN HOSPITAL,NC,325.0,2,1.0583,medium (2-3 conditions),MOORESVILLE,28117.0,IREDELL,Acute Care Hospitals,Proprietary,Yes,37097,78678,2411,191800,140984,21689,201,17001,For-profit
340130,ATRIUM HEALTH UNION,NC,1266.0,4,1.0025,high (4-6 conditions),MONROE,28112.0,UNION,Acute Care Hospitals,Government - Hospital District or Authority,Yes,37179,99243,2455,244975,166556,26797,345,31683,Government
340131,CAROLINA EAST MEDICAL CENTER,NC,2108.0,5,0.9757,high (4-6 conditions),NEW BERN,28560.0,CRAVEN,Acute Care Hospitals,Government - Hospital District or Authority,Yes,37049,64635,3733,101074,65396,20355,182,7523,Government
340132,MARIA PARHAM MEDICAL CENTER,NC,307.0,3,1.0422,medium (2-3 conditions),HENDERSON,27536.0,VANCE,Acute Care Hospitals,Proprietary,Yes,37181,46943,3266,42361,15937,20715,47,3853,For-profit
340141,NOVANT HEALTH NEW HANOVER REGIONAL MEDICAL CENTER,NC,4295.0,6,0.9145,high (4-6 conditions),WILMINGTON,28402.0,NEW HANOVER,Acute Care Hospitals,Government - Local,Yes,37129,72892,1510,231214,173634,25678,377,17675,Government
340142,CARTERET GENERAL HOSPITAL,NC,1306.0,5,1.0531,high (4-6 conditions),MOREHEAD CITY,28557.0,CARTERET,Acute Care Hospitals,Proprietary,Yes,37031,70235,2152,68652,58683,2878,171,3230,For-profit
340143,CATAWBA VALLEY MEDICAL CENTER,NC,709.0,4,0.9646,high (4-6 conditions),HICKORY,28602.0,CATAWBA,Acute Care Hospitals,Voluntary non-profit - Other,Yes,37035,64544,1989,162051,117583,12855,122,17954,Nonprofit
340145,ATRIUM HEALTH LINCOLN,NC,614.0,3,1.0149,medium (2-3 conditions),LINCOLNTON,28092.0,LINCOLN,Acute Care Hospitals,Government - Hospital District or Authority,Yes,37109,78490,3290,90359,74853,5236,155,7065,Government
340147,UNC HEALTH NASH,NC,1150.0,4,1.0274,high (4-6 conditions),ROCKY MOUNT,27804.0,NASH,Acute Care Hospitals,Government - Hospital District or Authority,Yes,37127,60704,2284,95451,44761,38667,461,7578,Government
340151,ECU HEALTH NORTH HOSPITAL,NC,485.0,3,1.0308,medium (2-3 conditions),ROANOKE RAPIDS,27870.0,HALIFAX,Acute Care Hospitals,Voluntary non-profit - Private,Yes,37083,45071,3222,48219,17701,24935,1388,1558,Nonprofit
340155,DUKE REGIONAL HOSPITAL,NC,1013.0,4,0.9914,high (4-6 conditions),DURHAM,27704.0,DURHAM,Acute Care Hospitals,Government - Local,Yes,37063,79501,2416,329405,138134,108113,712,50307,Government
340158,NOVANT HEALTH BRUNSWICK MEDICAL CENTER,NC,768.0,3,0.995,medium (2-3 conditions),SUPPLY,28462.0,BRUNSWICK,Acute Care Hospitals,Voluntary non-profit - Other,Yes,37019,74034,2420,145889,118328,11695,355,8037,Nonprofit
340159,PERSON MEMORIAL HOSPITAL,NC,58.0,1,1.0699,low (1 condition),ROXBORO,27573.0,PERSON,Acute Care Hospitals,Proprietary,Yes,37145,64927,4000,39275,25433,10001,49,2303,For-profit
340166,ATRIUM HEALTH UNIVERSITY CITY,NC,364.0,3,0.993,medium (2-3 conditions),CHARLOTTE,28262.0,MECKLENBURG,Acute Care Hospitals,Government - Hospital District or Authority,Yes,37119,83765,1127,1130906,496297,340672,1671,174580,Government
340171,NOVANT HEALTH MATTHEWS MEDICAL CENTER,NC,1087.0,4,0.9703,high (4-6 conditions),MATTHEWS,28106.0,MECKLENBURG,Acute Care Hospitals,Voluntary non-profit - Other,Yes,37119,83765,1127,1130906,496297,340672,1671,174580,Nonprofit
340173,"WAKEMED, CARY HOSPITAL",NC,1192.0,3,0.962,medium (2-3 conditions),CARY,27518.0,WAKE,Acute Care Hospitals,Voluntary non-profit - Private,Yes,37183,101763,1289,1151009,656508,217801,2123,131104,Nonprofit
340183,NOVANT HEALTH HUNTERSVILLE MEDICAL CENTER,NC,732.0,3,0.9975,medium (2-3 conditions),HUNTERSVILLE,28078.0,MECKLENBURG,Acute Care Hospitals,Voluntary non-profit - Private,Yes,37119,83765,1127,1130906,496297,340672,1671,174580,Nonprofit
340184,HAYWOOD REGIONAL MEDICAL CENTER,NC,641.0,3,0.9655,medium (2-3 conditions),CLYDE,28721.0,HAYWOOD,Acute Care Hospitals,Government - Hospital District or Authority,Yes,37087,61001,3705,62432,56749,603,288,2953,Government
340188,CAPE FEAR VALLEY HOKE HOSPITAL,NC,146.0,2,1.0433,medium (2-3 conditions),RAEFORD,28376.0,HOKE,Acute Care Hospitals,Voluntary non-profit - Private,Yes,37093,60095,3320,53102,19436,17252,3616,8106,Nonprofit
340190,NOVANT HEALTH MINT HILL MEDICAL CENTER,NC,247.0,2,0.9463,medium (2-3 conditions),CHARLOTTE,28215.0,MECKLENBURG,Acute Care Hospitals,Voluntary non-profit - Private,Yes,37119,83765,1127,1130906,496297,340672,1671,174580,Nonprofit
350002,CHI ST ALEXIUS HEALTH,ND,410.0,2,0.9499,medium (2-3 conditions),BISMARCK,58501.0,BURLEIGH,Acute Care Hospitals,Voluntary non-profit - Church,Yes,38015,84948,3467,98986,84828,1749,3635,3244,Nonprofit
350006,TRINITY HOSPITALS,ND,969.0,4,0.9865,high (4-6 conditions),MINOT,58701.0,WARD,Acute Care Hospitals,Voluntary non-profit - Private,Yes,38101,79273,2126,69232,56026,2697,838,4800,Nonprofit
350011,SANFORD MEDICAL CENTER FARGO,ND,2281.0,5,0.9111,high (4-6 conditions),FARGO,58122.0,CASS,Acute Care Hospitals,Voluntary non-profit - Private,Yes,38017,75023,2048,189286,155875,12248,1541,6576,Nonprofit
350015,SANFORD MEDICAL CENTER BISMARCK,ND,1557.0,5,0.9231,high (4-6 conditions),BISMARCK,58506.0,BURLEIGH,Acute Care Hospitals,Voluntary non-profit - Private,Yes,38015,84948,3467,98986,84828,1749,3635,3244,Nonprofit
350019,ALTRU HOSPITAL,ND,1113.0,3,0.919,medium (2-3 conditions),GRAND FORKS,58201.0,GRAND FORKS,Acute Care Hospitals,Government - Local,Yes,38035,68450,2748,72764,59797,2481,1251,3783,Government
350070,ESSENTIA HEALTH,ND,927.0,4,0.9714,high (4-6 conditions),FARGO,58104.0,CASS,Acute Care Hospitals,Voluntary non-profit - Private,Yes,38017,75023,2048,189286,155875,12248,1541,6576,Nonprofit
360001,MERCY HEALTH-ANDERSON HOSPITAL,OH,1141.0,5,0.9826,high (4-6 conditions),CINCINNATI,45255.0,HAMILTON,Acute Care Hospitals,Voluntary non-profit - Private,Yes,39061,70816,990,827878,521063,206456,368,37415,Nonprofit
360002,UNIVERSITY HOSPITALS SAMARITAN MEDICAL CENTER,OH,350.0,3,1.0159,medium (2-3 conditions),ASHLAND,44805.0,ASHLAND,Acute Care Hospitals,Voluntary non-profit - Other,No,39005,64991,3173,52296,49291,598,34,886,Nonprofit
360003,"UNIVERSITY OF CINCINNATI MEDICAL CENTER, LLC",OH,557.0,4,1.0058,high (4-6 conditions),CINCINNATI,45219.0,HAMILTON,Acute Care Hospitals,Voluntary non-profit - Private,Yes,39061,70816,990,827878,521063,206456,368,37415,Nonprofit
360006,RIVERSIDE METHODIST HOSPITAL,OH,2737.0,5,0.9183,high (4-6 conditions),COLUMBUS,43214.0,FRANKLIN,Acute Care Hospitals,Voluntary non-profit - Private,Yes,39049,73795,862,1321635,780620,301697,732,93630,Nonprofit
360008,SOUTHERN OHIO MEDICAL CENTER,OH,1117.0,4,1.0186,high (4-6 conditions),PORTSMOUTH,45662.0,SCIOTO,Acute Care Hospitals,Voluntary non-profit - Other,Yes,39145,49571,2919,73118,67520,1759,58,1093,Nonprofit
360009,LIMA MEMORIAL HEALTH SYSTEM,OH,880.0,5,1.0393,high (4-6 conditions),LIMA,45804.0,ALLEN,Acute Care Hospitals,Voluntary non-profit - Other,Yes,39003,62001,2572,101685,80958,10765,80,3501,Nonprofit
360010,UNION HOSPITAL,OH,542.0,3,0.9828,medium (2-3 conditions),DOVER,44622.0,TUSCARAWAS,Acute Care Hospitals,Voluntary non-profit - Other,Yes,39157,64494,2918,92585,85624,641,34,4070,Nonprofit
360011,MARION GENERAL HOSPITAL,OH,1013.0,4,1.016,high (4-6 conditions),MARION,43302.0,MARION,Acute Care Hospitals,Voluntary non-profit - Private,Yes,39101,57306,4297,65145,56426,3187,27,2034,Nonprofit
360012,MOUNT CARMEL ST ANN'S,OH,788.0,4,0.9538,high (4-6 conditions),WESTERVILLE,43081.0,FRANKLIN,Acute Care Hospitals,Voluntary non-profit - Private,Yes,39049,73795,862,1321635,780620,301697,732,93630,Nonprofit
360013,WILSON MEMORIAL HOSPITAL,OH,66.0,1,1.0046,low (1 condition),SIDNEY,45365.0,SHELBY,Acute Care Hospitals,Voluntary non-profit - Private,Yes,39149,72822,3392,48007,44076,1006,16,807,Nonprofit
360014,OHIOHEALTH O'BLENESS HOSPITAL,OH,381.0,2,1.0059,medium (2-3 conditions),ATHENS,45701.0,ATHENS,Acute Care Hospitals,Voluntary non-profit - Other,Yes,39009,53837,3216,61573,54895,1526,38,1380,Nonprofit
360016,THE JEWISH HOSPITAL-MERCY HEALTH,OH,826.0,4,1.0179,high (4-6 conditions),CINCINNATI,45236.0,HAMILTON,Acute Care Hospitals,Voluntary non-profit - Private,Yes,39061,70816,990,827878,521063,206456,368,37415,Nonprofit
360017,GRANT MEDICAL CENTER,OH,796.0,4,1.0367,high (4-6 conditions),COLUMBUS,43215.0,FRANKLIN,Acute Care Hospitals,Voluntary non-profit - Church,Yes,39049,73795,862,1321635,780620,301697,732,93630,Nonprofit
360020,SUMMA HEALTH SYSTEM,OH,1441.0,4,1.0283,high (4-6 conditions),AKRON,44309.0,SUMMIT,Acute Care Hospitals,Voluntary non-profit - Private,Yes,39153,71016,991,538087,399092,74467,306,13884,Nonprofit
360025,FIRELANDS REGIONAL MEDICAL CENTER,OH,888.0,4,0.9896,high (4-6 conditions),SANDUSKY,44870.0,ERIE,Acute Care Hospitals,Voluntary non-profit - Private,Yes,39043,68431,2971,74938,60555,6218,85,3299,Nonprofit
360026,KETTERING HEALTH GREENE MEMORIAL,OH,50.0,1,1.0171,low (1 condition),XENIA,45385.0,GREENE,Acute Care Hospitals,Voluntary non-profit - Private,Yes,39057,85218,2530,168531,137754,9719,126,5418,Nonprofit
360027,AKRON GENERAL MEDICAL CENTER,OH,1643.0,4,0.9561,high (4-6 conditions),AKRON,44307.0,SUMMIT,Acute Care Hospitals,Voluntary non-profit - Private,Yes,39153,71016,991,538087,399092,74467,306,13884,Nonprofit
360029,WOOD COUNTY HOSPITAL,OH,193.0,2,1.0034,medium (2-3 conditions),BOWLING GREEN,43402.0,WOOD,Acute Care Hospitals,Voluntary non-profit - Private,Yes,39173,73124,2248,131795,113449,2530,196,8425,Nonprofit
360032,GRAND LAKE HEALTH SYSTEM,OH,239.0,2,0.9633,medium (2-3 conditions),SAINT MARYS,45885.0,AUGLAIZE,Acute Care Hospitals,Voluntary non-profit - Private,Yes,39011,76454,3547,46209,43789,410,12,828,Nonprofit
360035,MOUNT CARMEL EAST & WEST,OH,1591.0,4,1.0265,high (4-6 conditions),COLUMBUS,43213.0,FRANKLIN,Acute Care Hospitals,Voluntary non-profit - Private,Yes,39049,73795,862,1321635,780620,301697,732,93630,Nonprofit
360036,WOOSTER COMMUNITY HOSPITAL,OH,474.0,3,0.9997,medium (2-3 conditions),WOOSTER,44691.0,WAYNE,Acute Care Hospitals,Government - Local,Yes,39169,71769,2489,116618,107875,1303,71,2781,Government
360039,GENESIS HOSPITAL,OH,1554.0,4,0.9442,high (4-6 conditions),ZANESVILLE,43701.0,MUSKINGUM,Acute Care Hospitals,Voluntary non-profit - Private,Yes,39119,59203,3001,86382,78276,2707,54,1111,Nonprofit
360040,KNOX COMMUNITY HOSPITAL,OH,514.0,4,0.9896,high (4-6 conditions),MOUNT VERNON,43050.0,KNOX,Acute Care Hospitals,Voluntary non-profit - Other,Yes,39083,73988,4066,62888,58623,581,10,1233,Nonprofit
360041,PARMA COMMUNITY GENERAL HOSPITAL,OH,1243.0,5,1.0198,high (4-6 conditions),PARMA,44129.0,CUYAHOGA,Acute Care Hospitals,Voluntary non-profit - Private,No,39035,62823,748,1249418,712578,357473,944,84864,Nonprofit
360046,MCCULLOUGH-HYDE MEMORIAL HOSPITAL,OH,160.0,2,1.0555,medium (2-3 conditions),OXFORD,45056.0,BUTLER,Acute Care Hospitals,Voluntary non-profit - Private,Yes,39017,81194,1770,389910,295873,32017,109,25823,Nonprofit
360048,UNIVERSITY OF TOLEDO MEDICAL CENTER,OH,429.0,4,1.0104,high (4-6 conditions),TOLEDO,43614.0,LUCAS,Acute Care Hospitals,Government - State,Yes,39095,60095,1169,428748,285836,81967,241,32860,Government
360051,MIAMI VALLEY HOSPITAL,OH,2395.0,5,1.0507,high (4-6 conditions),DAYTON,45409.0,MONTGOMERY,Acute Care Hospitals,Voluntary non-profit - Private,Yes,39113,64403,1144,535528,365542,109243,406,21691,Nonprofit
360054,HOLZER MEDICAL CENTER,OH,551.0,4,0.9525,high (4-6 conditions),GALLIPOLIS,45631.0,GALLIA,Acute Care Hospitals,Voluntary non-profit - Private,Yes,39053,56455,4368,29162,26873,569,0,300,Nonprofit
360055,INSIGHT HOSPITAL AND MEDICAL CENTER TRUMBULL,OH,667.0,4,1.0347,high (4-6 conditions),WARREN,44482.0,TRUMBULL,Acute Care Hospitals,Proprietary,Yes,39155,55088,1772,201367,171353,15788,132,4382,For-profit
360056,MERCY HEALTH - FAIRFIELD HOSPITAL,OH,1053.0,4,1.0203,high (4-6 conditions),FAIRFIELD,45014.0,BUTLER,Acute Care Hospitals,Voluntary non-profit - Private,Yes,39017,81194,1770,389910,295873,32017,109,25823,Nonprofit
360058,MERCER COUNTY JOINT TOWNSHIP COMMUNITY HOSPITAL,OH,382.0,2,0.9749,medium (2-3 conditions),COLDWATER,45828.0,MERCER,Acute Care Hospitals,Government - Hospital District or Authority,No,39107,78036,3269,42438,40045,257,20,922,Government
360059,METROHEALTH SYSTEM,OH,706.0,4,1.0544,high (4-6 conditions),CLEVELAND,44109.0,CUYAHOGA,Acute Care Hospitals,Voluntary non-profit - Other,Yes,39035,62823,748,1249418,712578,357473,944,84864,Nonprofit
360064,ST ELIZABETH YOUNGSTOWN HOSPITAL,OH,1450.0,5,1.0437,high (4-6 conditions),YOUNGSTOWN,44501.0,MAHONING,Acute Care Hospitals,Voluntary non-profit - Church,Yes,39099,55576,1592,227063,168753,31396,129,14765,Nonprofit
360065,FISHER-TITUS HOSPITAL,OH,476.0,3,1.0378,medium (2-3 conditions),NORWALK,44857.0,HURON,Acute Care Hospitals,Voluntary non-profit - Private,Yes,39077,65972,2903,58412,51392,368,29,4177,Nonprofit
360066,MERCY HEALTH-ST RITA'S MEDICAL CENTER,OH,1634.0,4,0.9628,high (4-6 conditions),LIMA,45801.0,ALLEN,Acute Care Hospitals,Voluntary non-profit - Private,Yes,39003,62001,2572,101685,80958,10765,80,3501,Nonprofit
360068,PROMEDICA TOLEDO HOSPITAL,OH,2737.0,5,0.9308,high (4-6 conditions),TOLEDO,43606.0,LUCAS,Acute Care Hospitals,Voluntary non-profit - Private,Yes,39095,60095,1169,428748,285836,81967,241,32860,Nonprofit
360070,MERCY MEDICAL CENTER,OH,963.0,4,1.0136,high (4-6 conditions),CANTON,44708.0,STARK,Acute Care Hospitals,Voluntary non-profit - Private,Yes,39151,65740,1294,373764,315230,27765,180,10887,Nonprofit
360072,FAIRFIELD MEDICAL CENTER,OH,953.0,4,1.0351,high (4-6 conditions),LANCASTER,43130.0,FAIRFIELD,Acute Care Hospitals,Voluntary non-profit - Other,Yes,39045,87069,2636,161289,132227,14297,80,4294,Nonprofit
360075,UH REGIONAL HOSPITALS,OH,789.0,4,0.9647,high (4-6 conditions),CHARDON,44024.0,GEAUGA,Acute Care Hospitals,Proprietary,Yes,39055,100783,3844,95479,88951,897,32,1775,For-profit
360076,ATRIUM MEDICAL CENTER,OH,767.0,4,1.0058,high (4-6 conditions),FRANKLIN,45005.0,WARREN,Acute Care Hospitals,Voluntary non-profit - Private,Yes,39165,107843,2258,246364,203767,8088,161,8187,Nonprofit
360077,FAIRVIEW HOSPITAL,OH,1793.0,4,0.9878,high (4-6 conditions),CLEVELAND,44111.0,CUYAHOGA,Acute Care Hospitals,Voluntary non-profit - Private,Yes,39035,62823,748,1249418,712578,357473,944,84864,Nonprofit
360078,UNIVERSITY HOSPITALS PORTAGE MEDICAL CENTER,OH,472.0,3,1.0582,medium (2-3 conditions),RAVENNA,44266.0,PORTAGE,Acute Care Hospitals,Voluntary non-profit - Private,Yes,39133,72822,2759,161421,140163,7478,77,3591,Nonprofit
360079,KETTERING HEALTH MAIN CAMPUS,OH,1476.0,5,1.0387,high (4-6 conditions),KETTERING,45429.0,MONTGOMERY,Acute Care Hospitals,Voluntary non-profit - Church,Yes,39113,64403,1144,535528,365542,109243,406,21691,Nonprofit
360080,EAST OHIO REGIONAL HOSPITAL,OH,145.0,2,1.0999,medium (2-3 conditions),MARTINS FERRY,43935.0,BELMONT,Acute Care Hospitals,Voluntary non-profit - Other,No,39013,58411,2670,65982,60091,2031,35,837,Nonprofit
360082,EUCLID HOSPITAL,OH,346.0,3,1.0062,medium (2-3 conditions),EUCLID,44119.0,CUYAHOGA,Acute Care Hospitals,Voluntary non-profit - Other,No,39035,62823,748,1249418,712578,357473,944,84864,Nonprofit
360084,AULTMAN HOSPITAL,OH,1456.0,4,0.9474,high (4-6 conditions),CANTON,44710.0,STARK,Acute Care Hospitals,Voluntary non-profit - Other,Yes,39151,65740,1294,373764,315230,27765,180,10887,Nonprofit
360085,OHIO STATE UNIVERSITY STATE HEALTH SYSTEM,OH,1948.0,6,0.9632,high (4-6 conditions),COLUMBUS,43210.0,FRANKLIN,Acute Care Hospitals,Government - State,Yes,39049,73795,862,1321635,780620,301697,732,93630,Government
360086,SPRINGFIELD REGIONAL MEDICAL CENTER,OH,914.0,4,1.0046,high (4-6 conditions),SPRINGFIELD,45504.0,CLARK,Acute Care Hospitals,Voluntary non-profit - Private,Yes,39023,60846,1717,135445,111574,11087,48,5481,Nonprofit
360089,MERCY HEALTH - TIFFIN HOSPITAL,OH,379.0,2,1.0303,medium (2-3 conditions),TIFFIN,44883.0,SENECA,Acute Care Hospitals,Voluntary non-profit - Church,Yes,39147,65020,2383,54861,48467,1446,58,3031,Nonprofit
360091,MEDINA HOSPITAL,OH,1100.0,3,0.9917,medium (2-3 conditions),MEDINA,44256.0,MEDINA,Acute Care Hospitals,Voluntary non-profit - Private,Yes,39103,92660,2626,183049,168080,2292,95,4803,Nonprofit
360092,MEMORIAL HOSPITAL,OH,147.0,1,0.9544,low (1 condition),MARYSVILLE,43040.0,UNION,Acute Care Hospitals,Government - Local,Yes,39159,109506,3847,65293,56079,1560,82,1905,Government
360095,BLANCHARD VALLEY HOSPITAL,OH,838.0,4,0.9232,high (4-6 conditions),FINDLAY,45840.0,HANCOCK,Acute Care Hospitals,Voluntary non-profit - Other,No,39063,69699,3809,74885,65545,1347,53,4389,Nonprofit
360096,EAST LIVERPOOL CITY HOSPITAL,OH,414.0,3,1.0861,medium (2-3 conditions),EAST LIVERPOOL,43920.0,COLUMBIANA,Acute Care Hospitals,Voluntary non-profit - Private,Yes,39029,58474,2811,101203,93633,1864,36,1871,Nonprofit
360098,LAKE HEALTH,OH,1460.0,4,1.0419,high (4-6 conditions),CONCORD,44077.0,LAKE,Acute Care Hospitals,Voluntary non-profit - Private,Yes,39085,77952,2016,232101,197296,10665,175,11833,Nonprofit
360107,BELLEVUE HOSPITAL,OH,154.0,2,1.0164,medium (2-3 conditions),BELLEVUE,44811.0,SANDUSKY,Acute Care Hospitals,Voluntary non-profit - Other,No,39143,62500,3027,58770,48458,1760,86,6247,Nonprofit
360109,COSHOCTON REGIONAL MEDICAL CENTER,OH,211.0,2,0.9716,medium (2-3 conditions),COSHOCTON,43812.0,COSHOCTON,Acute Care Hospitals,Voluntary non-profit - Private,Yes,39031,54687,3617,36679,34708,257,40,94,Nonprofit
360112,MERCY ST VINCENT MEDICAL CENTER,OH,2140.0,5,1.0703,high (4-6 conditions),TOLEDO,43608.0,LUCAS,Acute Care Hospitals,Voluntary non-profit - Church,Yes,39095,60095,1169,428748,285836,81967,241,32860,Nonprofit
360118,OHIOHEALTH MANSFIELD HOSPITAL,OH,1375.0,4,1.009,high (4-6 conditions),MANSFIELD,44903.0,RICHLAND,Acute Care Hospitals,Voluntary non-profit - Private,Yes,39139,57649,2267,125138,105310,9197,96,2757,Nonprofit
360121,COMMUNITY HOSPITALS AND WELLNESS CENTERS,OH,88.0,1,1.0229,low (1 condition),BRYAN,43506.0,WILLIAMS,Acute Care Hospitals,Voluntary non-profit - Other,No,39171,61834,3170,36862,33557,419,43,1934,Nonprofit
360123,UH ST JOHN MEDICAL CENTER,OH,899.0,4,1.0171,high (4-6 conditions),WESTLAKE,44145.0,CUYAHOGA,Acute Care Hospitals,Voluntary non-profit - Private,Yes,39035,62823,748,1249418,712578,357473,944,84864,Nonprofit
360125,ASHTABULA COUNTY MEDICAL CENTER,OH,613.0,3,1.0875,medium (2-3 conditions),ASHTABULA,44004.0,ASHTABULA,Acute Care Hospitals,Voluntary non-profit - Private,Yes,39007,55507,1848,97343,84865,3621,46,4673,Nonprofit
360132,FORT HAMILTON HUGHES MEMORIAL HOSPITAL,OH,661.0,4,0.9908,high (4-6 conditions),HAMILTON,45013.0,BUTLER,Acute Care Hospitals,Voluntary non-profit - Private,Yes,39017,81194,1770,389910,295873,32017,109,25823,Nonprofit
360133,KETTERING HEALTH DAYTON,OH,982.0,5,1.0269,high (4-6 conditions),DAYTON,45405.0,MONTGOMERY,Acute Care Hospitals,Voluntary non-profit - Other,No,39113,64403,1144,535528,365542,109243,406,21691,Nonprofit
360134,GOOD SAMARITAN HOSPITAL,OH,755.0,4,0.9743,high (4-6 conditions),CINCINNATI,45220.0,HAMILTON,Acute Care Hospitals,Voluntary non-profit - Private,Yes,39061,70816,990,827878,521063,206456,368,37415,Nonprofit
360137,UH CLEVELAND MEDICAL CENTER,OH,753.0,4,1.0289,high (4-6 conditions),CLEVELAND,44106.0,CUYAHOGA,Acute Care Hospitals,Voluntary non-profit - Private,Yes,39035,62823,748,1249418,712578,357473,944,84864,Nonprofit
360143,MARYMOUNT HOSPITAL,OH,800.0,3,1.0246,medium (2-3 conditions),GARFIELD HEIGHTS,44125.0,CUYAHOGA,Acute Care Hospitals,Voluntary non-profit - Private,Yes,39035,62823,748,1249418,712578,357473,944,84864,Nonprofit
360144,SOUTH POINTE HOSPITAL,OH,541.0,3,1.0482,medium (2-3 conditions),WARRENSVILLE HEIGHTS,44122.0,CUYAHOGA,Acute Care Hospitals,Voluntary non-profit - Other,No,39035,62823,748,1249418,712578,357473,944,84864,Nonprofit
360145,UNIVERSITY HOSPITALS - ELYRIA MEDICAL CENTER,OH,909.0,4,1.0394,high (4-6 conditions),ELYRIA,44035.0,LORAIN,Acute Care Hospitals,Voluntary non-profit - Private,No,39093,70693,1173,314588,239348,22629,242,33992,Nonprofit
360147,MARIETTA MEMORIAL HOSPITAL,OH,1157.0,4,1.0248,high (4-6 conditions),MARIETTA,45750.0,WASHINGTON,Acute Care Hospitals,Voluntary non-profit - Other,Yes,39167,61355,2843,59318,55624,598,114,720,Nonprofit
360150,SUMMA WESTERN RESERVE HOSPITAL,OH,199.0,3,1.0251,medium (2-3 conditions),CUYAHOGA FALLS,44223.0,SUMMIT,Acute Care Hospitals,Voluntary non-profit - Other,Yes,39153,71016,991,538087,399092,74467,306,13884,Nonprofit
360152,DOCTORS HOSPITAL,OH,452.0,3,0.9927,medium (2-3 conditions),COLUMBUS,43228.0,FRANKLIN,Acute Care Hospitals,Voluntary non-profit - Church,Yes,39049,73795,862,1321635,780620,301697,732,93630,Nonprofit
360155,SOUTHWEST GENERAL HEALTH CENTER,OH,1628.0,5,1.0881,high (4-6 conditions),MIDDLEBURG HEIGHTS,44130.0,CUYAHOGA,Acute Care Hospitals,Voluntary non-profit - Private,Yes,39035,62823,748,1249418,712578,357473,944,84864,Nonprofit
360156,MEMORIAL HOSPITAL,OH,197.0,2,0.9937,medium (2-3 conditions),FREMONT,43420.0,SANDUSKY,Acute Care Hospitals,Voluntary non-profit - Other,No,39143,62500,3027,58770,48458,1760,86,6247,Nonprofit
360159,ADENA REGIONAL MEDICAL CENTER,OH,1078.0,4,0.9673,high (4-6 conditions),CHILLICOTHE,45601.0,ROSS,Acute Care Hospitals,Voluntary non-profit - Private,Yes,39141,59819,3455,76748,68063,4094,113,1070,Nonprofit
360161,MH ST JOSEPH WARREN HOSPITAL,OH,634.0,3,0.991,medium (2-3 conditions),WARREN,44484.0,TRUMBULL,Acute Care Hospitals,Voluntary non-profit - Private,Yes,39155,55088,1772,201367,171353,15788,132,4382,Nonprofit
360163,CHRIST HOSPITAL,OH,2080.0,5,0.9814,high (4-6 conditions),CINCINNATI,45219.0,HAMILTON,Acute Care Hospitals,Voluntary non-profit - Private,Yes,39061,70816,990,827878,521063,206456,368,37415,Nonprofit
360170,BERGER HOSPITAL,OH,246.0,2,1.0026,medium (2-3 conditions),CIRCLEVILLE,43113.0,PICKAWAY,Acute Care Hospitals,Government - Local,Yes,39129,72927,2671,59407,54277,1717,67,1046,Government
360172,MERCY REGIONAL MEDICAL CENTER,OH,669.0,4,1.0325,high (4-6 conditions),LORAIN,44053.0,LORAIN,Acute Care Hospitals,Voluntary non-profit - Private,Yes,39093,70693,1173,314588,239348,22629,242,33992,Nonprofit
360174,UPPER VALLEY MEDICAL CENTER,OH,600.0,4,1.0286,high (4-6 conditions),TROY,45373.0,MIAMI,Acute Care Hospitals,Voluntary non-profit - Private,Yes,39109,74175,2266,109549,99167,2168,22,2294,Nonprofit
360175,CLINTON MEMORIAL HOSPITAL,OH,194.0,3,1.0328,medium (2-3 conditions),WILMINGTON,45177.0,CLINTON,Acute Care Hospitals,Government - Local,No,39027,68125,3971,42014,38701,750,23,869,Government
360179,BETHESDA NORTH,OH,2441.0,5,1.0464,high (4-6 conditions),CINCINNATI,45242.0,HAMILTON,Acute Care Hospitals,Voluntary non-profit - Church,Yes,39061,70816,990,827878,521063,206456,368,37415,Nonprofit
360180,CLEVELAND CLINIC,OH,3057.0,6,0.918,high (4-6 conditions),CLEVELAND,44195.0,CUYAHOGA,Acute Care Hospitals,Voluntary non-profit - Private,Yes,39035,62823,748,1249418,712578,357473,944,84864,Nonprofit
360185,SALEM REGIONAL MEDICAL CENTER,OH,236.0,2,0.9596,medium (2-3 conditions),SALEM,44460.0,COLUMBIANA,Acute Care Hospitals,Voluntary non-profit - Private,Yes,39029,58474,2811,101203,93633,1864,36,1871,Nonprofit
360189,MADISON HEALTH,OH,40.0,1,1.0497,low (1 condition),LONDON,43140.0,MADISON,Acute Care Hospitals,Voluntary non-profit - Private,Yes,39097,83229,4920,44126,38171,2064,80,1300,Nonprofit
360203,SOUTHEASTERN OHIO REGIONAL MEDICAL CENTER,OH,273.0,2,0.9708,medium (2-3 conditions),CAMBRIDGE,43725.0,GUERNSEY,Acute Care Hospitals,Voluntary non-profit - Private,Yes,39059,55756,3280,38283,35755,617,16,491,Nonprofit
360210,GRADY MEMORIAL HOSPITAL,OH,219.0,2,0.979,medium (2-3 conditions),DELAWARE,43015.0,DELAWARE,Acute Care Hospitals,Voluntary non-profit - Private,Yes,39041,130088,3209,221160,177829,9067,80,7373,Nonprofit
360211,TRINITY MEDICAL CTR EAST &TRINITY MEDICAL CTR WEST,OH,647.0,4,1.0573,high (4-6 conditions),STEUBENVILLE,43952.0,JEFFERSON,Acute Care Hospitals,Voluntary non-profit - Other,Yes,39081,56983,2537,64855,57636,3484,27,1180,Nonprofit
360218,LICKING MEMORIAL HOSPITAL,OH,776.0,4,1.0422,high (4-6 conditions),NEWARK,43055.0,LICKING,Acute Care Hospitals,Voluntary non-profit - Private,Yes,39089,81033,2698,180311,155445,7194,39,4223,Nonprofit
360230,HILLCREST HOSPITAL,OH,2543.0,5,0.9773,high (4-6 conditions),MAYFIELD HEIGHTS,44124.0,CUYAHOGA,Acute Care Hospitals,Voluntary non-profit - Private,No,39035,62823,748,1249418,712578,357473,944,84864,Nonprofit
360234,MERCY HEALTH - WEST HOSPITAL,OH,1088.0,4,1.0492,high (4-6 conditions),CINCINNATI,45211.0,HAMILTON,Acute Care Hospitals,Voluntary non-profit - Private,Yes,39061,70816,990,827878,521063,206456,368,37415,Nonprofit
360236,MERCY HEALTH - CLERMONT HOSPITAL,OH,643.0,3,1.0066,medium (2-3 conditions),BATAVIA,45103.0,CLERMONT,Acute Care Hospitals,Voluntary non-profit - Church,Yes,39025,83178,1969,209862,191667,3116,73,5131,Nonprofit
360239,KETTERING HEALTH MIAMISBURG,OH,545.0,3,1.0531,medium (2-3 conditions),MIAMISBURG,45342.0,MONTGOMERY,Acute Care Hospitals,Voluntary non-profit - Church,Yes,39113,64403,1144,535528,365542,109243,406,21691,Nonprofit
360259,BAY PARK COMMUNITY HOSPITAL,OH,323.0,3,1.0243,medium (2-3 conditions),OREGON,43616.0,LUCAS,Acute Care Hospitals,Voluntary non-profit - Other,Yes,39095,60095,1169,428748,285836,81967,241,32860,Nonprofit
360263,INSTITUTE FOR ORTHOPAEDIC SURGERY,OH,373.0,1,0.8619,low (1 condition),LIMA,45804.0,ALLEN,Acute Care Hospitals,Proprietary,No,39003,62001,2572,101685,80958,10765,80,3501,For-profit
360270,MERCY HEALTH - DEFIANCE HOSPITAL,OH,311.0,3,0.9805,medium (2-3 conditions),DEFIANCE,43512.0,DEFIANCE,Acute Care Hospitals,Proprietary,Yes,39039,73615,4002,38258,32612,553,40,4096,For-profit
360276,HMHP ST ELIZABETH BOARDMAN HEALTH CENTER,OH,1155.0,3,1.0704,medium (2-3 conditions),BOARDMAN,44512.0,MAHONING,Acute Care Hospitals,Voluntary non-profit - Church,Yes,39099,55576,1592,227063,168753,31396,129,14765,Nonprofit
360348,DUBLIN METHODIST HOSPITAL,OH,471.0,2,0.9601,medium (2-3 conditions),DUBLIN,43016.0,FRANKLIN,Acute Care Hospitals,Voluntary non-profit - Private,Yes,39049,73795,862,1321635,780620,301697,732,93630,Nonprofit
360351,CRYSTAL CLINIC ORTHOPAEDIC CENTER,OH,969.0,1,0.8468,low (1 condition),AKRON,44310.0,SUMMIT,Acute Care Hospitals,Proprietary,No,39153,71016,991,538087,399092,74467,306,13884,For-profit
360354,WEST CHESTER HOSPITAL,OH,989.0,4,1.0717,high (4-6 conditions),WEST CHESTER,45069.0,BUTLER,Acute Care Hospitals,Voluntary non-profit - Private,Yes,39017,81194,1770,389910,295873,32017,109,25823,Nonprofit
360359,UNIVERSITY HOSPITALS AHUJA MEDICAL CENTER,OH,1185.0,4,1.0792,high (4-6 conditions),BEACHWOOD,44122.0,CUYAHOGA,Acute Care Hospitals,Voluntary non-profit - Private,Yes,39035,62823,748,1249418,712578,357473,944,84864,Nonprofit
360360,SOIN MEDICAL CENTER,OH,975.0,4,1.1041,high (4-6 conditions),BEAVER CREEK,45431.0,GREENE,Acute Care Hospitals,Voluntary non-profit - Private,Yes,39057,85218,2530,168531,137754,9719,126,5418,Nonprofit
360364,CLEVELAND CLINIC AVON HOSPITAL,OH,1112.0,3,0.9952,medium (2-3 conditions),AVON,44011.0,LORAIN,Acute Care Hospitals,Voluntary non-profit - Private,Yes,39093,70693,1173,314588,239348,22629,242,33992,Nonprofit
360365,AVITA ONTARIO,OH,133.0,2,1.0049,medium (2-3 conditions),ONTARIO,44906.0,RICHLAND,Acute Care Hospitals,Voluntary non-profit - Private,Yes,39139,57649,2267,125138,105310,9197,96,2757,Nonprofit
360368,KETTERING HEALTH TROY,OH,233.0,2,0.9803,medium (2-3 conditions),TROY,45373.0,MIAMI,Acute Care Hospitals,Voluntary non-profit - Private,Yes,39109,74175,2266,109549,99167,2168,22,2294,Nonprofit
370001,HILLCREST MEDICAL CENTER,OK,1559.0,5,0.9538,high (4-6 conditions),TULSA,74104.0,TULSA,Acute Care Hospitals,Proprietary,Yes,40143,67317,730,673708,392277,64195,30852,102464,For-profit
370002,ALLIANCEHEALTH WOODWARD,OK,110.0,1,0.9437,low (1 condition),WOODWARD,73801.0,WOODWARD,Acute Care Hospitals,Proprietary,Yes,40153,65060,4109,20260,15521,248,376,3021,For-profit
370006,INTEGRIS HEALTH PONCA CITY,OK,128.0,1,0.9938,low (1 condition),PONCA CITY,74601.0,KAY,Acute Care Hospitals,Voluntary non-profit - Other,Yes,40071,56673,2707,43731,31195,868,3422,3833,Nonprofit
370008,NORMAN REGIONAL,OK,1332.0,4,1.0218,high (4-6 conditions),NORMAN,73072.0,CLEVELAND,Acute Care Hospitals,Government - Hospital District or Authority,Yes,40027,74446,2215,297545,202169,14113,10214,31631,Government
370013,"MERCY HOSPITAL OKLAHOMA CITY, INC",OK,1298.0,3,0.8735,medium (2-3 conditions),OKLAHOMA CITY,73120.0,OKLAHOMA,Acute Care Hospitals,Voluntary non-profit - Church,Yes,40109,65374,926,800487,423239,113402,18389,157068,Nonprofit
370014,ALLIANCEHEALTH DURANT,OK,975.0,4,1.1809,high (4-6 conditions),DURANT,74702.0,BRYAN,Acute Care Hospitals,Proprietary,Yes,40013,54280,2535,47237,32246,972,5852,3612,For-profit
370016,INTEGRIS HEALTH ENID HOSPITAL,OK,380.0,3,0.985,medium (2-3 conditions),ENID,73701.0,GARFIELD,Acute Care Hospitals,Voluntary non-profit - Private,Yes,40047,67302,2878,62322,44145,1176,859,9234,Nonprofit
370018,ASCENSION ST JOHN JANE PHILLIPS,OK,445.0,2,1.0164,medium (2-3 conditions),BARTLESVILLE,74006.0,WASHINGTON,Acute Care Hospitals,Voluntary non-profit - Private,Yes,40147,61205,3814,52895,37488,1434,4365,3538,Nonprofit
370019,GREAT PLAINS REGIONAL MEDICAL CENTER,OK,104.0,1,0.9866,low (1 condition),ELK CITY,73644.0,BECKHAM,Acute Care Hospitals,Voluntary non-profit - Private,Yes,40009,52323,4425,22202,16733,1080,387,2912,Nonprofit
370020,MERCY HOSPITAL ADA,OK,539.0,3,1.0678,medium (2-3 conditions),ADA,74820.0,PONTOTOC,Acute Care Hospitals,Voluntary non-profit - Private,Yes,40123,62564,4420,38158,24158,918,6868,2401,Nonprofit
370022,JACKSON COUNTY MEMORIAL HOSPITAL AUTHORITY,OK,445.0,3,0.9686,medium (2-3 conditions),ALTUS,73521.0,JACKSON,Acute Care Hospitals,Voluntary non-profit - Other,Yes,40065,61497,3744,24730,15210,1464,281,6075,Nonprofit
370023,"DUNCAN REGIONAL HOSPITAL, INC",OK,804.0,3,0.9803,medium (2-3 conditions),DUNCAN,73533.0,STEPHENS,Acute Care Hospitals,Voluntary non-profit - Private,Yes,40137,60236,2751,43314,33812,595,1399,3649,Nonprofit
370025,SAINT FRANCIS HOSPITAL MUSKOGEE,OK,1122.0,4,1.0804,high (4-6 conditions),MUSKOGEE,74401.0,MUSKOGEE,Acute Care Hospitals,Voluntary non-profit - Private,Yes,40101,51999,2180,66471,35921,6485,11321,4814,Nonprofit
370026,ST MARY'S REGIONAL MEDICAL CENTER,OK,461.0,2,0.9375,medium (2-3 conditions),ENID,73701.0,GARFIELD,Acute Care Hospitals,Proprietary,Yes,40047,67302,2878,62322,44145,1176,859,9234,For-profit
370028,"INTEGRIS BAPTIST MEDICAL CENTER, INC",OK,2193.0,5,0.974,high (4-6 conditions),OKLAHOMA CITY,73112.0,OKLAHOMA,Acute Care Hospitals,Voluntary non-profit - Private,Yes,40109,65374,926,800487,423239,113402,18389,157068,Nonprofit
370034,MCALESTER REGIONAL HEALTH CENTER,OK,391.0,3,0.9686,medium (2-3 conditions),MCALESTER,74501.0,PITTSBURG,Acute Care Hospitals,Government - Hospital District or Authority,Yes,40121,54787,2675,43629,29639,1008,3281,2431,Government
370037,SSM HEALTH ST ANTHONY HOSPITAL - OKLAHOMA CITY,OK,1923.0,5,0.8404,high (4-6 conditions),OKLAHOMA CITY,73101.0,OKLAHOMA,Acute Care Hospitals,Voluntary non-profit - Church,Yes,40109,65374,926,800487,423239,113402,18389,157068,Nonprofit
370039,HILLCREST HOSPITAL CLAREMORE,OK,123.0,1,0.9254,low (1 condition),CLAREMORE,74017.0,ROGERS,Acute Care Hospitals,Proprietary,Yes,40131,77688,1584,97235,67604,892,11720,5690,For-profit
370047,"MERCY HOSPITAL ARDMORE, INC",OK,875.0,3,1.0354,medium (2-3 conditions),ARDMORE,73401.0,CARTER,Acute Care Hospitals,Voluntary non-profit - Church,Yes,40019,58856,1791,48255,32515,2806,3328,3950,Nonprofit
370049,STILLWATER MEDICAL CENTER,OK,1041.0,5,0.9763,high (4-6 conditions),STILLWATER,74076.0,PAYNE,Acute Care Hospitals,Government - Hospital District or Authority,Yes,40119,48937,2090,82290,61125,2989,3165,5287,Government
370054,GRADY MEMORIAL HOSPITAL,OK,71.0,1,0.9908,low (1 condition),CHICKASHA,73018.0,GRADY,Acute Care Hospitals,Government - Hospital District or Authority,Yes,40051,75730,4631,55868,44290,1200,2034,3785,Government
370056,COMANCHE COUNTY MEMORIAL HOSPITAL,OK,1438.0,4,1.0965,high (4-6 conditions),LAWTON,73505.0,COMANCHE,Acute Care Hospitals,Government - Hospital District or Authority,Yes,40031,59000,1632,121699,66221,17285,4854,17481,Government
370078,OKLAHOMA STATE UNIVERSITY MEDICAL CENTER,OK,352.0,3,1.0331,medium (2-3 conditions),TULSA,74127.0,TULSA,Acute Care Hospitals,Government - Hospital District or Authority,Yes,40143,67317,730,673708,392277,64195,30852,102464,Government
370089,NORTHEASTERN HEALTH SYSTEM,OK,401.0,4,1.0403,high (4-6 conditions),TAHLEQUAH,74465.0,CHEROKEE,Acute Care Hospitals,Government - Hospital District or Authority,Yes,40021,53668,3481,47621,21538,656,15139,3665,Government
370091,"SAINT FRANCIS HOSPITAL, INC",OK,3139.0,6,0.9571,high (4-6 conditions),TULSA,74136.0,TULSA,Acute Care Hospitals,Voluntary non-profit - Private,Yes,40143,67317,730,673708,392277,64195,30852,102464,Nonprofit
370093,O U MEDICAL CENTER,OK,852.0,4,1.0091,high (4-6 conditions),OKLAHOMA CITY,73104.0,OKLAHOMA,Acute Care Hospitals,Voluntary non-profit - Private,Yes,40109,65374,926,800487,423239,113402,18389,157068,Nonprofit
370094,SSM HEALTH ST ANTHONY HOSPITAL - MIDWEST,OK,618.0,4,1.0597,high (4-6 conditions),MIDWEST CITY,73110.0,OKLAHOMA,Acute Care Hospitals,Voluntary non-profit - Private,Yes,40109,65374,926,800487,423239,113402,18389,157068,Nonprofit
370097,SOUTHWESTERN MEDICAL CENTER,OK,257.0,2,1.0068,medium (2-3 conditions),LAWTON,73505.0,COMANCHE,Acute Care Hospitals,Proprietary,Yes,40031,59000,1632,121699,66221,17285,4854,17481,For-profit
370100,CHOCTAW MEMORIAL HOSPITAL,OK,51.0,1,1.0578,low (1 condition),HUGO,74743.0,CHOCTAW,Acute Care Hospitals,Voluntary non-profit - Other,Yes,40023,45456,3361,14299,8351,1352,2113,681,Nonprofit
370106,INTEGRIS SOUTHWEST MEDICAL CENTER,OK,895.0,4,0.9966,high (4-6 conditions),OKLAHOMA CITY,73109.0,OKLAHOMA,Acute Care Hospitals,Voluntary non-profit - Private,Yes,40109,65374,926,800487,423239,113402,18389,157068,Nonprofit
370113,INTEGRIS GROVE HOSPITAL,OK,181.0,2,0.9786,medium (2-3 conditions),GROVE,74344.0,DELAWARE,Acute Care Hospitals,Voluntary non-profit - Private,Yes,40041,55114,2313,41017,25689,182,8377,1774,Nonprofit
370114,ASCENSION ST JOHN MEDICAL CENTER,OK,1280.0,4,0.9467,high (4-6 conditions),TULSA,74104.0,TULSA,Acute Care Hospitals,Voluntary non-profit - Private,Yes,40143,67317,730,673708,392277,64195,30852,102464,Nonprofit
370149,SSM HEALTH ST ANTHONY HOSPITAL - SHAWNEE,OK,334.0,2,0.9838,medium (2-3 conditions),SHAWNEE,74801.0,POTTAWATOMIE,Acute Care Hospitals,Voluntary non-profit - Private,Yes,40125,60828,1653,73011,51198,2249,8373,4501,Nonprofit
370171,CHEROKEE NATION W W HASTINGS INDIAN HOSPITAL,OK,224.0,2,1.0092,medium (2-3 conditions),TAHLEQUAH,74464.0,CHEROKEE,Acute Care Hospitals,Voluntary non-profit - Other,Yes,40021,53668,3481,47621,21538,656,15139,3665,Nonprofit
370202,HILLCREST HOSPITAL SOUTH,OK,1018.0,4,0.9554,high (4-6 conditions),TULSA,74133.0,TULSA,Acute Care Hospitals,Proprietary,Yes,40143,67317,730,673708,392277,64195,30852,102464,For-profit
370210,"OKLAHOMA SURGICAL HOSPITAL, LLC",OK,732.0,1,0.7393,low (1 condition),TULSA,74137.0,TULSA,Acute Care Hospitals,Physician,Yes,40143,67317,730,673708,392277,64195,30852,102464,Physician-owned
370211,INTEGRIS CANADIAN VALLEY HOSPITAL,OK,350.0,2,0.9965,medium (2-3 conditions),YUKON,73099.0,CANADIAN,Acute Care Hospitals,Voluntary non-profit - Private,Yes,40017,85427,2037,162621,116087,5800,4410,18557,Nonprofit
370215,"OKLAHOMA HEART HOSPITAL, LLC",OK,2930.0,4,1.0036,high (4-6 conditions),OKLAHOMA CITY,73120.0,OKLAHOMA,Acute Care Hospitals,Physician,Yes,40109,65374,926,800487,423239,113402,18389,157068,Physician-owned
370218,"SAINT FRANCIS HOSPITAL SOUTH, LLC",OK,668.0,3,0.9997,medium (2-3 conditions),TULSA,74133.0,TULSA,Acute Care Hospitals,Voluntary non-profit - Private,Yes,40143,67317,730,673708,392277,64195,30852,102464,Nonprofit
370222,MCBRIDE ORTHOPEDIC HOSPITAL,OK,1199.0,1,0.6014,low (1 condition),OKLAHOMA CITY,73114.0,OKLAHOMA,Acute Care Hospitals,Physician,Yes,40109,65374,926,800487,423239,113402,18389,157068,Physician-owned
370234,"OKLAHOMA HEART HOSPITAL SOUTH, LLC",OK,1100.0,2,0.9016,medium (2-3 conditions),OKLAHOMA CITY,73135.0,OKLAHOMA,Acute Care Hospitals,Physician,Yes,40109,65374,926,800487,423239,113402,18389,157068,Physician-owned
370236,INTEGRIS HEALTH EDMOND HOSPITAL,OK,457.0,3,0.9587,medium (2-3 conditions),EDMOND,73034.0,OKLAHOMA,Acute Care Hospitals,Voluntary non-profit - Private,Yes,40109,65374,926,800487,423239,113402,18389,157068,Nonprofit
370237,"SAINT FRANCIS HOSPITAL VINITA, INC",OK,210.0,2,1.0488,medium (2-3 conditions),VINITA,74301.0,CRAIG,Acute Care Hospitals,Voluntary non-profit - Private,Yes,40035,50182,2687,14215,8758,494,2806,516,Nonprofit
380001,MID-COLUMBIA MEDICAL CENTER,OR,93.0,1,0.9581,low (1 condition),THE DALLES,97058.0,WASCO,Acute Care Hospitals,Voluntary non-profit - Other,Yes,41065,63602,4399,26603,19223,112,477,5260,Nonprofit
380002,ASANTE THREE RIVERS MEDICAL CENTER,OR,365.0,2,0.9095,medium (2-3 conditions),GRANTS PASS,97527.0,JOSEPHINE,Acute Care Hospitals,Voluntary non-profit - Other,Yes,41033,59097,2906,88069,73788,443,388,7434,Nonprofit
380004,PROVIDENCE ST VINCENT MEDICAL CENTER,OR,1657.0,5,0.9482,high (4-6 conditions),PORTLAND,97225.0,WASHINGTON,Acute Care Hospitals,Voluntary non-profit - Private,Yes,41067,104434,1399,600266,367788,13009,1709,109211,Nonprofit
380007,LEGACY EMANUEL MEDICAL CENTER,OR,245.0,2,1.0017,medium (2-3 conditions),PORTLAND,97227.0,MULTNOMAH,Acute Care Hospitals,Voluntary non-profit - Private,Yes,41051,86247,1727,803863,532075,43024,3736,105204,Nonprofit
380009,OHSU HOSPITAL AND CLINICS,OR,517.0,3,0.9874,medium (2-3 conditions),PORTLAND,97239.0,MULTNOMAH,Acute Care Hospitals,Voluntary non-profit - Other,Yes,41051,86247,1727,803863,532075,43024,3736,105204,Nonprofit
380014,GOOD SAMARITAN REGIONAL MEDICAL CENTER,OR,597.0,3,0.9353,medium (2-3 conditions),CORVALLIS,97339.0,BENTON,Acute Care Hospitals,Voluntary non-profit - Private,Yes,41003,76011,3407,96359,74344,1163,428,8751,Nonprofit
380017,LEGACY GOOD SAMARITAN MEDICAL CENTER,OR,287.0,2,1.0144,medium (2-3 conditions),PORTLAND,97210.0,MULTNOMAH,Acute Care Hospitals,Voluntary non-profit - Private,Yes,41051,86247,1727,803863,532075,43024,3736,105204,Nonprofit
380018,ASANTE ROGUE REGIONAL MEDICAL CENTER,OR,1303.0,5,0.8593,high (4-6 conditions),MEDFORD,97504.0,JACKSON,Acute Care Hospitals,Voluntary non-profit - Private,Yes,41029,71443,1561,222563,172575,1415,876,31625,Nonprofit
380020,MCKENZIE-WILLAMETTE MEDICAL CENTER,OR,249.0,2,0.9721,medium (2-3 conditions),SPRINGFIELD,97477.0,LANE,Acute Care Hospitals,Voluntary non-profit - Private,Yes,41039,69311,1539,382628,301961,4060,2532,39044,Nonprofit
380021,HILLSBORO MEDICAL CENTER,OR,253.0,2,0.9814,medium (2-3 conditions),HILLSBORO,97123.0,WASHINGTON,Acute Care Hospitals,Voluntary non-profit - Private,Yes,41067,104434,1399,600266,367788,13009,1709,109211,Nonprofit
380025,LEGACY MOUNT HOOD MEDICAL CENTER,OR,283.0,2,0.9832,medium (2-3 conditions),GRESHAM,97030.0,MULTNOMAH,Acute Care Hospitals,Voluntary non-profit - Private,Yes,41051,86247,1727,803863,532075,43024,3736,105204,Nonprofit
380027,MERCY MEDICAL CENTER,OR,573.0,3,0.8593,medium (2-3 conditions),ROSEBURG,97471.0,DOUGLAS,Acute Care Hospitals,Government - Hospital District or Authority,Yes,41019,58983,1752,111807,95095,385,876,7133,Government
380037,PROVIDENCE NEWBERG MEDICAL CENTER,OR,137.0,1,0.8639,low (1 condition),NEWBERG,97132.0,YAMHILL,Acute Care Hospitals,Voluntary non-profit - Church,Yes,41071,87084,4086,108122,79868,760,759,18490,Nonprofit
380038,PROVIDENCE WILLAMETTE FALLS MEDICAL CENTER,OR,246.0,2,0.963,medium (2-3 conditions),OREGON CITY,97045.0,CLACKAMAS,Acute Care Hospitals,Voluntary non-profit - Private,Yes,41005,100360,2211,422308,327968,4270,1493,41314,Nonprofit
380047,ST CHARLES MEDICAL CENTER - BEND,OR,1619.0,4,0.8939,high (4-6 conditions),BEND,97701.0,DESCHUTES,Acute Care Hospitals,Voluntary non-profit - Private,Yes,41017,87640,2429,203026,171079,697,834,18140,Nonprofit
380050,SKY LAKES MEDICAL CENTER,OR,485.0,2,0.9332,medium (2-3 conditions),KLAMATH FALLS,97601.0,KLAMATH,Acute Care Hospitals,Voluntary non-profit - Private,Yes,41035,59353,3154,69812,52628,459,1902,9387,Nonprofit
380051,SALEM HOSPITAL,OR,1433.0,4,0.9508,high (4-6 conditions),SALEM,97301.0,MARION,Acute Care Hospitals,Voluntary non-profit - Other,Yes,41047,74624,1593,346532,214018,3758,1862,98133,Nonprofit
380052,SAINT ALPHONSUS MEDICAL CENTER ONTARIO,OR,57.0,1,1.0146,low (1 condition),ONTARIO,97914.0,MALHEUR,Acute Care Hospitals,Voluntary non-profit - Church,Yes,41045,49902,4655,31701,19291,305,195,10628,Nonprofit
380060,ADVENTIST HEALTH PORTLAND,OR,571.0,3,0.9421,medium (2-3 conditions),PORTLAND,97216.0,MULTNOMAH,Acute Care Hospitals,Voluntary non-profit - Church,Yes,41051,86247,1727,803863,532075,43024,3736,105204,Nonprofit
380061,PROVIDENCE PORTLAND MEDICAL CENTER,OR,679.0,3,0.9305,medium (2-3 conditions),PORTLAND,97213.0,MULTNOMAH,Acute Care Hospitals,Voluntary non-profit - Private,Yes,41051,86247,1727,803863,532075,43024,3736,105204,Nonprofit
380071,WILLAMETTE VALLEY MEDICAL CENTER,OR,310.0,3,0.984,medium (2-3 conditions),MCMINNVILLE,97128.0,YAMHILL,Acute Care Hospitals,Voluntary non-profit - Private,Yes,41071,87084,4086,108122,79868,760,759,18490,Nonprofit
380075,PROVIDENCE MEDFORD MEDICAL CENTER,OR,381.0,2,0.975,medium (2-3 conditions),MEDFORD,97504.0,JACKSON,Acute Care Hospitals,Voluntary non-profit - Church,Yes,41029,71443,1561,222563,172575,1415,876,31625,Nonprofit
380082,PROVIDENCE MILWAUKIE HOSPITAL,OR,113.0,1,0.9503,low (1 condition),MILWAUKIE,97222.0,CLACKAMAS,Acute Care Hospitals,Voluntary non-profit - Church,No,41005,100360,2211,422308,327968,4270,1493,41314,Nonprofit
380089,LEGACY MERIDIAN PARK MEDICAL CENTER,OR,355.0,2,0.9713,medium (2-3 conditions),TUALATIN,97062.0,WASHINGTON,Acute Care Hospitals,Voluntary non-profit - Private,Yes,41067,104434,1399,600266,367788,13009,1709,109211,Nonprofit
380090,BAY AREA HOSPITAL,OR,1026.0,4,1.0075,high (4-6 conditions),COOS BAY,97420.0,COOS,Acute Care Hospitals,Government - Hospital District or Authority,Yes,41011,60313,3431,64832,53793,253,1079,4540,Government
380102,SACRED HEART MEDICAL CENTER - RIVERBEND,OR,1813.0,5,0.9188,high (4-6 conditions),SPRINGFIELD,97477.0,LANE,Acute Care Hospitals,Voluntary non-profit - Private,Yes,41039,69311,1539,382628,301961,4060,2532,39044,Nonprofit
390001,GEISINGER-COMMUNITY MEDICAL CENTER,PA,1480.0,4,1.0217,high (4-6 conditions),SCRANTON,18510.0,LACKAWANNA,Acute Care Hospitals,Voluntary non-profit - Private,Yes,42069,64691,1612,215834,174964,6284,113,19782,Nonprofit
390002,UPMC MCKEESPORT HOSPITAL,PA,139.0,2,0.9954,medium (2-3 conditions),MC KEESPORT,15132.0,ALLEGHENY,Acute Care Hospitals,Voluntary non-profit - Private,Yes,42003,76393,842,1240476,944583,153668,692,34884,Nonprofit
390003,GEISINGER-BLOOMSBURG HOSPITAL,PA,74.0,1,1.0128,low (1 condition),BLOOMSBURG,17815.0,COLUMBIA,Acute Care Hospitals,Voluntary non-profit - Private,Yes,42037,61992,2529,65055,59223,1148,32,2393,Nonprofit
390004,PENN STATE HEALTH HOLY SPIRIT MEDICAL CENTER,PA,801.0,3,1.0197,medium (2-3 conditions),CAMP HILL,17011.0,CUMBERLAND,Acute Care Hospitals,Voluntary non-profit - Private,Yes,42041,85634,2746,264422,216597,10792,56,12913,Nonprofit
390006,GEISINGER MEDICAL CENTER,PA,1738.0,5,1.0345,high (4-6 conditions),DANVILLE,17822.0,MONTOUR,Acute Care Hospitals,Voluntary non-profit - Private,Yes,42093,72926,5600,18079,16194,430,18,531,Nonprofit
390009,SAINT VINCENT HOSPITAL,PA,1116.0,4,0.9922,high (4-6 conditions),ERIE,16544.0,ERIE,Acute Care Hospitals,Voluntary non-profit - Private,Yes,42049,61476,1408,269544,221949,17848,228,12487,Nonprofit
390012,JEFFERSON LANSDALE HOSPITAL,PA,809.0,3,1.0424,medium (2-3 conditions),LANSDALE,19446.0,MONTGOMERY,Acute Care Hospitals,Voluntary non-profit - Private,Yes,42091,111521,1430,861225,623261,78360,179,55791,Nonprofit
390013,WELLSPAN EVANGELICAL COMMUNITY HOSPITAL,PA,644.0,4,0.9515,high (4-6 conditions),LEWISBURG,17837.0,UNION,Acute Care Hospitals,Voluntary non-profit - Private,Yes,42119,72894,5156,42570,36667,2455,51,2093,Nonprofit
390016,UPMC JAMESON,PA,366.0,2,0.9895,medium (2-3 conditions),NEW CASTLE,16105.0,LAWRENCE,Acute Care Hospitals,Voluntary non-profit - Other,Yes,42073,60779,1899,85423,76593,3107,11,1756,Nonprofit
390026,TEMPLE HEALTH - CHESTNUT HILL HOSPITAL,PA,794.0,3,1.0126,medium (2-3 conditions),PHILADELPHIA,19118.0,PHILADELPHIA,Acute Care Hospitals,Voluntary non-profit - Private,Yes,42101,60698,763,1582432,531413,614807,2162,240543,Nonprofit
390027,TEMPLE UNIVERSITY HOSPITAL,PA,1531.0,4,1.0418,high (4-6 conditions),PHILADELPHIA,19140.0,PHILADELPHIA,Acute Care Hospitals,Voluntary non-profit - Private,Yes,42101,60698,763,1582432,531413,614807,2162,240543,Nonprofit
390028,UPMC MERCY,PA,249.0,3,0.9747,medium (2-3 conditions),PITTSBURGH,15219.0,ALLEGHENY,Acute Care Hospitals,Voluntary non-profit - Private,Yes,42003,76393,842,1240476,944583,153668,692,34884,Nonprofit
390030,SCHUYLKILL MEDICAL CENTER - SOUTH JACKSON STREET,PA,513.0,3,0.9855,medium (2-3 conditions),POTTSVILLE,17901.0,SCHUYLKILL,Acute Care Hospitals,Voluntary non-profit - Private,Yes,42107,66901,1609,143259,125559,3745,30,9744,Nonprofit
390032,ALLEGHENY VALLEY HOSPITAL,PA,259.0,2,1.0066,medium (2-3 conditions),NATRONA,15065.0,ALLEGHENY,Acute Care Hospitals,Voluntary non-profit - Private,Yes,42003,76393,842,1240476,944583,153668,692,34884,Nonprofit
390035,ST LUKE'S HOSPITAL - UPPER BUCKS CAMPUS,PA,475.0,2,1.0267,medium (2-3 conditions),QUAKERTOWN,18951.0,BUCKS,Acute Care Hospitals,Proprietary,Yes,42017,111951,1709,645993,522180,23017,220,40952,For-profit
390036,HERITAGE VALLEY BEAVER,PA,584.0,3,0.9792,medium (2-3 conditions),BEAVER,15009.0,BEAVER,Acute Care Hospitals,Voluntary non-profit - Private,Yes,42007,70156,1539,166993,145311,10236,78,3781,Nonprofit
390037,HERITAGE VALLEY SEWICKLEY,PA,249.0,2,0.9753,medium (2-3 conditions),SEWICKLEY,15143.0,ALLEGHENY,Acute Care Hospitals,Voluntary non-profit - Private,Yes,42003,76393,842,1240476,944583,153668,692,34884,Nonprofit
390041,UNIONTOWN HOSPITAL,PA,514.0,4,1.0248,high (4-6 conditions),UNIONTOWN,15401.0,FAYETTE,Acute Care Hospitals,Voluntary non-profit - Private,Yes,42051,56093,1567,126967,113795,5083,42,1707,Nonprofit
390042,"WASHINGTON HOSPITAL, THE",PA,444.0,3,1.0197,medium (2-3 conditions),WASHINGTON,15301.0,WASHINGTON,Acute Care Hospitals,Voluntary non-profit - Private,Yes,42125,77487,1747,209778,189092,6488,15,4115,Nonprofit
390044,READING HOSPITAL,PA,3354.0,6,1.0037,high (4-6 conditions),WEST READING,19611.0,BERKS,Acute Care Hospitals,Voluntary non-profit - Private,Yes,42011,77684,1522,429989,291378,16986,284,103077,Nonprofit
390045,UPMC WILLIAMSPORT,PA,1102.0,4,1.0112,high (4-6 conditions),WILLIAMSPORT,17701.0,LYCOMING,Acute Care Hospitals,Voluntary non-profit - Private,Yes,42081,64412,2266,113570,100609,4764,130,2562,Nonprofit
390046,WELLSPAN YORK HOSPITAL,PA,2255.0,5,0.9489,high (4-6 conditions),YORK,17403.0,YORK,Acute Care Hospitals,Voluntary non-profit - Private,Yes,42133,82238,1228,459312,367605,24941,195,41774,Nonprofit
390048,GEISINGER-LEWISTOWN HOSPITAL,PA,552.0,3,0.973,medium (2-3 conditions),LEWISTOWN,17044.0,MIFFLIN,Acute Care Hospitals,Voluntary non-profit - Private,Yes,42087,61415,1922,46074,43173,329,63,1001,Nonprofit
390049,ST LUKES HOSPITAL BETHLEHEM,PA,2686.0,6,1.0567,high (4-6 conditions),BETHLEHEM,18015.0,NORTHAMPTON,Acute Care Hospitals,Voluntary non-profit - Private,Yes,42095,86687,1637,315927,230785,16807,42,47075,Nonprofit
390050,ALLEGHENY GENERAL HOSPITAL,PA,828.0,4,1.0105,high (4-6 conditions),PITTSBURGH,15212.0,ALLEGHENY,Acute Care Hospitals,Voluntary non-profit - Private,Yes,42003,76393,842,1240476,944583,153668,692,34884,Nonprofit
390056,PENN HIGHLANDS HUNTINGDON,PA,163.0,2,0.9966,medium (2-3 conditions),HUNTINGDON,16652.0,HUNTINGDON,Acute Care Hospitals,Voluntary non-profit - Private,Yes,42061,65429,3008,43844,39252,2098,37,885,Nonprofit
390057,ST LUKE'S HOSPITAL - GRAND VIEW CAMPUS,PA,816.0,4,0.9908,high (4-6 conditions),SELLERSVILLE,18960.0,BUCKS,Acute Care Hospitals,Voluntary non-profit - Other,Yes,42017,111951,1709,645993,522180,23017,220,40952,Nonprofit
390058,UPMC CARLISLE,PA,539.0,3,1.0024,medium (2-3 conditions),CARLISLE,17015.0,CUMBERLAND,Acute Care Hospitals,Voluntary non-profit - Private,Yes,42041,85634,2746,264422,216597,10792,56,12913,Nonprofit
390062,CONEMAUGH NASON MEDICAL CENTER,PA,77.0,1,0.9748,low (1 condition),ROARING SPRING,16673.0,BLAIR,Acute Care Hospitals,Voluntary non-profit - Other,Yes,42013,60594,1783,121854,112799,2053,80,1781,Nonprofit
390063,UPMC HAMOT,PA,1325.0,5,1.0313,high (4-6 conditions),ERIE,16550.0,ERIE,Acute Care Hospitals,Voluntary non-profit - Private,Yes,42049,61476,1408,269544,221949,17848,228,12487,Nonprofit
390065,GETTYSBURG HOSPITAL,PA,777.0,4,0.8971,high (4-6 conditions),GETTYSBURG,17325.0,ADAMS,Acute Care Hospitals,Voluntary non-profit - Private,Yes,42001,81071,2227,105183,92050,1727,33,7919,Nonprofit
390066,WELLSPAN GOOD SAMARITAN HOSPITAL,PA,605.0,2,0.9687,medium (2-3 conditions),LEBANON,17042.0,LEBANON,Acute Care Hospitals,Voluntary non-profit - Private,Yes,42075,76350,2027,143592,113909,2594,37,21113,Nonprofit
390067,UPMC PINNACLE HOSPITALS,PA,3193.0,6,0.9919,high (4-6 conditions),HARRISBURG,17104.0,DAUPHIN,Acute Care Hospitals,Voluntary non-profit - Private,Yes,42043,74159,1698,287484,177455,47982,241,32425,Nonprofit
390068,UPMC LITITZ,PA,121.0,1,1.0305,low (1 condition),LITITZ,17543.0,LANCASTER,Acute Care Hospitals,Voluntary non-profit - Other,Yes,42071,83703,1740,555151,442954,18912,253,62574,Nonprofit
390070,LOWER BUCKS HOSPITAL,PA,70.0,1,1.0533,low (1 condition),BRISTOL,19007.0,BUCKS,Acute Care Hospitals,Voluntary non-profit - Private,Yes,42017,111951,1709,645993,522180,23017,220,40952,Nonprofit
390073,UPMC ALTOONA,PA,932.0,4,0.9406,high (4-6 conditions),ALTOONA,16601.0,BLAIR,Acute Care Hospitals,Voluntary non-profit - Private,Yes,42013,60594,1783,121854,112799,2053,80,1781,Nonprofit
390079,ROBERT PACKER HOSPITAL,PA,1301.0,4,0.9828,high (4-6 conditions),SAYRE,18840.0,BRADFORD,Acute Care Hospitals,Voluntary non-profit - Private,Yes,42015,62482,2505,59971,56707,549,33,942,Nonprofit
390086,PENN HIGHLANDS DUBOIS,PA,1000.0,4,0.9299,high (4-6 conditions),DUBOIS,15801.0,CLEARFIELD,Acute Care Hospitals,Voluntary non-profit - Private,Yes,42033,60181,1906,78902,72939,1571,16,2271,Nonprofit
390090,WEST PENN HOSPITAL,PA,63.0,1,1.0109,low (1 condition),PITTSBURGH,15224.0,ALLEGHENY,Acute Care Hospitals,Voluntary non-profit - Private,Yes,42003,76393,842,1240476,944583,153668,692,34884,Nonprofit
390091,UPMC NORTHWEST,PA,487.0,3,1.0278,medium (2-3 conditions),SENECA,16346.0,VENANGO,Acute Care Hospitals,Voluntary non-profit - Other,Yes,42121,61626,2362,50096,47095,532,10,587,Nonprofit
390093,CLARION HOSPITAL,PA,68.0,1,0.9868,low (1 condition),CLARION,16214.0,CLARION,Acute Care Hospitals,Voluntary non-profit - Private,Yes,42031,60668,2536,37297,35266,634,4,414,Nonprofit
390096,PENN STATE HEALTH ST. JOSEPH,PA,847.0,3,1.0076,medium (2-3 conditions),READING,19605.0,BERKS,Acute Care Hospitals,Voluntary non-profit - Private,Yes,42011,77684,1522,429989,291378,16986,284,103077,Nonprofit
390097,HOLY REDEEMER HOSPITAL AND MEDICAL CENTER,PA,1346.0,5,1.0288,high (4-6 conditions),MEADOWBROOK,19046.0,MONTGOMERY,Acute Care Hospitals,Voluntary non-profit - Church,Yes,42091,111521,1430,861225,623261,78360,179,55791,Nonprofit
390100,LANCASTER GENERAL HOSPITAL,PA,3028.0,6,0.921,high (4-6 conditions),LANCASTER,17602.0,LANCASTER,Acute Care Hospitals,Voluntary non-profit - Private,Yes,42071,83703,1740,555151,442954,18912,253,62574,Nonprofit
390101,UPMC MEMORIAL,PA,464.0,3,1.0108,medium (2-3 conditions),YORK,17408.0,YORK,Acute Care Hospitals,Voluntary non-profit - Private,Yes,42133,82238,1228,459312,367605,24941,195,41774,Nonprofit
390102,UPMC ST MARGARET,PA,611.0,3,1.1552,medium (2-3 conditions),PITTSBURGH,15215.0,ALLEGHENY,Acute Care Hospitals,Voluntary non-profit - Private,Yes,42003,76393,842,1240476,944583,153668,692,34884,Nonprofit
390107,UPMC PASSAVANT,PA,1010.0,4,0.997,high (4-6 conditions),PITTSBURGH,15237.0,ALLEGHENY,Acute Care Hospitals,Voluntary non-profit - Private,Yes,42003,76393,842,1240476,944583,153668,692,34884,Nonprofit
390110,CONEMAUGH MEMORIAL MEDICAL CENTER,PA,613.0,3,1.0661,medium (2-3 conditions),JOHNSTOWN,15905.0,CAMBRIA,Acute Care Hospitals,Proprietary,Yes,42021,56292,1713,132355,120233,3866,65,2646,For-profit
390111,HOSPITAL OF UNIV OF PENNSYLVANIA,PA,1463.0,5,0.9995,high (4-6 conditions),PHILADELPHIA,19104.0,PHILADELPHIA,Acute Care Hospitals,Voluntary non-profit - Private,Yes,42101,60698,763,1582432,531413,614807,2162,240543,Nonprofit
390112,CHAN SOON- SHIONG MEDICAL CENTER AT WINDBER,PA,53.0,1,1.0257,low (1 condition),WINDBER,15963.0,SOMERSET,Acute Care Hospitals,Voluntary non-profit - Private,Yes,42111,59378,1484,73255,68699,1387,62,1096,Nonprofit
390113,MEADVILLE MEDICAL CENTER,PA,415.0,2,0.9795,medium (2-3 conditions),MEADVILLE,16335.0,CRAWFORD,Acute Care Hospitals,Voluntary non-profit - Private,Yes,42039,60254,1974,83189,77677,1308,32,1269,Nonprofit
390115,JEFFERSON HEALTH- NORTHEAST,PA,2126.0,6,1.1374,high (4-6 conditions),PHILADELPHIA,19114.0,PHILADELPHIA,Acute Care Hospitals,Voluntary non-profit - Private,Yes,42101,60698,763,1582432,531413,614807,2162,240543,Nonprofit
390116,SUBURBAN COMMUNITY HOSPITAL,PA,187.0,2,0.9936,medium (2-3 conditions),NORRISTOWN,19401.0,MONTGOMERY,Acute Care Hospitals,Voluntary non-profit - Private,Yes,42091,111521,1430,861225,623261,78360,179,55791,Nonprofit
390117,UPMC BEDFORD MEMORIAL,PA,142.0,1,1.0044,low (1 condition),EVERETT,15537.0,BEDFORD,Acute Care Hospitals,Voluntary non-profit - Private,Yes,42009,60302,2592,47503,45546,364,36,567,Nonprofit
390123,POTTSTOWN HOSPITAL,PA,612.0,3,1.0029,medium (2-3 conditions),POTTSTOWN,19464.0,MONTGOMERY,Acute Care Hospitals,Voluntary non-profit - Private,Yes,42091,111521,1430,861225,623261,78360,179,55791,Nonprofit
390125,WAYNE MEMORIAL HOSPITAL,PA,569.0,3,0.97,medium (2-3 conditions),HONESDALE,18431.0,WAYNE,Acute Care Hospitals,Voluntary non-profit - Private,Yes,42127,62182,2779,51189,45199,1473,25,2528,Nonprofit
390127,PHOENIXVILLE HOSPITAL,PA,919.0,4,1.1036,high (4-6 conditions),PHOENIXVILLE,19460.0,CHESTER,Acute Care Hospitals,Voluntary non-profit - Private,Yes,42029,123041,2646,540896,412488,26638,128,44329,Nonprofit
390133,LEHIGH VALLEY HOSPITAL,PA,5973.0,6,1.0901,high (4-6 conditions),ALLENTOWN,18103.0,LEHIGH,Acute Care Hospitals,Voluntary non-profit - Private,Yes,42077,77493,2229,375408,226834,22525,208,101194,Nonprofit
390137,WILKES-BARRE GENERAL HOSPITAL,PA,1328.0,4,1.0009,high (4-6 conditions),WILKES-BARRE,18764.0,LUZERNE,Acute Care Hospitals,Proprietary,Yes,42079,62321,1298,325978,247469,13279,74,51917,For-profit
390138,WELLSPAN WAYNESBORO HOSPITAL,PA,333.0,3,0.9949,medium (2-3 conditions),WAYNESBORO,17268.0,FRANKLIN,Acute Care Hospitals,Voluntary non-profit - Private,Yes,42055,74946,1764,156626,133129,4875,46,11218,Nonprofit
390139,BRYN MAWR HOSPITAL,PA,2090.0,5,1.0524,high (4-6 conditions),BRYN MAWR,19010.0,MONTGOMERY,Acute Care Hospitals,Voluntary non-profit - Private,Yes,42091,111521,1430,861225,623261,78360,179,55791,Nonprofit
390142,JEFFERSON EINSTEIN PHILADELPHIA HOSPITAL,PA,589.0,4,1.0284,high (4-6 conditions),PHILADELPHIA,19141.0,PHILADELPHIA,Acute Care Hospitals,Voluntary non-profit - Other,Yes,42101,60698,763,1582432,531413,614807,2162,240543,Nonprofit
390145,EXCELA HEALTH WESTMORELAND REGIONAL HOSPITAL,PA,1167.0,5,1.0973,high (4-6 conditions),GREENSBURG,15601.0,WESTMORELAND,Acute Care Hospitals,Voluntary non-profit - Other,Yes,42129,72468,1522,353345,325058,8578,67,5402,Nonprofit
390146,WARREN GENERAL HOSPITAL,PA,204.0,2,1.0525,medium (2-3 conditions),WARREN,16365.0,WARREN,Acute Care Hospitals,Voluntary non-profit - Private,Yes,42123,59013,2552,38174,36210,292,18,453,Nonprofit
390147,PENN HIGHLANDS MON VALLEY,PA,87.0,1,1.0978,low (1 condition),MONONGAHELA,15063.0,WASHINGTON,Acute Care Hospitals,Voluntary non-profit - Private,Yes,42125,77487,1747,209778,189092,6488,15,4115,Nonprofit
390151,WELLSPAN CHAMBERSBURG HOSPITAL,PA,1539.0,4,0.9822,high (4-6 conditions),CHAMBERSBURG,17201.0,FRANKLIN,Acute Care Hospitals,Voluntary non-profit - Private,Yes,42055,74946,1764,156626,133129,4875,46,11218,Nonprofit
390153,PAOLI HOSPITAL,PA,1978.0,4,0.9754,high (4-6 conditions),PAOLI,19301.0,CHESTER,Acute Care Hospitals,Voluntary non-profit - Private,Yes,42029,123041,2646,540896,412488,26638,128,44329,Nonprofit
390156,MERCY CATHOLIC MEDICAL CENTER- MERCY FITZGERALD,PA,391.0,3,1.0771,medium (2-3 conditions),DARBY,19023.0,DELAWARE,Acute Care Hospitals,Voluntary non-profit - Private,Yes,42045,88576,1853,576195,364839,125246,271,27733,Nonprofit
390160,CANONSBURG GENERAL HOSPITAL,PA,136.0,2,1.0071,medium (2-3 conditions),CANONSBURG,15317.0,WASHINGTON,Acute Care Hospitals,Voluntary non-profit - Private,Yes,42125,77487,1747,209778,189092,6488,15,4115,Nonprofit
390162,ST LUKE'S HOSPITAL - EASTON CAMPUS,PA,90.0,1,0.9904,low (1 condition),EASTON,18042.0,NORTHAMPTON,Acute Care Hospitals,Voluntary non-profit - Private,Yes,42095,86687,1637,315927,230785,16807,42,47075,Nonprofit
390163,ACMH HOSPITAL,PA,78.0,1,1.112,low (1 condition),KITTANNING,16201.0,ARMSTRONG,Acute Care Hospitals,Voluntary non-profit - Private,Yes,42005,64295,2808,65069,62165,627,5,580,Nonprofit
390164,UPMC PRESBYTERIAN SHADYSIDE,PA,1402.0,5,1.0116,high (4-6 conditions),PITTSBURGH,15213.0,ALLEGHENY,Acute Care Hospitals,Voluntary non-profit - Private,Yes,42003,76393,842,1240476,944583,153668,692,34884,Nonprofit
390168,INDEPENDENCE HEALTH SYSTEM BUTLER MEMORIAL HOSPITA,PA,629.0,4,0.971,high (4-6 conditions),BUTLER,16001.0,BUTLER,Acute Care Hospitals,Voluntary non-profit - Private,Yes,42019,86775,2932,195870,182173,2006,38,3799,Nonprofit
390173,INDIANA REGIONAL MEDICAL CENTER,PA,254.0,2,1.0391,medium (2-3 conditions),INDIANA,15701.0,INDIANA,Acute Care Hospitals,Voluntary non-profit - Private,Yes,42063,58739,2243,83213,76494,1941,14,1482,Nonprofit
390174,THOMAS JEFFERSON UNIVERSITY HOSPITAL,PA,1925.0,6,1.1277,high (4-6 conditions),PHILADELPHIA,19107.0,PHILADELPHIA,Acute Care Hospitals,Voluntary non-profit - Private,Yes,42101,60698,763,1582432,531413,614807,2162,240543,Nonprofit
390178,UPMC HORIZON,PA,227.0,2,1.0043,medium (2-3 conditions),GREENVILLE,16125.0,MERCER,Acute Care Hospitals,Voluntary non-profit - Private,Yes,42085,60614,2091,109852,97305,6015,76,1751,Nonprofit
390179,CHESTER COUNTY HOSPITAL,PA,2250.0,4,0.9662,high (4-6 conditions),WEST CHESTER,19380.0,CHESTER,Acute Care Hospitals,Voluntary non-profit - Private,Yes,42029,123041,2646,540896,412488,26638,128,44329,Nonprofit
390180,CROZER CHESTER MEDICAL CENTER,PA,808.0,4,1.0025,high (4-6 conditions),UPLAND,19013.0,DELAWARE,Acute Care Hospitals,Voluntary non-profit - Other,Yes,42045,88576,1853,576195,364839,125246,271,27733,Nonprofit
390183,ST LUKE'S MINERS MEMORIAL HOSPITAL,PA,440.0,3,1.0355,medium (2-3 conditions),COALDALE,18218.0,SCHUYLKILL,Acute Care Hospitals,Voluntary non-profit - Private,Yes,42107,66901,1609,143259,125559,3745,30,9744,Nonprofit
390185,LEHIGH VALLEY HOSPITAL - HAZLETON,PA,664.0,3,0.9241,medium (2-3 conditions),HAZLETON,18201.0,LUZERNE,Acute Care Hospitals,Voluntary non-profit - Other,Yes,42079,62321,1298,325978,247469,13279,74,51917,Nonprofit
390195,MAIN LINE HOSPITAL LANKENAU,PA,2315.0,5,0.9791,high (4-6 conditions),WYNNEWOOD,19096.0,MONTGOMERY,Acute Care Hospitals,Voluntary non-profit - Private,Yes,42091,111521,1430,861225,623261,78360,179,55791,Nonprofit
390201,LEHIGH VALLEY HOSPITAL - POCONO,PA,854.0,4,1.0078,high (4-6 conditions),EAST STROUDSBURG,18301.0,MONROE,Acute Care Hospitals,Voluntary non-profit - Private,Yes,42089,82374,2758,167784,102633,21849,164,29702,Nonprofit
390203,DOYLESTOWN HOSPITAL,PA,2977.0,6,1.0346,high (4-6 conditions),DOYLESTOWN,18901.0,BUCKS,Acute Care Hospitals,Voluntary non-profit - Private,Yes,42017,111951,1709,645993,522180,23017,220,40952,Nonprofit
390204,NAZARETH HOSPITAL,PA,597.0,3,0.9572,medium (2-3 conditions),PHILADELPHIA,19152.0,PHILADELPHIA,Acute Care Hospitals,Voluntary non-profit - Private,Yes,42101,60698,763,1582432,531413,614807,2162,240543,Nonprofit
390211,SHARON REGIONAL MEDICAL CENTER,PA,301.0,2,1.0205,medium (2-3 conditions),SHARON,16146.0,MERCER,Acute Care Hospitals,Proprietary,Yes,42085,60614,2091,109852,97305,6015,76,1751,For-profit
390217,EXCELA HEALTH - FRICK HOSPITAL,PA,163.0,2,0.9649,medium (2-3 conditions),MOUNT PLEASANT,15666.0,WESTMORELAND,Acute Care Hospitals,Voluntary non-profit - Other,Yes,42129,72468,1522,353345,325058,8578,67,5402,Nonprofit
390219,EXCELA HEALTH LATROBE HOSPITAL,PA,319.0,2,0.9819,medium (2-3 conditions),LATROBE,15650.0,WESTMORELAND,Acute Care Hospitals,Voluntary non-profit - Private,Yes,42129,72468,1522,353345,325058,8578,67,5402,Nonprofit
390222,RIDDLE MEMORIAL HOSPITAL,PA,1893.0,5,1.0365,high (4-6 conditions),MEDIA,19063.0,DELAWARE,Acute Care Hospitals,Voluntary non-profit - Private,Yes,42045,88576,1853,576195,364839,125246,271,27733,Nonprofit
390223,PENN PRESBYTERIAN MEDICAL CENTER,PA,1668.0,6,0.898,high (4-6 conditions),PHILADELPHIA,19104.0,PHILADELPHIA,Acute Care Hospitals,Voluntary non-profit - Other,Yes,42101,60698,763,1582432,531413,614807,2162,240543,Nonprofit
390225,WELLSPAN EPHRATA COMMUNITY HOSPITAL,PA,410.0,2,0.8843,medium (2-3 conditions),EPHRATA,17522.0,LANCASTER,Acute Care Hospitals,Voluntary non-profit - Other,Yes,42071,83703,1740,555151,442954,18912,253,62574,Nonprofit
390226,PENNSYLVANIA HOSPITAL,PA,588.0,3,1.0241,medium (2-3 conditions),PHILADELPHIA,19107.0,PHILADELPHIA,Acute Care Hospitals,Voluntary non-profit - Private,Yes,42101,60698,763,1582432,531413,614807,2162,240543,Nonprofit
390228,ST CLAIR HOSPITAL,PA,1148.0,4,1.0144,high (4-6 conditions),PITTSBURGH,15243.0,ALLEGHENY,Acute Care Hospitals,Voluntary non-profit - Private,Yes,42003,76393,842,1240476,944583,153668,692,34884,Nonprofit
390231,JEFFERSON ABINGTON HOSPITAL,PA,2747.0,5,1.1057,high (4-6 conditions),ABINGTON,19001.0,MONTGOMERY,Acute Care Hospitals,Voluntary non-profit - Private,Yes,42091,111521,1430,861225,623261,78360,179,55791,Nonprofit
390233,UPMC HANOVER,PA,1010.0,4,0.9784,high (4-6 conditions),HANOVER,17331.0,YORK,Acute Care Hospitals,Voluntary non-profit - Private,Yes,42133,82238,1228,459312,367605,24941,195,41774,Nonprofit
390237,REGIONAL HOSPITAL OF SCRANTON,PA,1710.0,4,1.0305,high (4-6 conditions),SCRANTON,18501.0,LACKAWANNA,Acute Care Hospitals,Proprietary,Yes,42069,64691,1612,215834,174964,6284,113,19782,For-profit
390256,MILTON S HERSHEY MEDICAL CENTER,PA,1128.0,4,1.009,high (4-6 conditions),HERSHEY,17033.0,DAUPHIN,Acute Care Hospitals,Voluntary non-profit - Private,Yes,42043,74159,1698,287484,177455,47982,241,32425,Nonprofit
390258,ST MARY MEDICAL CENTER,PA,2401.0,6,1.0831,high (4-6 conditions),LANGHORNE,19047.0,BUCKS,Acute Care Hospitals,Voluntary non-profit - Private,Yes,42017,111951,1709,645993,522180,23017,220,40952,Nonprofit
390265,JEFFERSON HOSPITAL,PA,825.0,4,1.0045,high (4-6 conditions),JEFFERSON HILLS,15025.0,ALLEGHENY,Acute Care Hospitals,Voluntary non-profit - Private,Yes,42003,76393,842,1240476,944583,153668,692,34884,Nonprofit
390267,FORBES HOSPITAL,PA,853.0,4,1.0284,high (4-6 conditions),MONROEVILLE,15146.0,ALLEGHENY,Acute Care Hospitals,Voluntary non-profit - Private,Yes,42003,76393,842,1240476,944583,153668,692,34884,Nonprofit
390268,MOUNT NITTANY MEDICAL CENTER,PA,895.0,4,1.007,high (4-6 conditions),STATE COLLEGE,16803.0,CENTRE,Acute Care Hospitals,Voluntary non-profit - Private,Yes,42027,72748,1937,158041,131999,5073,178,5630,Nonprofit
390270,GEISINGER WYOMING VALLEY MEDICAL CENTER,PA,1599.0,4,1.0202,high (4-6 conditions),WILKES BARRE,18711.0,LUZERNE,Acute Care Hospitals,Voluntary non-profit - Private,Yes,42079,62321,1298,325978,247469,13279,74,51917,Nonprofit
390304,ROXBOROUGH MEMORIAL HOSPITAL,PA,151.0,2,0.9821,medium (2-3 conditions),PHILADELPHIA,19128.0,PHILADELPHIA,Acute Care Hospitals,Proprietary,Yes,42101,60698,763,1582432,531413,614807,2162,240543,For-profit
390316,SURGICAL INSTITUTE OF READING,PA,241.0,1,1.3097,low (1 condition),WYOMISSING,19610.0,BERKS,Acute Care Hospitals,Physician,No,42011,77684,1522,429989,291378,16986,284,103077,Physician-owned
390322,ROTHMAN ORTHOPAEDIC SPECIALTY HOSPITAL,PA,720.0,1,0.7084,low (1 condition),BENSALEM,19020.0,BUCKS,Acute Care Hospitals,Proprietary,No,42017,111951,1709,645993,522180,23017,220,40952,For-profit
390325,OSS ORTHOPAEDIC HOSPITAL,PA,811.0,1,0.6843,low (1 condition),YORK,17402.0,YORK,Acute Care Hospitals,Proprietary,No,42133,82238,1228,459312,367605,24941,195,41774,For-profit
390328,UPMC EAST,PA,419.0,2,1.0134,medium (2-3 conditions),MONROEVILLE,15146.0,ALLEGHENY,Acute Care Hospitals,Voluntary non-profit - Private,Yes,42003,76393,842,1240476,944583,153668,692,34884,Nonprofit
390329,JEFFERSON EINSTEIN MONTGOMERY HOSPITAL,PA,1171.0,4,1.0376,high (4-6 conditions),EAST NORRITON,19403.0,MONTGOMERY,Acute Care Hospitals,Voluntary non-profit - Private,Yes,42091,111521,1430,861225,623261,78360,179,55791,Nonprofit
390330,ST LUKE'S HOSPITAL - MONROE CAMPUS,PA,838.0,3,1.079,medium (2-3 conditions),STROUDSBURG,18360.0,MONROE,Acute Care Hospitals,Voluntary non-profit - Private,Yes,42089,82374,2758,167784,102633,21849,164,29702,Nonprofit
390332,GEISINGER ST. LUKE'S  HOSPITAL,PA,499.0,2,1.0291,medium (2-3 conditions),ORWIGSBURG,17961.0,SCHUYLKILL,Acute Care Hospitals,Voluntary non-profit - Private,No,42107,66901,1609,143259,125559,3745,30,9744,Nonprofit
390334,AHN WEXFORD HOSPITAL,PA,301.0,2,0.984,medium (2-3 conditions),WEXFORD,15090.0,ALLEGHENY,Acute Care Hospitals,Voluntary non-profit - Private,Yes,42003,76393,842,1240476,944583,153668,692,34884,Nonprofit
390335,ST LUKE'S HOSPITAL - CARBON CAMPUS,PA,458.0,3,1.0231,medium (2-3 conditions),LEHIGHTON,18235.0,CARBON,Acute Care Hospitals,Voluntary non-profit - Private,Yes,42025,67877,3574,65191,57866,1193,52,4154,Nonprofit
390336,PENN STATE HEALTH HAMPDEN MEDICAL CENTER,PA,210.0,2,1.005,medium (2-3 conditions),ENOLA,17025.0,CUMBERLAND,Acute Care Hospitals,Voluntary non-profit - Private,Yes,42041,85634,2746,264422,216597,10792,56,12913,Nonprofit
390339,PENN STATE HEALTH LANCASTER MEDICAL CENTER,PA,92.0,1,1.0132,low (1 condition),LANCASTER,17601.0,LANCASTER,Acute Care Hospitals,Voluntary non-profit - Private,Yes,42071,83703,1740,555151,442954,18912,253,62574,Nonprofit
410004,ROGER WILLIAMS MEDICAL CENTER,RI,204.0,2,0.9484,medium (2-3 conditions),PROVIDENCE,2908.0,PROVIDENCE,Acute Care Hospitals,Proprietary,Yes,44007,78204,1588,658977,379663,47246,1219,164093,For-profit
410005,OUR LADY OF FATIMA HOSPITAL,RI,286.0,2,0.9797,medium (2-3 conditions),NORTH PROVIDENCE,2904.0,PROVIDENCE,Acute Care Hospitals,Proprietary,Yes,44007,78204,1588,658977,379663,47246,1219,164093,For-profit
410006,NEWPORT HOSPITAL,RI,520.0,3,0.9554,medium (2-3 conditions),NEWPORT,2840.0,NEWPORT,Acute Care Hospitals,Voluntary non-profit - Private,Yes,44005,100859,4693,85095,70856,2927,144,5583,Nonprofit
410007,RHODE ISLAND HOSPITAL,RI,1464.0,4,0.9883,high (4-6 conditions),PROVIDENCE,2902.0,PROVIDENCE,Acute Care Hospitals,Voluntary non-profit - Private,Yes,44007,78204,1588,658977,379663,47246,1219,164093,Nonprofit
410008,SOUTH COUNTY HOSPITAL INC,RI,1071.0,4,1.0127,high (4-6 conditions),WAKEFIELD,2879.0,WASHINGTON,Acute Care Hospitals,Voluntary non-profit - Private,Yes,44009,102478,3373,130073,116578,1524,252,4808,Nonprofit
410009,KENT COUNTY MEMORIAL HOSPITAL,RI,1513.0,4,1.013,high (4-6 conditions),WARWICK,2886.0,KENT,Acute Care Hospitals,Proprietary,Yes,44003,91278,2325,170658,144551,3025,95,10976,For-profit
410011,LANDMARK MEDICAL CENTER,RI,509.0,4,1.081,high (4-6 conditions),WOONSOCKET,2895.0,PROVIDENCE,Acute Care Hospitals,Voluntary non-profit - Private,Yes,44007,78204,1588,658977,379663,47246,1219,164093,Nonprofit
410012,THE MIRIAM HOSPITAL,RI,1885.0,4,0.9587,high (4-6 conditions),PROVIDENCE,2906.0,PROVIDENCE,Acute Care Hospitals,Voluntary non-profit - Private,Yes,44007,78204,1588,658977,379663,47246,1219,164093,Nonprofit
410013,WESTERLY HOSPITAL,RI,461.0,2,0.9507,medium (2-3 conditions),WESTERLY,2891.0,WASHINGTON,Acute Care Hospitals,Voluntary non-profit - Private,Yes,44009,102478,3373,130073,116578,1524,252,4808,Nonprofit
420002,PIEDMONT MEDICAL CENTER,SC,1475.0,4,0.9978,high (4-6 conditions),ROCK HILL,29732.0,YORK,Acute Care Hospitals,Proprietary,Yes,45091,83060,2983,288559,193671,53435,1216,20331,For-profit
420004,MUSC MEDICAL CENTER,SC,1769.0,5,1.0419,high (4-6 conditions),CHARLESTON,29425.0,CHARLESTON,Acute Care Hospitals,Government - Hospital District or Authority,Yes,45019,84320,1939,414711,266718,97371,280,29019,Government
420005,MCLEOD MEDICAL CENTER - DILLON,SC,197.0,2,1.0667,medium (2-3 conditions),DILLON,29536.0,DILLON,Acute Care Hospitals,Voluntary non-profit - Private,Yes,45033,44038,2502,28031,12536,12806,572,931,Nonprofit
420007,SPARTANBURG MEDICAL CENTER,SC,2553.0,5,0.979,high (4-6 conditions),SPARTANBURG,29303.0,SPARTANBURG,Acute Care Hospitals,Government - Hospital District or Authority,Yes,45083,64195,1482,338096,222196,66690,355,29892,Government
420009,PRISMA HEALTH OCONEE MEMORIAL HOSPITAL,SC,802.0,3,1.0349,medium (2-3 conditions),SENECA,29672.0,OCONEE,Acute Care Hospitals,Voluntary non-profit - Private,Yes,45073,60193,4091,79566,66463,5345,63,4642,Nonprofit
420010,CAROLINA PINES REGIONAL MEDICAL CENTER,SC,303.0,2,1.1053,medium (2-3 conditions),HARTSVILLE,29550.0,DARLINGTON,Acute Care Hospitals,Proprietary,Yes,45031,47419,3243,62754,33575,25647,108,1486,For-profit
420015,PRISMA HEALTH BAPTIST EASLEY HOSPITAL,SC,480.0,3,0.9558,medium (2-3 conditions),EASLEY,29640.0,PICKENS,Acute Care Hospitals,Voluntary non-profit - Private,Yes,45077,59411,2628,132604,110572,8084,109,6809,Nonprofit
420018,PRISMA HEALTH RICHLAND HOSPITAL,SC,1637.0,5,0.9656,high (4-6 conditions),COLUMBIA,29203.0,RICHLAND,Acute Care Hospitals,Voluntary non-profit - Private,Yes,45079,61699,1088,418725,166868,196182,423,26339,Nonprofit
420020,TIDELANDS GEORGETOWN MEMORIAL HOSPITAL,SC,447.0,3,1.0262,medium (2-3 conditions),GEORGETOWN,29440.0,GEORGETOWN,Acute Care Hospitals,Voluntary non-profit - Private,Yes,45043,66734,3507,64200,42158,18448,83,2259,Nonprofit
420023,ST FRANCIS-DOWNTOWN,SC,2168.0,6,0.9548,high (4-6 conditions),GREENVILLE,29601.0,GREENVILLE,Acute Care Hospitals,Voluntary non-profit - Private,Yes,45045,74624,1577,537575,353665,88076,417,60182,Nonprofit
420026,MUSC HEALTH COLUMBIA MEDICAL CENTER DOWNTOWN,SC,1191.0,4,0.976,high (4-6 conditions),COLUMBIA,29204.0,RICHLAND,Acute Care Hospitals,Voluntary non-profit - Private,Yes,45079,61699,1088,418725,166868,196182,423,26339,Nonprofit
420027,ANMED HEALTH,SC,1842.0,4,0.9912,high (4-6 conditions),ANDERSON,29621.0,ANDERSON,Acute Care Hospitals,Voluntary non-profit - Private,Yes,45007,64683,2298,207218,156437,28084,883,10188,Nonprofit
420030,COLLETON MEDICAL CENTER,SC,230.0,2,1.0254,medium (2-3 conditions),WALTERBORO,29488.0,COLLETON,Acute Care Hospitals,Proprietary,Yes,45029,48779,1834,38623,21845,13350,128,1562,For-profit
420033,PRISMA HEALTH GREER MEMORIAL HOSPITAL,SC,399.0,2,0.9002,medium (2-3 conditions),SPARTANBURG,29306.0,SPARTANBURG,Acute Care Hospitals,Voluntary non-profit - Private,Yes,45083,64195,1482,338096,222196,66690,355,29892,Nonprofit
420036,MUSC HEALTH LANCASTER MEDICAL CENTER,SC,329.0,3,0.9992,medium (2-3 conditions),LANCASTER,29720.0,LANCASTER,Acute Care Hospitals,Proprietary,Yes,45057,74751,4111,100905,68819,19558,121,7062,For-profit
420037,PRISMA HEALTH HILLCREST HOSPITAL,SC,265.0,2,0.9681,medium (2-3 conditions),SIMPSONVILLE,29681.0,GREENVILLE,Acute Care Hospitals,Voluntary non-profit - Private,Yes,45045,74624,1577,537575,353665,88076,417,60182,Nonprofit
420038,PRISMA HEALTH LAURENS COUNTY HOSPITAL,SC,278.0,2,1.0174,medium (2-3 conditions),CLINTON,29325.0,LAURENS,Acute Care Hospitals,Voluntary non-profit - Private,Yes,45059,55517,3052,67904,44665,15594,33,4303,Nonprofit
420043,CHEROKEE MEDICAL CENTER,SC,35.0,1,1.064,low (1 condition),GAFFNEY,29340.0,CHEROKEE,Acute Care Hospitals,Government - Hospital District or Authority,Yes,45021,49047,2478,56299,39434,10575,131,2944,Government
420048,KERSHAWHEALTH,SC,338.0,3,0.9357,medium (2-3 conditions),CAMDEN,29020.0,KERSHAW,Acute Care Hospitals,Proprietary,Yes,45055,64343,3525,66924,44664,15657,90,3744,For-profit
420049,CONWAY MEDICAL CENTER,SC,739.0,3,1.0689,medium (2-3 conditions),CONWAY,29526.0,HORRY,Acute Care Hospitals,Voluntary non-profit - Private,Yes,45051,64623,1669,368937,280046,43355,450,25961,Nonprofit
420051,MCLEOD REGIONAL MEDICAL CENTER-PEE DEE,SC,2547.0,5,1.084,high (4-6 conditions),FLORENCE,29506.0,FLORENCE,Acute Care Hospitals,Voluntary non-profit - Private,Yes,45041,56650,2787,136921,68272,58691,136,4391,Nonprofit
420053,NEWBERRY COUNTY MEMORIAL HOSPITAL,SC,136.0,2,0.9971,medium (2-3 conditions),NEWBERRY,29108.0,NEWBERRY,Acute Care Hospitals,Voluntary non-profit - Other,Yes,45071,59670,3291,38121,22652,11091,59,3403,Nonprofit
420055,MUSC HEALTH MARION MEDICAL CENTER,SC,135.0,2,1.0163,medium (2-3 conditions),MULLINS,29574.0,MARION,Acute Care Hospitals,Government - State,Yes,45067,34501,4155,28900,11095,16101,98,753,Government
420065,BON SECOURS-ST FRANCIS XAVIER HOSPITAL,SC,633.0,3,0.9961,medium (2-3 conditions),CHARLESTON,29414.0,CHARLESTON,Acute Care Hospitals,Voluntary non-profit - Private,Yes,45019,84320,1939,414711,266718,97371,280,29019,Nonprofit
420067,BEAUFORT COUNTY MEMORIAL HOSPITAL,SC,831.0,4,1.0473,high (4-6 conditions),BEAUFORT,29902.0,BEAUFORT,Acute Care Hospitals,Government - Local,Yes,45013,84819,2376,192123,129485,30072,107,23539,Government
420070,PRISMA HEALTH TUOMEY HOSPITAL,SC,665.0,3,1.0302,medium (2-3 conditions),SUMTER,29150.0,SUMTER,Acute Care Hospitals,Voluntary non-profit - Private,Yes,45085,55990,2721,104853,46112,48203,81,4500,Nonprofit
420071,SELF REGIONAL HEALTHCARE,SC,1057.0,4,0.9936,high (4-6 conditions),GREENWOOD,29646.0,GREENWOOD,Acute Care Hospitals,Voluntary non-profit - Private,Yes,45047,50635,2980,69329,40209,21645,35,4848,Nonprofit
420073,LEXINGTON MEDICAL CENTER,SC,3236.0,5,1.0225,high (4-6 conditions),WEST COLUMBIA,29169.0,LEXINGTON,Acute Care Hospitals,Voluntary non-profit - Private,Yes,45063,75014,1833,300370,213922,44607,370,22831,Nonprofit
420078,PRISMA HEALTH GREENVILLE MEMORIAL HOSPITAL,SC,2073.0,5,0.9933,high (4-6 conditions),GREENVILLE,29605.0,GREENVILLE,Acute Care Hospitals,Voluntary non-profit - Private,No,45045,74624,1577,537575,353665,88076,417,60182,Nonprofit
420079,TRIDENT MEDICAL CENTER,SC,2041.0,5,1.0109,high (4-6 conditions),CHARLESTON,29406.0,CHARLESTON,Acute Care Hospitals,Proprietary,Yes,45019,84320,1939,414711,266718,97371,280,29019,For-profit
420080,HILTON HEAD REGIONAL MEDICAL CENTER,SC,1114.0,4,1.0649,high (4-6 conditions),HILTON HEAD ISLAND,29926.0,BEAUFORT,Acute Care Hospitals,Voluntary non-profit - Other,Yes,45013,84819,2376,192123,129485,30072,107,23539,Nonprofit
420082,AIKEN REGIONAL MEDICAL CENTER,SC,783.0,3,0.9907,medium (2-3 conditions),AIKEN,29801.0,AIKEN,Acute Care Hospitals,Proprietary,Yes,45003,67940,2609,171949,110334,41597,166,11974,For-profit
420085,GRAND STRAND REGIONAL MEDICAL CENTER,SC,2860.0,6,1.0201,high (4-6 conditions),MYRTLE BEACH,29572.0,HORRY,Acute Care Hospitals,Proprietary,Yes,45051,64623,1669,368937,280046,43355,450,25961,For-profit
420086,PRISMA HEALTH BAPTIST,SC,254.0,2,0.9806,medium (2-3 conditions),COLUMBIA,29220.0,RICHLAND,Acute Care Hospitals,Voluntary non-profit - Private,Yes,45079,61699,1088,418725,166868,196182,423,26339,Nonprofit
420087,ROPER HOSPITAL,SC,2075.0,6,0.9898,high (4-6 conditions),CHARLESTON,29401.0,CHARLESTON,Acute Care Hospitals,Voluntary non-profit - Private,Yes,45019,84320,1939,414711,266718,97371,280,29019,Nonprofit
420089,EAST COOPER MEDICAL CENTER,SC,220.0,2,0.9707,medium (2-3 conditions),MOUNT PLEASANT,29464.0,CHARLESTON,Acute Care Hospitals,Proprietary,Yes,45019,84320,1939,414711,266718,97371,280,29019,For-profit
420091,MUSC HEALTH FLORENCE MEDICAL CENTER,SC,1066.0,4,1.0504,high (4-6 conditions),FLORENCE,29505.0,FLORENCE,Acute Care Hospitals,Government - State,Yes,45041,56650,2787,136921,68272,58691,136,4391,Government
420098,TIDELANDS WACCAMAW COMMUNITY HOSPITAL,SC,1038.0,3,0.9519,medium (2-3 conditions),MURRELLS INLET,29576.0,HORRY,Acute Care Hospitals,Voluntary non-profit - Private,Yes,45051,64623,1669,368937,280046,43355,450,25961,Nonprofit
420101,COASTAL CAROLINA HOSPITAL,SC,276.0,2,0.9438,medium (2-3 conditions),HARDEEVILLE,29927.0,JASPER,Acute Care Hospitals,Proprietary,Yes,45053,63503,3192,30658,13780,10539,26,5259,For-profit
420103,PELHAM MEDICAL CENTER,SC,268.0,2,0.9811,medium (2-3 conditions),GREER,29651.0,GREENVILLE,Acute Care Hospitals,Government - Hospital District or Authority,Yes,45045,74624,1577,537575,353665,88076,417,60182,Government
420104,MOUNT PLEASANT HOSPITAL,SC,378.0,2,1.0296,medium (2-3 conditions),MOUNT PLEASANT,29466.0,CHARLESTON,Acute Care Hospitals,Voluntary non-profit - Private,Yes,45019,84320,1939,414711,266718,97371,280,29019,Nonprofit
420105,MCLEOD LORIS  HOSPITAL,SC,1386.0,3,1.0205,medium (2-3 conditions),LORIS,29569.0,HORRY,Acute Care Hospitals,Voluntary non-profit - Private,No,45051,64623,1669,368937,280046,43355,450,25961,Nonprofit
420106,PRISMA HEALTH BAPTIST PARKRIDGE,SC,399.0,2,0.925,medium (2-3 conditions),COLUMBIA,29212.0,LEXINGTON,Acute Care Hospitals,Voluntary non-profit - Private,Yes,45063,75014,1833,300370,213922,44607,370,22831,Nonprofit
420107,MCLEOD HEALTH CHERAW,SC,250.0,2,1.1248,medium (2-3 conditions),CHERAW,29520.0,CHESTERFIELD,Acute Care Hospitals,Voluntary non-profit - Private,Yes,45025,47620,3186,43575,25643,13267,96,2328,Nonprofit
420109,MCLEOD HEALTH CLARENDON,SC,176.0,2,1.0083,medium (2-3 conditions),MANNING,29102.0,CLARENDON,Acute Care Hospitals,Voluntary non-profit - Private,Yes,45027,48887,3730,31037,15173,14019,36,945,Nonprofit
420110,ROPER ST FRANCIS HOSPITAL-BERKELEY INC,SC,319.0,3,0.9948,medium (2-3 conditions),SUMMERVILLE,29486.0,DORCHESTER,Acute Care Hospitals,Voluntary non-profit - Private,Yes,45035,76896,3033,164322,100805,40707,417,11323,Nonprofit
430005,"PRAIRIE LAKES HEALTHCARE SYSTEM, INC",SD,65.0,1,1.0127,low (1 condition),WATERTOWN,57201.0,CODINGTON,Acute Care Hospitals,Voluntary non-profit - Private,Yes,46029,65080,5327,28556,25959,210,548,854,Nonprofit
430008,BROOKINGS HEALTH SYSTEM,SD,68.0,1,1.0128,low (1 condition),BROOKINGS,57006.0,BROOKINGS,Acute Care Hospitals,Government - Local,Yes,46011,67341,4801,34968,30723,393,257,1504,Government
430012,AVERA SACRED HEART HOSPITAL,SD,269.0,2,1.0182,medium (2-3 conditions),YANKTON,57078.0,YANKTON,Acute Care Hospitals,Voluntary non-profit - Private,Yes,46135,73855,6118,23379,20417,360,523,1309,Nonprofit
430014,AVERA ST LUKES,SD,666.0,4,0.9753,high (4-6 conditions),ABERDEEN,57401.0,BROWN,Acute Care Hospitals,Voluntary non-profit - Church,Yes,46013,70239,3581,38079,32309,81,1603,1687,Nonprofit
430015,AVERA ST MARY'S HOSPITAL,SD,109.0,1,0.9558,low (1 condition),PIERRE,57501.0,HUGHES,Acute Care Hospitals,Voluntary non-profit - Private,Yes,46065,78981,6010,17732,14308,4,1961,543,Nonprofit
430016,AVERA MCKENNAN HOSPITAL & UNIVERSITY HEALTH CENTER,SD,1420.0,4,0.9391,high (4-6 conditions),SIOUX FALLS,57117.0,MINNEHAHA,Acute Care Hospitals,Voluntary non-profit - Private,Yes,46099,76074,2323,200689,158701,12988,3622,12757,Nonprofit
430027,SANFORD USD MEDICAL CENTER,SD,1869.0,5,0.9238,high (4-6 conditions),SIOUX FALLS,57117.0,MINNEHAHA,Acute Care Hospitals,Voluntary non-profit - Private,Yes,46099,76074,2323,200689,158701,12988,3622,12757,Nonprofit
430077,MONUMENT HEALTH RAPID CITY HOSPITAL,SD,1804.0,5,0.9316,high (4-6 conditions),RAPID CITY,57701.0,PENNINGTON,Acute Care Hospitals,Voluntary non-profit - Private,Yes,46103,70768,2235,112081,87778,1397,7079,6165,Nonprofit
430090,SIOUX FALLS SPECIALTY HOSPITAL,SD,318.0,1,1.2516,low (1 condition),SIOUX FALLS,57105.0,MINNEHAHA,Acute Care Hospitals,Proprietary,No,46099,76074,2323,200689,158701,12988,3622,12757,For-profit
430091,BLACK HILLS SURGICAL HOSPITAL LLC,SD,1026.0,1,0.6587,low (1 condition),RAPID CITY,57703.0,PENNINGTON,Acute Care Hospitals,Proprietary,No,46103,70768,2235,112081,87778,1397,7079,6165,For-profit
430095,AVERA HEART HOSPITAL OF SOUTH DAKOTA,SD,1143.0,3,0.8678,medium (2-3 conditions),SIOUX FALLS,57108.0,LINCOLN,Acute Care Hospitals,Proprietary,Yes,46083,96552,2245,68286,61291,1465,147,1970,For-profit
430097,SANFORD MEDICAL CENTER ABERDEEN,SD,165.0,2,0.9617,medium (2-3 conditions),ABERDEEN,57402.0,BROWN,Acute Care Hospitals,Voluntary non-profit - Private,Yes,46013,70239,3581,38079,32309,81,1603,1687,Nonprofit
440002,JACKSON-MADISON COUNTY GENERAL HOSPITAL,TN,3526.0,5,0.9738,high (4-6 conditions),JACKSON,38301.0,MADISON,Acute Care Hospitals,Government - Hospital District or Authority,Yes,47113,58189,2723,98845,52899,36056,141,4920,Government
440003,HIGHPOINT HEALTH-SUMNER WITH ASCENSION SAINT THOMA,TN,543.0,3,0.9789,medium (2-3 conditions),GALLATIN,37066.0,SUMNER,Acute Care Hospitals,Proprietary,Yes,47165,86005,2171,200553,159392,16979,156,13759,For-profit
440006,TRISTAR SKYLINE MEDICAL CENTER,TN,607.0,3,1.042,medium (2-3 conditions),NASHVILLE,37207.0,DAVIDSON,Acute Care Hospitals,Voluntary non-profit - Private,Yes,47037,75664,1036,709846,379503,176754,523,96481,Nonprofit
440007,UNITY MEDICAL CENTER,TN,151.0,2,0.9974,medium (2-3 conditions),MANCHESTER,37355.0,COFFEE,Acute Care Hospitals,Voluntary non-profit - Private,Yes,47031,60656,2968,58940,50528,2379,12,3527,Nonprofit
440009,CUMBERLAND MEDICAL CENTER,TN,537.0,3,1.0149,medium (2-3 conditions),CROSSVILLE,38555.0,CUMBERLAND,Acute Care Hospitals,Voluntary non-profit - Private,Yes,47035,58475,2539,62529,58415,501,71,2106,Nonprofit
440011,BLOUNT MEMORIAL HOSPITAL,TN,1011.0,4,0.9959,high (4-6 conditions),MARYVILLE,37804.0,BLOUNT,Acute Care Hospitals,Government - Local,Yes,47009,74607,2128,137747,122694,3573,79,6097,Government
440012,WELLMONT BRISTOL REGIONAL MEDICAL CENTER,TN,1142.0,4,1.1013,high (4-6 conditions),BRISTOL,37620.0,SULLIVAN,Acute Care Hospitals,Government - Hospital District or Authority,Yes,47163,56802,1820,159693,147064,3173,196,3905,Government
440015,"UNIVERSITY HEALTH SYSTEM, INC",TN,2022.0,5,0.9354,high (4-6 conditions),KNOXVILLE,37920.0,KNOX,Acute Care Hospitals,Voluntary non-profit - Private,Yes,47093,71662,1187,487401,387760,39181,426,29579,Nonprofit
440016,BAPTIST MEMORIAL HOSPITAL - CARROLL COUNTY,TN,192.0,2,1.0496,medium (2-3 conditions),HUNTINGDON,38344.0,CARROLL,Acute Care Hospitals,Voluntary non-profit - Private,Yes,47017,50391,2292,28461,23904,2515,38,849,Nonprofit
440017,WELLMONT HOLSTON VALLEY MEDICAL CENTER,TN,1072.0,4,0.9689,high (4-6 conditions),KINGSPORT,37662.0,SULLIVAN,Acute Care Hospitals,Voluntary non-profit - Private,Yes,47163,56802,1820,159693,147064,3173,196,3905,Nonprofit
440018,SYCAMORE SHOALS HOSPITAL,TN,209.0,2,1.117,medium (2-3 conditions),ELIZABETHTON,37643.0,CARTER,Acute Care Hospitals,Voluntary non-profit - Private,Yes,47019,48435,3352,56462,52665,1151,16,1327,Nonprofit
440020,SOUTHERN TENNESSEE REGIONAL HEALTH SYSTEM PULASKI,TN,170.0,2,0.9667,medium (2-3 conditions),PULASKI,38478.0,GILES,Acute Care Hospitals,Proprietary,Yes,47055,61476,4124,30442,25412,2618,12,844,For-profit
440029,WILLIAMSON MEDICAL CENTER,TN,969.0,3,0.8855,medium (2-3 conditions),FRANKLIN,37067.0,WILLIAMSON,Acute Care Hospitals,Government - Hospital District or Authority,Yes,47187,131202,3993,254609,207584,9670,80,14809,Government
440030,MORRISTOWN HAMBLEN HOSPITAL ASSOCIATION,TN,505.0,3,1.0925,medium (2-3 conditions),MORRISTOWN,37814.0,HAMBLEN,Acute Care Hospitals,Government - Local,Yes,47063,52794,3886,64930,50359,1737,73,9561,Government
440031,ROANE MEDICAL CENTER,TN,353.0,3,1.0465,medium (2-3 conditions),HARRIMAN,37748.0,ROANE,Acute Care Hospitals,Government - Hospital District or Authority,Yes,47145,66218,4162,54403,49590,1294,99,1225,Government
440033,LAFOLLETTE MEDICAL CENTER,TN,116.0,1,0.9528,low (1 condition),LA FOLLETTE,37766.0,CAMPBELL,Acute Care Hospitals,Voluntary non-profit - Church,Yes,47013,50260,4099,39568,37944,134,5,576,Nonprofit
440034,METHODIST MEDICAL CENTER OF OAK RIDGE,TN,889.0,4,1.0219,high (4-6 conditions),OAK RIDGE,37830.0,ANDERSON,Acute Care Hospitals,Voluntary non-profit - Private,Yes,47001,63171,2466,78175,67994,2578,93,3000,Nonprofit
440035,TENNOVA HEALTHCARE-CLARKSVILLE,TN,1094.0,4,1.0917,high (4-6 conditions),CLARKSVILLE,37040.0,MONTGOMERY,Acute Care Hospitals,Proprietary,Yes,47125,72365,2926,227957,137242,44642,390,25020,For-profit
440039,VANDERBILT UNIVERSITY MEDICAL CENTER,TN,2147.0,6,0.9176,high (4-6 conditions),NASHVILLE,37232.0,DAVIDSON,Acute Care Hospitals,Voluntary non-profit - Private,Yes,47037,75664,1036,709846,379503,176754,523,96481,Nonprofit
440046,TRISTAR HORIZON MEDICAL CENTER,TN,687.0,4,0.9438,high (4-6 conditions),DICKSON,37055.0,DICKSON,Acute Care Hospitals,Proprietary,Yes,47043,73223,3577,55197,48278,1925,97,2688,For-profit
440048,BAPTIST MEMORIAL HOSPITAL,TN,3356.0,6,1.0737,high (4-6 conditions),MEMPHIS,38120.0,SHELBY,Acute Care Hospitals,Voluntary non-profit - Private,Yes,47157,62337,1088,922195,306862,485527,386,78252,Nonprofit
440049,METHODIST HOSPITALS OF MEMPHIS,TN,3448.0,6,0.9589,high (4-6 conditions),MEMPHIS,38104.0,SHELBY,Acute Care Hospitals,Voluntary non-profit - Church,Yes,47157,62337,1088,922195,306862,485527,386,78252,Nonprofit
440050,GREENEVILLE COMMUNITY HOSPITAL,TN,452.0,3,1.0802,medium (2-3 conditions),GREENEVILLE,37745.0,GREENE,Acute Care Hospitals,Voluntary non-profit - Private,Yes,47059,54071,3235,70919,64747,1326,56,2662,Nonprofit
440053,SAINT THOMAS RUTHERFORD HOSPITAL,TN,1621.0,4,0.9462,high (4-6 conditions),MURFREESBORO,37129.0,RUTHERFORD,Acute Care Hospitals,Voluntary non-profit - Church,Yes,47149,82588,1854,351591,227872,52310,294,40625,Nonprofit
440056,TENNOVA HEALTHCARE-JEFFERSON MEMORIAL HOSPITAL,TN,243.0,2,0.9802,medium (2-3 conditions),JEFFERSON CITY,37760.0,JEFFERSON,Acute Care Hospitals,Proprietary,Yes,47089,63084,2895,55835,50394,860,24,2525,For-profit
440057,CLAIBORNE MEDICAL CENTER,TN,103.0,2,1.0503,medium (2-3 conditions),TAZEWELL,37879.0,CLAIBORNE,Acute Care Hospitals,Government - Local,Yes,47025,46587,2995,32221,30443,234,13,516,Government
440058,SOUTHERN TENNESSEE REGIONAL HEALTH SYSTEM WINCHEST,TN,170.0,1,0.9979,low (1 condition),WINCHESTER,37398.0,FRANKLIN,Acute Care Hospitals,Proprietary,Yes,47051,61553,3725,43478,38114,2015,19,1604,For-profit
440059,COOKEVILLE REGIONAL MEDICAL CENTER,TN,2281.0,5,1.0871,high (4-6 conditions),COOKEVILLE,38501.0,PUTNAM,Acute Care Hospitals,Government - Local,Yes,47141,56537,2061,81366,69518,1944,34,6538,Government
440063,JOHNSON CITY MEDICAL CENTER,TN,1381.0,5,0.9883,high (4-6 conditions),JOHNSON CITY,37604.0,WASHINGTON,Acute Care Hospitals,Voluntary non-profit - Private,Yes,47179,61051,2930,134693,116192,4989,81,6356,Nonprofit
440065,TRISTAR NORTHCREST MEDICAL CENTER,TN,304.0,2,1.0655,medium (2-3 conditions),SPRINGFIELD,37172.0,ROBERTSON,Acute Care Hospitals,Voluntary non-profit - Other,Yes,47147,78439,4008,74291,58899,5222,64,7150,Nonprofit
440068,STARR REGIONAL MEDICAL CENTER ATHENS,TN,188.0,2,0.968,medium (2-3 conditions),ATHENS,37371.0,MC MINN,Acute Care Hospitals,Proprietary,Yes,47107,59674,4485,54135,46935,1694,32,2369,For-profit
440072,DYERSBURG REGIONAL MEDICAL CENTER,TN,489.0,3,0.99,medium (2-3 conditions),DYERSBURG,38024.0,DYER,Acute Care Hospitals,Proprietary,Yes,47045,54973,2303,36681,28402,5458,25,1404,For-profit
440073,MAURY REGIONAL HOSPITAL,TN,1516.0,4,1.0282,high (4-6 conditions),COLUMBIA,38401.0,MAURY,Acute Care Hospitals,Government - Local,Yes,47119,74162,3436,104855,80422,11082,85,8178,Government
440081,LECONTE MEDICAL CENTER,TN,245.0,2,0.9804,medium (2-3 conditions),SEVIERVILLE,37862.0,SEVIER,Acute Care Hospitals,Voluntary non-profit - Other,Yes,47155,63829,3050,98802,84933,830,157,8822,Nonprofit
440082,ASCENSION SAINT THOMAS HOSPITAL,TN,3725.0,6,0.9692,high (4-6 conditions),NASHVILLE,37205.0,DAVIDSON,Acute Care Hospitals,Voluntary non-profit - Private,Yes,47037,75664,1036,709846,379503,176754,523,96481,Nonprofit
440084,SWEETWATER HOSPITAL ASSOCIATION,TN,274.0,3,1.0704,medium (2-3 conditions),SWEETWATER,37874.0,MONROE,Acute Care Hospitals,Voluntary non-profit - Private,Yes,47123,56648,4448,47054,41139,819,87,2095,Nonprofit
440091,"MEMORIAL HEALTHCARE SYSTEM, INC",TN,2440.0,5,0.9392,high (4-6 conditions),CHATTANOOGA,37404.0,HAMILTON,Acute Care Hospitals,Voluntary non-profit - Church,No,47065,72568,1935,370913,255254,64548,274,28357,Nonprofit
440104,ERLANGER MEDICAL CENTER,TN,1108.0,5,0.9286,high (4-6 conditions),CHATTANOOGA,37403.0,HAMILTON,Acute Care Hospitals,Government - Hospital District or Authority,Yes,47065,72568,1935,370913,255254,64548,274,28357,Government
440109,HARDIN MEDICAL CENTER,TN,112.0,1,1.016,low (1 condition),SAVANNAH,38372.0,HARDIN,Acute Care Hospitals,Government - Local,Yes,47071,49149,3567,26939,24504,799,61,649,Government
440110,FORT LOUDOUN MEDICAL CENTER,TN,231.0,2,1.0268,medium (2-3 conditions),LENOIR CITY,37772.0,LOUDON,Acute Care Hospitals,Voluntary non-profit - Other,Yes,47105,80296,4474,56996,48897,745,20,5708,Nonprofit
440120,PHYSICIANS REGIONAL MEDICAL CENTER,TN,1597.0,5,1.026,high (4-6 conditions),POWELL,37849.0,KNOX,Acute Care Hospitals,Proprietary,Yes,47093,71662,1187,487401,387760,39181,426,29579,For-profit
440125,FORT SANDERS REGIONAL MEDICAL CENTER,TN,786.0,4,1.0969,high (4-6 conditions),KNOXVILLE,37916.0,KNOX,Acute Care Hospitals,Voluntary non-profit - Private,Yes,47093,71662,1187,487401,387760,39181,426,29579,Nonprofit
440130,BAPTIST MEMORIAL HOSPITAL UNION CITY,TN,260.0,2,0.9683,medium (2-3 conditions),UNION CITY,38261.0,OBION,Acute Care Hospitals,Voluntary non-profit - Private,Yes,47131,53102,2557,30570,24307,3208,22,1614,Nonprofit
440131,BAPTIST MEMORIAL HOSPITAL TIPTON,TN,212.0,2,1.0135,medium (2-3 conditions),COVINGTON,38019.0,TIPTON,Acute Care Hospitals,Voluntary non-profit - Church,Yes,47167,71736,3300,61339,45251,11411,107,1829,Nonprofit
440132,WEST TENNESSEE HEALTHCARE HENRY COUNTY HOSPITAL,TN,313.0,3,0.9585,medium (2-3 conditions),PARIS,38242.0,HENRY,Acute Care Hospitals,Government - Hospital District or Authority,Yes,47079,48540,2778,32345,27871,2326,186,940,Government
440137,VANDERBILT BEDFORD HOSPITAL,TN,78.0,1,0.9849,low (1 condition),SHELBYVILLE,37160.0,BEDFORD,Acute Care Hospitals,Proprietary,Yes,47003,62197,3116,51291,37563,3661,98,7968,For-profit
440144,VANDERBILT TULLAHOMA-HARTON HOSPITAL,TN,536.0,3,1.0087,medium (2-3 conditions),TULLAHOMA,37388.0,COFFEE,Acute Care Hospitals,Voluntary non-profit - Other,Yes,47031,60656,2968,58940,50528,2379,12,3527,Nonprofit
440150,TRISTAR SUMMIT MEDICAL CENTER,TN,967.0,4,1.0203,high (4-6 conditions),HERMITAGE,37076.0,DAVIDSON,Acute Care Hospitals,Proprietary,Yes,47037,75664,1036,709846,379503,176754,523,96481,For-profit
440151,SAINT THOMAS RIVER PARK HOSPITAL,TN,258.0,2,0.9946,medium (2-3 conditions),MCMINNVILLE,37110.0,WARREN,Acute Care Hospitals,Voluntary non-profit - Private,Yes,47177,54088,2967,41587,34827,1134,11,4080,Nonprofit
440153,TENNOVA HEALTHCARE - NEWPORT MEDICAL CENTER,TN,166.0,2,0.9893,medium (2-3 conditions),NEWPORT,37821.0,COCKE,Acute Care Hospitals,Proprietary,Yes,47029,48416,3183,36503,33680,553,121,1066,For-profit
440156,PARKRIDGE MEDICAL CENTER,TN,1440.0,5,1.0096,high (4-6 conditions),CHATTANOOGA,37404.0,HAMILTON,Acute Care Hospitals,Proprietary,Yes,47065,72568,1935,370913,255254,64548,274,28357,For-profit
440161,TRISTAR CENTENNIAL MEDICAL CENTER,TN,1695.0,4,0.9828,high (4-6 conditions),NASHVILLE,37203.0,DAVIDSON,Acute Care Hospitals,Proprietary,Yes,47037,75664,1036,709846,379503,176754,523,96481,For-profit
440173,PARKWEST MEDICAL CENTER,TN,1942.0,6,1.0427,high (4-6 conditions),KNOXVILLE,37923.0,KNOX,Acute Care Hospitals,Voluntary non-profit - Private,Yes,47093,71662,1187,487401,387760,39181,426,29579,Nonprofit
440175,SOUTHERN TENNESSEE REGIONAL HEALTH SYSTEM LAWRENCE,TN,212.0,2,0.9788,medium (2-3 conditions),LAWRENCEBURG,38464.0,LAWRENCE,Acute Care Hospitals,Voluntary non-profit - Other,Yes,47099,53233,2510,44901,41335,588,8,1202,Nonprofit
440176,INDIAN PATH COMMUNITY HOSPITAL,TN,77.0,1,1.084,low (1 condition),KINGSPORT,37660.0,SULLIVAN,Acute Care Hospitals,Voluntary non-profit - Private,Yes,47163,56802,1820,159693,147064,3173,196,3905,Nonprofit
440183,ST FRANCIS HOSPITAL,TN,532.0,4,1.0463,high (4-6 conditions),MEMPHIS,38119.0,SHELBY,Acute Care Hospitals,Proprietary,Yes,47157,62337,1088,922195,306862,485527,386,78252,For-profit
440184,FRANKLIN WOODS COMMUNITY HOSPITAL,TN,248.0,2,1.0007,medium (2-3 conditions),JOHNSON CITY,37604.0,WASHINGTON,Acute Care Hospitals,Voluntary non-profit - Private,Yes,47179,61051,2930,134693,116192,4989,81,6356,Nonprofit
440185,AFFILIATE OF VITRUVIAN HEALTH,TN,871.0,4,1.024,high (4-6 conditions),CLEVELAND,37311.0,BRADLEY,Acute Care Hospitals,Proprietary,Yes,47011,63789,2104,109743,90448,5035,131,8827,For-profit
440187,LIVINGSTON REGIONAL HOSPITAL,TN,225.0,2,1.0619,medium (2-3 conditions),LIVINGSTON,38570.0,OVERTON,Acute Care Hospitals,Proprietary,Yes,47133,46159,5999,22807,21725,314,19,454,For-profit
440193,VANDERBILT WILSON COUNTY HOSPITAL,TN,558.0,3,0.9889,medium (2-3 conditions),LEBANON,37087.0,WILSON,Acute Care Hospitals,Voluntary non-profit - Private,Yes,47189,94048,2738,153587,123573,10871,78,9258,Nonprofit
440194,TRISTAR HENDERSONVILLE MEDICAL CENTER,TN,656.0,3,0.9903,medium (2-3 conditions),HENDERSONVILLE,37075.0,SUMNER,Acute Care Hospitals,Proprietary,Yes,47165,86005,2171,200553,159392,16979,156,13759,For-profit
440197,TRISTAR SOUTHERN HILLS MEDICAL CENTER,TN,237.0,2,0.9846,medium (2-3 conditions),NASHVILLE,37211.0,DAVIDSON,Acute Care Hospitals,Proprietary,Yes,47037,75664,1036,709846,379503,176754,523,96481,For-profit
440227,TRISTAR STONECREST MEDICAL CENTER,TN,304.0,2,1.0531,medium (2-3 conditions),SMYRNA,37167.0,RUTHERFORD,Acute Care Hospitals,Proprietary,Yes,47149,82588,1854,351591,227872,52310,294,40625,For-profit
440228,SAINT FRANCIS BARTLETT MEDICAL CENTER,TN,783.0,3,1.0126,medium (2-3 conditions),BARTLETT,38133.0,SHELBY,Acute Care Hospitals,Proprietary,Yes,47157,62337,1088,922195,306862,485527,386,78252,For-profit
450002,THE HOSPITALS OF PROVIDENCE - MEMORIAL CAMPUS,TX,102.0,1,1.0254,low (1 condition),EL PASO,79902.0,EL PASO,Acute Care Hospitals,Proprietary,Yes,48141,58859,1208,866275,97259,25346,2212,716543,For-profit
450007,PETERSON REGIONAL MEDICAL CENTER,TX,651.0,3,0.9535,medium (2-3 conditions),KERRVILLE,78028.0,KERR,Acute Care Hospitals,Voluntary non-profit - Private,Yes,48265,67927,4826,53166,36100,813,58,14049,Nonprofit
450010,UNITED REGIONAL HEALTH CARE SYSTEM,TX,2442.0,5,1.0166,high (4-6 conditions),WICHITA FALLS,76301.0,WICHITA,Acute Care Hospitals,Voluntary non-profit - Private,Yes,48485,62168,2255,129842,82146,13037,345,26409,Nonprofit
450011,CHI ST JOSEPH HEALTH REGIONAL HOSPITAL,TX,1587.0,5,1.0113,high (4-6 conditions),BRYAN,77802.0,BRAZOS,Acute Care Hospitals,Voluntary non-profit - Private,Yes,48041,58388,1835,237980,127348,24510,173,64536,Nonprofit
450015,PARKLAND HEALTH & HOSPITAL SYSTEM,TX,360.0,3,0.9861,medium (2-3 conditions),DALLAS,75235.0,DALLAS,Acute Care Hospitals,Government - Hospital District or Authority,Yes,48113,74149,771,2603816,705258,578968,3947,1061995,Government
450018,UNIVERSITY OF TEXAS MEDICAL BRANCH GALVESTON,TX,2008.0,5,1.0654,high (4-6 conditions),GALVESTON,77555.0,GALVESTON,Acute Care Hospitals,Government - State,Yes,48167,85348,3053,354721,194511,42681,521,91727,Government
450021,BAYLOR UNIVERSITY MEDICAL CENTER,TX,1470.0,4,0.9283,high (4-6 conditions),DALLAS,75246.0,DALLAS,Acute Care Hospitals,Voluntary non-profit - Private,Yes,48113,74149,771,2603816,705258,578968,3947,1061995,Nonprofit
450023,CITIZENS MEDICAL CENTER,TX,880.0,4,1.0607,high (4-6 conditions),VICTORIA,77901.0,VICTORIA,Acute Care Hospitals,Voluntary non-profit - Other,Yes,48469,70101,3765,91281,39294,4999,99,43432,Nonprofit
450024,UNIVERSITY MEDICAL CENTER OF EL PASO,TX,163.0,2,1.0095,medium (2-3 conditions),EL PASO,79905.0,EL PASO,Acute Care Hospitals,Physician,Yes,48141,58859,1208,866275,97259,25346,2212,716543,Physician-owned
450028,VALLEY BAPTIST MEDICAL CENTER- BROWNSVILLE,TX,324.0,2,1.0081,medium (2-3 conditions),BROWNSVILLE,78520.0,CAMERON,Acute Care Hospitals,Proprietary,Yes,48061,51334,1640,423192,37309,1872,409,378059,For-profit
450029,LAREDO MEDICAL CENTER,TX,701.0,3,0.9788,medium (2-3 conditions),LAREDO,78044.0,WEBB,Acute Care Hospitals,Proprietary,Yes,48479,62506,2316,267731,9554,995,112,254619,For-profit
450032,CHRISTUS GOOD SHEPHERD MEDICAL CENTER,TX,1748.0,4,1.0616,high (4-6 conditions),LONGVIEW,75601.0,GREGG,Acute Care Hospitals,Voluntary non-profit - Private,Yes,48183,64809,2733,124860,69011,23969,150,24748,Nonprofit
450033,VHS HARLINGEN HOSPITAL COMPANY LLC,TX,664.0,3,1.0513,medium (2-3 conditions),HARLINGEN,78550.0,CAMERON,Acute Care Hospitals,Proprietary,Yes,48061,51334,1640,423192,37309,1872,409,378059,For-profit
450034,CHRISTUS SOUTHEAST TEXAS- ST ELIZABETH,TX,1133.0,4,1.0232,high (4-6 conditions),BEAUMONT,77702.0,JEFFERSON,Acute Care Hospitals,Voluntary non-profit - Private,Yes,48245,59934,2138,253939,94924,83512,381,59759,Nonprofit
450039,JPS HEALTH NETWORK,TX,305.0,3,0.9765,medium (2-3 conditions),FORT WORTH,76104.0,TARRANT,Acute Care Hospitals,Government - Hospital District or Authority,Yes,48439,81905,930,2135743,921922,366947,3221,637594,Government
450040,COVENANT MEDICAL CENTER,TX,1521.0,4,0.8981,high (4-6 conditions),LUBBOCK,79410.0,LUBBOCK,Acute Care Hospitals,Voluntary non-profit - Private,Yes,48303,63367,1835,314633,164080,21230,488,112607,Nonprofit
450042,ASCENSION PROVIDENCE,TX,1130.0,4,0.9946,high (4-6 conditions),WACO,76712.0,MC LENNAN,Acute Care Hospitals,Voluntary non-profit - Private,Yes,48309,63888,1776,263608,144220,35935,458,70219,Nonprofit
450044,UT OF TEXAS  SOUTHWESTERN UNIVERSITY HOSPITAL - WILLIAM P. CLEMENTS JR.,TX,1505.0,4,1.0309,high (4-6 conditions),DALLAS,75390.0,DALLAS,Acute Care Hospitals,Government - State,Yes,48113,74149,771,2603816,705258,578968,3947,1061995,Government
450046,CHRISTUS SPOHN HOSPITAL CORPUS CHRISTI,TX,1106.0,4,0.9907,high (4-6 conditions),CORPUS CHRISTI,78404.0,NUECES,Acute Care Hospitals,Voluntary non-profit - Private,Yes,48355,66021,1570,352829,105486,13160,456,219138,Nonprofit
450051,METHODIST DALLAS MEDICAL CENTER,TX,305.0,3,0.984,medium (2-3 conditions),DALLAS,75203.0,DALLAS,Acute Care Hospitals,Voluntary non-profit - Other,Yes,48113,74149,771,2603816,705258,578968,3947,1061995,Nonprofit
450054,BAYLOR SCOTT & WHITE MEDICAL CENTER - TEMPLE,TX,1481.0,4,0.9581,high (4-6 conditions),TEMPLE,76508.0,BELL,Acute Care Hospitals,Voluntary non-profit - Private,Yes,48027,66051,1732,379811,163585,82125,475,98037,Nonprofit
450055,ROLLING PLAINS MEMORIAL HOSPITAL,TX,72.0,1,0.9991,low (1 condition),SWEETWATER,79556.0,NOLAN,Acute Care Hospitals,Government - Hospital District or Authority,Yes,48353,50160,4096,14565,7873,573,25,5396,Government
450056,ASCENSION SETON MEDICAL CENTER AUSTIN,TX,788.0,3,1.0346,medium (2-3 conditions),AUSTIN,78705.0,TRAVIS,Acute Care Hospitals,Voluntary non-profit - Private,Yes,48453,97169,1289,1307625,624387,102188,1638,425105,Nonprofit
450058,BAPTIST MEDICAL CENTER,TX,2550.0,6,0.9479,high (4-6 conditions),SAN ANTONIO,78205.0,BEXAR,Acute Care Hospitals,Proprietary,Yes,48029,70571,776,2037344,544259,149264,2632,1212855,For-profit
450064,TEXAS HEALTH ARLINGTON MEMORIAL HOSPITAL,TX,671.0,3,1.0131,medium (2-3 conditions),ARLINGTON,76012.0,TARRANT,Acute Care Hospitals,Voluntary non-profit - Private,Yes,48439,81905,930,2135743,921922,366947,3221,637594,Nonprofit
450068,MEMORIAL HERMANN - TEXAS MEDICAL CENTER,TX,1191.0,5,0.9661,high (4-6 conditions),HOUSTON,77030.0,HARRIS,Acute Care Hospitals,Voluntary non-profit - Private,Yes,48201,73104,650,4758579,1303071,890273,5099,2065668,Nonprofit
450072,CHI ST LUKE'S HEALTH BRAZOSPORT,TX,375.0,3,1.0474,medium (2-3 conditions),LAKE JACKSON,77566.0,BRAZORIA,Acute Care Hospitals,Voluntary non-profit - Private,Yes,48039,95155,2480,381650,163852,59286,613,119727,Nonprofit
450079,BAYLOR SCOTT & WHITE MEDICAL CENTER AT IRVING,TX,635.0,3,1.0838,medium (2-3 conditions),IRVING,75061.0,DALLAS,Acute Care Hospitals,Voluntary non-profit - Private,Yes,48113,74149,771,2603816,705258,578968,3947,1061995,Nonprofit
450080,TITUS REGIONAL MEDICAL CENTER,TX,257.0,2,0.9949,medium (2-3 conditions),MOUNT PLEASANT,75455.0,TITUS,Acute Care Hospitals,Government - Hospital District or Authority,Yes,48449,59220,5424,31284,13488,2963,71,13887,Government
450082,CHRISTUS SPOHN HOSPITAL BEEVILLE,TX,99.0,2,1.0294,medium (2-3 conditions),BEEVILLE,78102.0,BEE,Acute Care Hospitals,Voluntary non-profit - Private,Yes,48025,56075,8185,31000,8641,1852,81,19187,Nonprofit
450083,UT HEALTH EAST TEXAS TYLER REGIONAL HOSPITAL,TX,2274.0,6,1.0327,high (4-6 conditions),TYLER,75701.0,SMITH,Acute Care Hospitals,Proprietary,Yes,48423,71923,1916,238014,137969,39597,146,49012,For-profit
450087,MEDICAL CITY NORTH HILLS,TX,587.0,4,1.0468,high (4-6 conditions),NORTH RICHLAND HILLS,76180.0,TARRANT,Acute Care Hospitals,Proprietary,Yes,48439,81905,930,2135743,921922,366947,3221,637594,For-profit
450090,NORTH TEXAS MEDICAL CENTER,TX,159.0,1,0.9493,low (1 condition),GAINESVILLE,76240.0,COOKE,Acute Care Hospitals,Voluntary non-profit - Private,Yes,48097,72472,5093,42473,30431,1411,175,8719,Nonprofit
450092,FORT DUNCAN MEDICAL CENTER,TX,149.0,2,0.9991,medium (2-3 conditions),EAGLE PASS,78852.0,MAVERICK,Acute Care Hospitals,Proprietary,Yes,48323,51270,5723,57770,1642,133,791,54797,For-profit
450097,HCA HOUSTON HEALTHCARE SOUTHEAST,TX,261.0,2,0.9964,medium (2-3 conditions),PASADENA,77504.0,HARRIS,Acute Care Hospitals,Proprietary,Yes,48201,73104,650,4758579,1303071,890273,5099,2065668,For-profit
450101,BAYLOR SCOTT & WHITE MEDICAL CENTER HILLCREST,TX,695.0,3,0.9922,medium (2-3 conditions),WACO,76712.0,MC LENNAN,Acute Care Hospitals,Voluntary non-profit - Private,Yes,48309,63888,1776,263608,144220,35935,458,70219,Nonprofit
450102,CHRISTUS MOTHER FRANCES HOSPITAL,TX,3039.0,5,0.9223,high (4-6 conditions),TYLER,75701.0,SMITH,Acute Care Hospitals,Voluntary non-profit - Private,Yes,48423,71923,1916,238014,137969,39597,146,49012,Nonprofit
450104,GUADALUPE REGIONAL MEDICAL CENTER,TX,440.0,3,1.0497,medium (2-3 conditions),SEGUIN,78155.0,GUADALUPE,Acute Care Hospitals,Government - Local,Yes,48187,93776,3543,178368,85530,13040,135,68626,Government
450107,LAS PALMAS MEDICAL CENTER A CAMPUS OF LPDS HEALTHC,TX,700.0,3,1.0783,medium (2-3 conditions),EL PASO,79902.0,EL PASO,Acute Care Hospitals,Proprietary,Yes,48141,58859,1208,866275,97259,25346,2212,716543,For-profit
450119,SOUTH TEXAS HEALTH SYSTEM,TX,775.0,3,1.0654,medium (2-3 conditions),EDINBURG,78539.0,HIDALGO,Acute Care Hospitals,Proprietary,Yes,48215,52281,1265,880921,53536,4814,630,809705,For-profit
450128,KNAPP MEDICAL CENTER,TX,203.0,2,1.0043,medium (2-3 conditions),WESLACO,78596.0,HIDALGO,Acute Care Hospitals,Voluntary non-profit - Private,Yes,48215,52281,1265,880921,53536,4814,630,809705,Nonprofit
450132,MEDICAL CENTER HOSPITAL,TX,924.0,4,0.9326,high (4-6 conditions),ODESSA,79761.0,ECTOR,Acute Care Hospitals,Government - Hospital District or Authority,Yes,48135,71031,3603,163206,48982,7650,311,101602,Government
450133,MIDLAND MEMORIAL HOSPITAL,TX,726.0,3,1.0043,medium (2-3 conditions),MIDLAND,79701.0,MIDLAND,Acute Care Hospitals,Government - Hospital District or Authority,Yes,48329,93984,4906,171496,75381,10995,322,76792,Government
450135,TEXAS HEALTH HARRIS METHODIST FORT WORTH,TX,2004.0,4,0.9606,high (4-6 conditions),FORT WORTH,76104.0,TARRANT,Acute Care Hospitals,Voluntary non-profit - Private,Yes,48439,81905,930,2135743,921922,366947,3221,637594,Nonprofit
450137,BAYLOR SCOTT AND WHITE ALL SAINTS MEDICAL CENTER,TX,828.0,4,1.0585,high (4-6 conditions),FORT WORTH,76104.0,TARRANT,Acute Care Hospitals,Voluntary non-profit - Private,Yes,48439,81905,930,2135743,921922,366947,3221,637594,Nonprofit
450147,DE TAR HOSPITAL NAVARRO,TX,693.0,4,0.9841,high (4-6 conditions),VICTORIA,77901.0,VICTORIA,Acute Care Hospitals,Proprietary,Yes,48469,70101,3765,91281,39294,4999,99,43432,For-profit
450148,TEXAS HEALTH HARRIS METHODIST HOSPITAL CLEBURNE,TX,284.0,2,0.9493,medium (2-3 conditions),CLEBURNE,76031.0,JOHNSON,Acute Care Hospitals,Voluntary non-profit - Private,Yes,48251,81826,2903,188820,125257,8914,371,46403,Nonprofit
450152,ADVENTHEALTH CENTRAL TEXAS,TX,667.0,4,1.0468,high (4-6 conditions),KILLEEN,76542.0,BELL,Acute Care Hospitals,Voluntary non-profit - Church,Yes,48027,66051,1732,379811,163585,82125,475,98037,Nonprofit
450154,VAL VERDE REGIONAL MEDICAL CENTER,TX,184.0,2,0.9883,medium (2-3 conditions),DEL RIO,78840.0,VAL VERDE,Acute Care Hospitals,Government - Hospital District or Authority,Yes,48465,59673,4312,47647,7465,573,58,38580,Government
450163,CHRISTUS SPOHN HOSPITAL KLEBERG,TX,43.0,1,1.0294,low (1 condition),KINGSVILLE,78363.0,KLEBERG,Acute Care Hospitals,Voluntary non-profit - Private,Yes,48273,57612,4078,30629,6436,995,203,21830,Nonprofit
450165,METHODIST HOSPITAL ATASCOSA,TX,49.0,1,1.0219,low (1 condition),JOURDANTON,78026.0,ATASCOSA,Acute Care Hospitals,Proprietary,Yes,48013,69413,3545,50058,15926,601,24,32389,For-profit
450176,MISSION REGIONAL MEDICAL CENTER,TX,392.0,3,1.0499,medium (2-3 conditions),MISSION,78572.0,HIDALGO,Acute Care Hospitals,Voluntary non-profit - Private,Yes,48215,52281,1265,880921,53536,4814,630,809705,Nonprofit
450184,MEMORIAL HERMANN HOSPITAL SYSTEM,TX,3922.0,5,1.0275,high (4-6 conditions),HOUSTON,77008.0,HARRIS,Acute Care Hospitals,Voluntary non-profit - Private,Yes,48201,73104,650,4758579,1303071,890273,5099,2065668,Nonprofit
450193,Baylor St Lukes Medical Center,TX,1018.0,4,0.9361,high (4-6 conditions),HOUSTON,77030.0,HARRIS,Acute Care Hospitals,Voluntary non-profit - Church,Yes,48201,73104,650,4758579,1303071,890273,5099,2065668,Nonprofit
450196,PARIS REGIONAL MEDICAL CENTER,TX,1266.0,4,0.9989,high (4-6 conditions),PARIS,75460.0,LAMAR,Acute Care Hospitals,Proprietary,Yes,48277,61122,3370,50421,36181,6239,357,4659,For-profit
450200,WADLEY REGIONAL MEDICAL CENTER,TX,422.0,3,1.0435,medium (2-3 conditions),TEXARKANA,75501.0,BOWIE,Acute Care Hospitals,Physician,Yes,48037,59295,2241,92321,56874,22837,345,7726,Physician-owned
450203,MEDICAL CITY WEATHERFORD,TX,870.0,4,1.0488,high (4-6 conditions),WEATHERFORD,76086.0,PARKER,Acute Care Hospitals,Proprietary,Yes,48367,102099,3457,158079,126490,2183,211,22268,For-profit
450209,NORTHWEST TEXAS HOSPITAL,TX,810.0,3,0.9579,medium (2-3 conditions),AMARILLO,79106.0,POTTER,Acute Care Hospitals,Voluntary non-profit - Private,Yes,48375,50448,1634,116634,50076,11919,311,45218,Nonprofit
450211,CHI ST LUKES HEALTH MEMORIAL LUFKIN,TX,556.0,3,1.0444,medium (2-3 conditions),LUFKIN,75901.0,ANGELINA,Acute Care Hospitals,Voluntary non-profit - Private,Yes,48005,58847,2883,86791,51241,10603,163,20104,Nonprofit
450213,UNIVERSITY HEALTH SYSTEM,TX,316.0,2,1.0108,medium (2-3 conditions),SAN ANTONIO,78229.0,BEXAR,Acute Care Hospitals,Government - Hospital District or Authority,Yes,48029,70571,776,2037344,544259,149264,2632,1212855,Government
450222,HCA HOUSTON HEALTHCARE CONROE,TX,715.0,4,1.0738,high (4-6 conditions),CONROE,77304.0,MONTGOMERY,Acute Care Hospitals,Proprietary,Yes,48339,97266,2149,654722,395015,37118,670,177581,For-profit
450229,HENDRICK MEDICAL CENTER,TX,3048.0,6,0.9509,high (4-6 conditions),ABILENE,79601.0,TAYLOR,Acute Care Hospitals,Voluntary non-profit - Private,Yes,48441,66406,2610,144259,89142,11066,215,35709,Nonprofit
450231,BSA HOSPITAL,TX,2184.0,5,0.9813,high (4-6 conditions),AMARILLO,79106.0,POTTER,Acute Care Hospitals,Proprietary,Yes,48375,50448,1634,116634,50076,11919,311,45218,For-profit
450236,CHRISTUS MOTHER FRANCES HOSPITAL SULPHUR SPRINGS,TX,441.0,2,0.9596,medium (2-3 conditions),SULPHUR SPRINGS,75482.0,HOPKINS,Acute Care Hospitals,Voluntary non-profit - Private,Yes,48223,64725,5774,37351,26594,2641,103,6812,Nonprofit
450237,CHRISTUS SANTA ROSA MEDICAL CENTER,TX,2333.0,5,1.0094,high (4-6 conditions),SAN ANTONIO,78251.0,BEXAR,Acute Care Hospitals,Voluntary non-profit - Private,Yes,48029,70571,776,2037344,544259,149264,2632,1212855,Nonprofit
450272,CHRISTUS SANTA ROSA HOSPITAL-SAN MARCOS,TX,339.0,2,0.9789,medium (2-3 conditions),SAN MARCOS,78666.0,HAYS,Acute Care Hospitals,Voluntary non-profit - Church,Yes,48209,85827,2598,256429,131514,9766,271,100152,Nonprofit
450289,HARRIS HEALTH,TX,54.0,1,1.0334,low (1 condition),HOUSTON,77030.0,HARRIS,Acute Care Hospitals,Government - Hospital District or Authority,Yes,48201,73104,650,4758579,1303071,890273,5099,2065668,Government
450324,TEXOMA MEDICAL CENTER,TX,2638.0,5,1.0815,high (4-6 conditions),DENISON,75020.0,GRAYSON,Acute Care Hospitals,Proprietary,Yes,48181,70455,2166,139988,100814,7441,532,22190,For-profit
450330,OAKBEND MEDICAL CENTER,TX,148.0,2,1.0182,medium (2-3 conditions),RICHMOND,77469.0,FORT BEND,Acute Care Hospitals,Government - Hospital District or Authority,Yes,48157,113409,2627,859721,256176,174209,866,210272,Government
450346,BAPTIST BEAUMONT HOSPITAL,TX,722.0,3,1.0258,medium (2-3 conditions),BEAUMONT,77701.0,JEFFERSON,Acute Care Hospitals,Voluntary non-profit - Private,Yes,48245,59934,2138,253939,94924,83512,381,59759,Nonprofit
450347,HUNTSVILLE MEMORIAL HOSPITAL,TX,356.0,3,1.0281,medium (2-3 conditions),HUNTSVILLE,77340.0,WALKER,Acute Care Hospitals,Voluntary non-profit - Private,Yes,48471,49862,5103,78292,41681,15506,95,16931,Nonprofit
450351,TEXAS HEALTH HARRIS METHODIST HOSPITAL STEPHENVILL,TX,171.0,2,1.0022,medium (2-3 conditions),STEPHENVILLE,76401.0,ERATH,Acute Care Hospitals,Voluntary non-profit - Private,Yes,48143,65351,4335,43244,31390,595,114,9508,Nonprofit
450352,HUNT REGIONAL MEDICAL CENTER,TX,1027.0,4,1.0346,high (4-6 conditions),GREENVILLE,75401.0,HUNT,Acute Care Hospitals,Government - Hospital District or Authority,Yes,48231,70112,2545,104917,69771,8053,470,21575,Government
450358,HOUSTON METHODIST HOSPITAL,TX,3405.0,5,0.9432,high (4-6 conditions),HOUSTON,77030.0,HARRIS,Acute Care Hospitals,Voluntary non-profit - Private,Yes,48201,73104,650,4758579,1303071,890273,5099,2065668,Nonprofit
450370,COLUMBUS COMMUNITY HOSPITAL,TX,57.0,1,1.0167,low (1 condition),COLUMBUS,78934.0,COLORADO,Acute Care Hospitals,Voluntary non-profit - Private,Yes,48089,68554,5095,20736,11493,2550,13,6218,Nonprofit
450372,BAYLOR SCOTT & WHITE MEDICAL CENTER- WAXAHACHIE,TX,820.0,4,1.0443,high (4-6 conditions),WAXAHACHIE,75165.0,ELLIS,Acute Care Hospitals,Voluntary non-profit - Private,Yes,48139,95898,3543,203927,111619,26896,266,56354,Nonprofit
450379,DALLAS MEDICAL CENTER,TX,56.0,1,1.0205,low (1 condition),DALLAS,75234.0,DALLAS,Acute Care Hospitals,Proprietary,Yes,48113,74149,771,2603816,705258,578968,3947,1061995,For-profit
450388,METHODIST HOSPITAL,TX,6202.0,6,1.0145,high (4-6 conditions),SAN ANTONIO,78229.0,BEXAR,Acute Care Hospitals,Proprietary,Yes,48029,70571,776,2037344,544259,149264,2632,1212855,For-profit
450389,UT HEALTH EAST TEXAS ATHENS HOSPITAL,TX,527.0,3,1.0565,medium (2-3 conditions),ATHENS,75751.0,HENDERSON,Acute Care Hospitals,Proprietary,Yes,48213,63955,2911,83658,62931,4408,190,11964,For-profit
450395,CHI ST LUKES HEALTH MEMORIAL LIVINGSTON,TX,52.0,1,1.0507,low (1 condition),LIVINGSTON,77351.0,POLK,Acute Care Hospitals,Voluntary non-profit - Private,Yes,48373,59066,3522,51780,36983,4057,540,7799,Nonprofit
450400,PARKVIEW REGIONAL HOSPITAL,TX,75.0,1,1.0329,low (1 condition),MEXIA,76667.0,LIMESTONE,Acute Care Hospitals,Proprietary,Yes,48293,58109,5096,22185,12308,3770,35,5126,For-profit
450403,MEDICAL CENTER OF MCKINNEY,TX,1243.0,4,1.0786,high (4-6 conditions),MCKINNEY,75069.0,COLLIN,Acute Care Hospitals,Proprietary,Yes,48085,117588,1528,1116601,572361,117821,2225,178350,For-profit
450424,HOUSTON METHODIST BAYTOWN HOSPITAL,TX,1063.0,4,0.9147,high (4-6 conditions),BAYTOWN,77521.0,HARRIS,Acute Care Hospitals,Voluntary non-profit - Private,Yes,48201,73104,650,4758579,1303071,890273,5099,2065668,Nonprofit
450431,ST DAVID'S MEDICAL CENTER,TX,3247.0,6,1.0017,high (4-6 conditions),AUSTIN,78705.0,TRAVIS,Acute Care Hospitals,Proprietary,Yes,48453,97169,1289,1307625,624387,102188,1638,425105,For-profit
450447,NAVARRO REGIONAL HOSPITAL,TX,278.0,2,1.0465,medium (2-3 conditions),CORSICANA,75110.0,NAVARRO,Acute Care Hospitals,Government - Hospital District or Authority,Yes,48349,59310,3774,53735,27289,5704,33,16796,Government
450462,TEXAS HEALTH PRESBYTERIAN HOSPITAL DALLAS,TX,1700.0,4,0.9176,high (4-6 conditions),DALLAS,75231.0,DALLAS,Acute Care Hospitals,Voluntary non-profit - Private,Yes,48113,74149,771,2603816,705258,578968,3947,1061995,Nonprofit
450465,MATAGORDA REGIONAL MEDICAL CENTER,TX,186.0,2,0.9475,medium (2-3 conditions),BAY CITY,77414.0,MATAGORDA,Acute Care Hospitals,Government - Hospital District or Authority,Yes,48321,55174,6186,36274,15269,3669,42,15678,Government
450469,WILSON N JONES REGIONAL MEDICAL CENTER,TX,113.0,1,1.0525,low (1 condition),SHERMAN,75092.0,GRAYSON,Acute Care Hospitals,Proprietary,Yes,48181,70455,2166,139988,100814,7441,532,22190,For-profit
450484,WOODLAND HEIGHTS MEDICAL CENTER,TX,715.0,4,0.9824,high (4-6 conditions),LUFKIN,75904.0,ANGELINA,Acute Care Hospitals,Proprietary,Yes,48005,58847,2883,86791,51241,10603,163,20104,For-profit
450508,NACOGDOCHES MEMORIAL HOSPITAL,TX,240.0,2,1.0738,medium (2-3 conditions),NACOGDOCHES,75961.0,NACOGDOCHES,Acute Care Hospitals,Proprietary,Yes,48347,51528,2285,64897,37520,11063,86,13825,For-profit
450518,THE MEDICAL CENTER OF SOUTHEAST TEXAS,TX,408.0,4,1.0116,high (4-6 conditions),PORT ARTHUR,77640.0,JEFFERSON,Acute Care Hospitals,Physician,Yes,48245,59934,2138,253939,94924,83512,381,59759,Physician-owned
450537,METHODIST RICHARDSON MEDICAL CENTER,TX,867.0,4,0.9753,high (4-6 conditions),RICHARDSON,75082.0,COLLIN,Acute Care Hospitals,Voluntary non-profit - Private,Yes,48085,117588,1528,1116601,572361,117821,2225,178350,Nonprofit
450563,BAYLOR SCOTT & WHITE MEDICAL CENTER  GRAPEVINE,TX,1186.0,4,0.9832,high (4-6 conditions),GRAPEVINE,76051.0,TARRANT,Acute Care Hospitals,Voluntary non-profit - Private,Yes,48439,81905,930,2135743,921922,366947,3221,637594,Nonprofit
450571,SHANNON MEDICAL CENTER,TX,1676.0,5,0.9593,high (4-6 conditions),SAN ANGELO,76903.0,TOM GREEN,Acute Care Hospitals,Voluntary non-profit - Private,Yes,48451,66254,3722,119398,62009,4009,88,47877,Nonprofit
450587,HENDRICK MEDICAL CENTER BROWNWOOD,TX,308.0,2,0.9765,medium (2-3 conditions),BROWNWOOD,76801.0,BROWN,Acute Care Hospitals,Voluntary non-profit - Private,Yes,48049,55305,3343,38294,27004,1235,22,8503,Nonprofit
450596,LAKE GRANBURY MEDICAL CENTER,TX,337.0,2,0.9848,medium (2-3 conditions),GRANBURY,76048.0,HOOD,Acute Care Hospitals,Proprietary,Yes,48221,86802,5044,64198,52062,657,172,8569,For-profit
450604,HILL COUNTRY MEMORIAL HOSPITAL,TX,81.0,1,1.0082,low (1 condition),FREDERICKSBURG,78624.0,GILLESPIE,Acute Care Hospitals,Proprietary,Yes,48171,67799,6755,27202,20185,51,19,6092,For-profit
450610,MEMORIAL HERMANN MEMORIAL CITY HOSPITAL,TX,1119.0,4,0.9164,high (4-6 conditions),HOUSTON,77024.0,HARRIS,Acute Care Hospitals,Voluntary non-profit - Private,Yes,48201,73104,650,4758579,1303071,890273,5099,2065668,Nonprofit
450617,HCA HOUSTON HEALTHCARE CLEAR LAKE,TX,1434.0,4,1.0525,high (4-6 conditions),WEBSTER,77598.0,HARRIS,Acute Care Hospitals,Proprietary,Yes,48201,73104,650,4758579,1303071,890273,5099,2065668,For-profit
450634,MEDICAL CITY DENTON,TX,993.0,4,1.065,high (4-6 conditions),DENTON,76210.0,DENTON,Acute Care Hospitals,Proprietary,Yes,48121,108185,1464,945644,511104,99365,1385,191815,For-profit
450638,HCA HOUSTON HEALTHCARE NORTHWEST,TX,207.0,2,1.0432,medium (2-3 conditions),HOUSTON,77090.0,HARRIS,Acute Care Hospitals,Proprietary,Yes,48201,73104,650,4758579,1303071,890273,5099,2065668,For-profit
450639,TEXAS HEALTH HARRIS METHODIST HURST-EULESS-BEDFORD,TX,1104.0,4,1.089,high (4-6 conditions),BEDFORD,76022.0,TARRANT,Acute Care Hospitals,Voluntary non-profit - Private,Yes,48439,81905,930,2135743,921922,366947,3221,637594,Nonprofit
450643,DOCTORS HOSPITAL OF LAREDO,TX,268.0,2,1.0389,medium (2-3 conditions),LAREDO,78041.0,WEBB,Acute Care Hospitals,Proprietary,Yes,48479,62506,2316,267731,9554,995,112,254619,For-profit
450644,HCA HOUSTON HEALTHCARE WEST,TX,318.0,2,0.9942,medium (2-3 conditions),HOUSTON,77082.0,HARRIS,Acute Care Hospitals,Proprietary,Yes,48201,73104,650,4758579,1303071,890273,5099,2065668,For-profit
450647,MEDICAL CITY DALLAS HOSPITAL,TX,1081.0,4,1.0132,high (4-6 conditions),DALLAS,75230.0,DALLAS,Acute Care Hospitals,Proprietary,Yes,48113,74149,771,2603816,705258,578968,3947,1061995,For-profit
450651,MEDICAL CITY PLANO,TX,1575.0,5,0.9986,high (4-6 conditions),PLANO,75075.0,COLLIN,Acute Care Hospitals,Proprietary,Yes,48085,117588,1528,1116601,572361,117821,2225,178350,For-profit
450653,SCENIC MOUNTAIN MEDICAL CENTER,TX,50.0,1,1.0566,low (1 condition),BIG SPRING,79720.0,HOWARD,Acute Care Hospitals,Proprietary,Yes,48227,71457,3000,33127,14579,1615,109,15547,For-profit
450654,STARR COUNTY MEMORIAL HOSPITAL,TX,73.0,1,1.0419,low (1 condition),RIO GRANDE CITY,78582.0,STARR,Acute Care Hospitals,Government - Hospital District or Authority,Yes,48427,38182,3996,65809,1417,164,0,64036,Government
450656,NACOGDOCHES MEDICAL CENTER,TX,554.0,3,1.022,medium (2-3 conditions),NACOGDOCHES,75965.0,NACOGDOCHES,Acute Care Hospitals,Voluntary non-profit - Other,Yes,48347,51528,2285,64897,37520,11063,86,13825,Nonprofit
450659,HCA HOUSTON HEALTHCARE MEDICAL CENTER,TX,158.0,2,1.0247,medium (2-3 conditions),HOUSTON,77004.0,HARRIS,Acute Care Hospitals,Proprietary,Yes,48201,73104,650,4758579,1303071,890273,5099,2065668,For-profit
450661,ODESSA REGIONAL MEDICAL CENTER,TX,163.0,1,0.9689,low (1 condition),ODESSA,79761.0,ECTOR,Acute Care Hospitals,Proprietary,Yes,48135,71031,3603,163206,48982,7650,311,101602,For-profit
450662,VALLEY REGIONAL MEDICAL CENTER,TX,402.0,3,1.0323,medium (2-3 conditions),BROWNSVILLE,78526.0,CAMERON,Acute Care Hospitals,Proprietary,Yes,48061,51334,1640,423192,37309,1872,409,378059,For-profit
450668,SIERRA MEDICAL CENTER,TX,330.0,2,0.9999,medium (2-3 conditions),EL PASO,79902.0,EL PASO,Acute Care Hospitals,Proprietary,Yes,48141,58859,1208,866275,97259,25346,2212,716543,For-profit
450669,MEDICAL CITY LEWISVILLE,TX,475.0,3,1.0152,medium (2-3 conditions),LEWISVILLE,75057.0,DENTON,Acute Care Hospitals,Voluntary non-profit - Private,Yes,48121,108185,1464,945644,511104,99365,1385,191815,Nonprofit
450670,HCA HOUSTON HEALTHCARE TOMBALL,TX,660.0,4,1.0583,high (4-6 conditions),TOMBALL,77375.0,HARRIS,Acute Care Hospitals,Proprietary,Yes,48201,73104,650,4758579,1303071,890273,5099,2065668,For-profit
450672,MEDICAL CITY FORT WORTH,TX,846.0,5,1.0621,high (4-6 conditions),FORT WORTH,76104.0,TARRANT,Acute Care Hospitals,Proprietary,Yes,48439,81905,930,2135743,921922,366947,3221,637594,For-profit
450675,MEDICAL CITY ARLINGTON,TX,749.0,3,1.0786,medium (2-3 conditions),ARLINGTON,76015.0,TARRANT,Acute Care Hospitals,Proprietary,Yes,48439,81905,930,2135743,921922,366947,3221,637594,For-profit
450677,TEXAS HEALTH HUGULEY HOSPITAL FORT WORTH SOUTH,TX,1026.0,4,1.0128,high (4-6 conditions),FORT WORTH,76115.0,TARRANT,Acute Care Hospitals,Voluntary non-profit - Private,Yes,48439,81905,930,2135743,921922,366947,3221,637594,Nonprofit
450678,WHITE ROCK MEDICAL CENTER,TX,217.0,2,1.0712,medium (2-3 conditions),DALLAS,75218.0,DALLAS,Acute Care Hospitals,Proprietary,Yes,48113,74149,771,2603816,705258,578968,3947,1061995,For-profit
450684,MEMORIAL HERMANN NORTHEAST HOSPITAL,TX,982.0,4,1.0146,high (4-6 conditions),HUMBLE,77338.0,HARRIS,Acute Care Hospitals,Voluntary non-profit - Private,Yes,48201,73104,650,4758579,1303071,890273,5099,2065668,Nonprofit
450686,UNIVERSITY MEDICAL CENTER,TX,1092.0,5,1.0154,high (4-6 conditions),LUBBOCK,79415.0,LUBBOCK,Acute Care Hospitals,Government - Hospital District or Authority,Yes,48303,63367,1835,314633,164080,21230,488,112607,Government
450688,DALLAS REGIONAL MEDICAL CENTER,TX,362.0,3,1.0023,medium (2-3 conditions),MESQUITE,75149.0,DALLAS,Acute Care Hospitals,Proprietary,Yes,48113,74149,771,2603816,705258,578968,3947,1061995,For-profit
450694,EL CAMPO MEMORIAL HOSPITAL,TX,85.0,1,1.0458,low (1 condition),EL CAMPO,77437.0,WHARTON,Acute Care Hospitals,Voluntary non-profit - Other,Yes,48481,66100,3893,41651,18297,5167,31,17294,Nonprofit
450702,LONGVIEW REGIONAL MEDICAL CENTER,TX,1083.0,4,1.0239,high (4-6 conditions),LONGVIEW,75605.0,GREGG,Acute Care Hospitals,Proprietary,Yes,48183,64809,2733,124860,69011,23969,150,24748,For-profit
450709,HOUSTON METHODIST CLEAR LAKE HOSPITAL,TX,786.0,4,1.0109,high (4-6 conditions),NASSAU BAY,77058.0,HARRIS,Acute Care Hospitals,Voluntary non-profit - Private,Yes,48201,73104,650,4758579,1303071,890273,5099,2065668,Nonprofit
450711,RIO GRANDE REGIONAL HOSPITAL,TX,285.0,2,1.012,medium (2-3 conditions),MCALLEN,78503.0,HIDALGO,Acute Care Hospitals,Proprietary,Yes,48215,52281,1265,880921,53536,4814,630,809705,For-profit
450713,ST DAVID'S SOUTH AUSTIN MEDICAL CENTER,TX,1410.0,4,0.9767,high (4-6 conditions),AUSTIN,78704.0,TRAVIS,Acute Care Hospitals,Proprietary,Yes,48453,97169,1289,1307625,624387,102188,1638,425105,For-profit
450718,ROUND ROCK MEDICAL CENTER,TX,1100.0,4,0.9718,high (4-6 conditions),ROUND ROCK,78681.0,WILLIAMSON,Acute Care Hospitals,Proprietary,Yes,48491,108309,2023,643889,354615,42712,727,157980,For-profit
450723,METHODIST CHARLTON MEDICAL CENTER,TX,750.0,4,1.0138,high (4-6 conditions),DALLAS,75237.0,DALLAS,Acute Care Hospitals,Voluntary non-profit - Private,Yes,48113,74149,771,2603816,705258,578968,3947,1061995,Nonprofit
450730,CARROLLTON REGIONAL MEDICAL CENTER,TX,170.0,2,1.0065,medium (2-3 conditions),CARROLLTON,75010.0,DENTON,Acute Care Hospitals,Proprietary,Yes,48121,108185,1464,945644,511104,99365,1385,191815,For-profit
450742,BAYLOR SCOTT AND WHITE MEDICAL CENTER LAKE POINTE,TX,817.0,4,1.0835,high (4-6 conditions),ROWLETT,75088.0,DALLAS,Acute Care Hospitals,Voluntary non-profit - Private,Yes,48113,74149,771,2603816,705258,578968,3947,1061995,Nonprofit
450743,TEXAS HEALTH PRESBYTERIAN HOSPITAL DENTON,TX,1141.0,4,0.9675,high (4-6 conditions),DENTON,76201.0,DENTON,Acute Care Hospitals,Voluntary non-profit - Private,Yes,48121,108185,1464,945644,511104,99365,1385,191815,Nonprofit
450747,PALESTINE REGIONAL MEDICAL CENTER,TX,276.0,3,1.0233,medium (2-3 conditions),PALESTINE,75801.0,ANDERSON,Acute Care Hospitals,Proprietary,Yes,48001,58846,4186,57825,32271,10519,440,11182,For-profit
450771,TEXAS HEALTH PRESBYTERIAN HOSPITAL PLANO,TX,1148.0,4,1.0442,high (4-6 conditions),PLANO,75093.0,COLLIN,Acute Care Hospitals,Voluntary non-profit - Private,Yes,48085,117588,1528,1116601,572361,117821,2225,178350,Nonprofit
450775,HCA HOUSTON HEALTHCARE KINGWOOD,TX,1868.0,4,1.0127,high (4-6 conditions),KINGWOOD,77325.0,HARRIS,Acute Care Hospitals,Proprietary,Yes,48201,73104,650,4758579,1303071,890273,5099,2065668,For-profit
450779,TEXAS HEALTH HARRIS METHODIST HOSPITAL SOUTHWEST F,TX,1107.0,4,0.9794,high (4-6 conditions),FORT WORTH,76132.0,TARRANT,Acute Care Hospitals,Voluntary non-profit - Private,Yes,48439,81905,930,2135743,921922,366947,3221,637594,Nonprofit
450788,"CORPUS CHRISTI MEDICAL CENTER,THE",TX,1161.0,5,0.9574,high (4-6 conditions),CORPUS CHRISTI,78411.0,NUECES,Acute Care Hospitals,Voluntary non-profit - Other,Yes,48355,66021,1570,352829,105486,13160,456,219138,Nonprofit
450801,CHRISTUS ST MICHAEL HEALTH SYSTEM,TX,1961.0,5,1.0126,high (4-6 conditions),TEXARKANA,75503.0,BOWIE,Acute Care Hospitals,Voluntary non-profit - Private,Yes,48037,59295,2241,92321,56874,22837,345,7726,Nonprofit
450804,TEXAS ORTHOPEDIC HOSPITAL,TX,1082.0,1,0.5709,low (1 condition),HOUSTON,77030.0,HARRIS,Acute Care Hospitals,Voluntary non-profit - Other,Yes,48201,73104,650,4758579,1303071,890273,5099,2065668,Nonprofit
450809,NORTH AUSTIN MEDICAL CENTER,TX,1038.0,4,1.0565,high (4-6 conditions),AUSTIN,78758.0,TRAVIS,Acute Care Hospitals,Proprietary,Yes,48453,97169,1289,1307625,624387,102188,1638,425105,For-profit
450820,HOUSTON METHODIST SUGARLAND HOSPITAL,TX,2282.0,4,1.0262,high (4-6 conditions),SUGAR LAND,77479.0,FORT BEND,Acute Care Hospitals,Voluntary non-profit - Private,Yes,48157,113409,2627,859721,256176,174209,866,210272,Nonprofit
450822,MEDICAL CITY LAS COLINAS,TX,195.0,2,1.0313,medium (2-3 conditions),IRVING,75039.0,DALLAS,Acute Care Hospitals,Proprietary,Yes,48113,74149,771,2603816,705258,578968,3947,1061995,For-profit
450828,CHRISTUS SPOHN HOSPITAL ALICE,TX,80.0,1,1.009,low (1 condition),ALICE,78332.0,JIM WELLS,Acute Care Hospitals,Voluntary non-profit - Private,Yes,48249,47492,8911,38863,7206,231,35,30860,Nonprofit
450834,"PHYSICIANS CENTRE,THE",TX,369.0,1,0.9264,low (1 condition),BRYAN,77802.0,BRAZOS,Acute Care Hospitals,Proprietary,Yes,48041,58388,1835,237980,127348,24510,173,64536,For-profit
450840,TEXAS HEALTH PRESBYTERIAN HOSPITAL ALLEN,TX,415.0,2,0.9864,medium (2-3 conditions),ALLEN,75013.0,COLLIN,Acute Care Hospitals,Voluntary non-profit - Private,Yes,48085,117588,1528,1116601,572361,117821,2225,178350,Nonprofit
450844,HOUSTON METHODIST WILLOWBROOK HOSPITAL,TX,1700.0,4,1.071,high (4-6 conditions),HOUSTON,77070.0,HARRIS,Acute Care Hospitals,Voluntary non-profit - Private,Yes,48201,73104,650,4758579,1303071,890273,5099,2065668,Nonprofit
450847,MEMORIAL HERMANN KATY HOSPITAL,TX,1007.0,4,0.9404,high (4-6 conditions),KATY,77494.0,FORT BEND,Acute Care Hospitals,Voluntary non-profit - Private,Yes,48157,113409,2627,859721,256176,174209,866,210272,Nonprofit
450848,MEMORIAL HERMANN SUGAR LAND HOSPITAL,TX,615.0,2,1.0441,medium (2-3 conditions),SUGAR LAND,77479.0,FORT BEND,Acute Care Hospitals,Voluntary non-profit - Private,Yes,48157,113409,2627,859721,256176,174209,866,210272,Nonprofit
450851,BAYLOR SCOTT & WHITE HEART & VASCULAR HOSPITAL - DALLAS,TX,336.0,2,1.0382,medium (2-3 conditions),DALLAS,75226.0,DALLAS,Acute Care Hospitals,Proprietary,Yes,48113,74149,771,2603816,705258,578968,3947,1061995,For-profit
450855,HARLINGEN MEDICAL CENTER,TX,397.0,3,0.9638,medium (2-3 conditions),HARLINGEN,78550.0,CAMERON,Acute Care Hospitals,Proprietary,Yes,48061,51334,1640,423192,37309,1872,409,378059,For-profit
450856,SOUTH TEXAS SPINE AND SURGICAL HOSPITAL,TX,477.0,1,0.8173,low (1 condition),SAN ANTONIO,78258.0,BEXAR,Acute Care Hospitals,Physician,Yes,48029,70571,776,2037344,544259,149264,2632,1212855,Physician-owned
450862,ST LUKE'S THE WOODLANDS HOSPITAL,TX,804.0,4,0.995,high (4-6 conditions),THE WOODLANDS,77384.0,MONTGOMERY,Acute Care Hospitals,Voluntary non-profit - Private,Yes,48339,97266,2149,654722,395015,37118,670,177581,Nonprofit
450864,BAYLOR SCOTT & WHITE TEXAS SPINE & JOINT HOSPITAL,TX,899.0,1,0.7587,low (1 condition),TYLER,75701.0,SMITH,Acute Care Hospitals,Physician,Yes,48423,71923,1916,238014,137969,39597,146,49012,Physician-owned
450867,ASCENSION SETON NORTHWEST,TX,155.0,2,1.0155,medium (2-3 conditions),AUSTIN,78759.0,TRAVIS,Acute Care Hospitals,Voluntary non-profit - Private,Yes,48453,97169,1289,1307625,624387,102188,1638,425105,Nonprofit
450869,DOCTORS HOSPTAL AT RENAISSANCE,TX,444.0,3,0.9764,medium (2-3 conditions),EDINBURG,78539.0,HIDALGO,Acute Care Hospitals,Physician,Yes,48215,52281,1265,880921,53536,4814,630,809705,Physician-owned
450875,QUAIL CREEK SURGICAL HOSPITAL,TX,179.0,1,1.1269,low (1 condition),AMARILLO,79124.0,POTTER,Acute Care Hospitals,Proprietary,Yes,48375,50448,1634,116634,50076,11919,311,45218,For-profit
450876,LUBBOCK HEART HOSPITAL LP,TX,359.0,3,1.0205,medium (2-3 conditions),LUBBOCK,79416.0,LUBBOCK,Acute Care Hospitals,Government - Hospital District or Authority,Yes,48303,63367,1835,314633,164080,21230,488,112607,Government
450885,BAYLOR SCOTT &  WHITE MEDICAL CENTER - CENTENNIAL,TX,374.0,3,1.0041,medium (2-3 conditions),FRISCO,75035.0,COLLIN,Acute Care Hospitals,Voluntary non-profit - Private,Yes,48085,117588,1528,1116601,572361,117821,2225,178350,Nonprofit
450890,BAYLOR SCOTT & WHITE MEDICAL CENTER PLANO,TX,830.0,3,0.9922,medium (2-3 conditions),PLANO,75093.0,COLLIN,Acute Care Hospitals,Voluntary non-profit - Other,Yes,48085,117588,1528,1116601,572361,117821,2225,178350,Nonprofit
450893,THE HEART HOSPITAL BAYLOR DENTON,TX,530.0,3,0.934,medium (2-3 conditions),DENTON,76208.0,DENTON,Acute Care Hospitals,Physician,Yes,48121,108185,1464,945644,511104,99365,1385,191815,Physician-owned
460001,INTERMOUNTAIN HEALTH UTAH VALLEY HOSPITAL,UT,1081.0,3,0.8949,medium (2-3 conditions),PROVO,84604.0,UTAH,Acute Care Hospitals,Voluntary non-profit - Private,Yes,49049,96877,1030,683622,539347,4093,1689,94727,Nonprofit
460004,MCKAY-DEE HOSPITAL,UT,819.0,3,0.871,medium (2-3 conditions),OGDEN,84403.0,WEBER,Acute Care Hospitals,Voluntary non-profit - Private,Yes,49057,87083,1853,266183,198459,2802,998,50354,Nonprofit
460005,OGDEN REGIONAL MEDICAL CENTER,UT,261.0,2,0.9735,medium (2-3 conditions),OGDEN,84405.0,WEBER,Acute Care Hospitals,Proprietary,Yes,49057,87083,1853,266183,198459,2802,998,50354,For-profit
460006,LDS HOSPITAL,UT,120.0,1,0.9368,low (1 condition),SALT LAKE CITY,84143.0,SALT LAKE,Acute Care Hospitals,Voluntary non-profit - Private,Yes,49035,94658,1220,1184689,804254,19552,5757,236654,Nonprofit
460009,UNIVERSITY OF UTAH HOSPITAL AND CLINICS,UT,1007.0,3,0.891,medium (2-3 conditions),SALT LAKE CITY,84132.0,SALT LAKE,Acute Care Hospitals,Government - State,Yes,49035,94658,1220,1184689,804254,19552,5757,236654,Government
460010,INTERMOUNTAIN MEDICAL CENTER,UT,1503.0,4,0.7769,high (4-6 conditions),MURRAY,84107.0,SALT LAKE,Acute Care Hospitals,Voluntary non-profit - Private,Yes,49035,94658,1220,1184689,804254,19552,5757,236654,Nonprofit
460011,CASTLEVIEW HOSPITAL,UT,182.0,1,1.2706,low (1 condition),PRICE,84501.0,CARBON,Acute Care Hospitals,Proprietary,Yes,49007,53673,3677,20446,16832,107,118,2701,For-profit
460015,LOGAN REGIONAL HOSPITAL,UT,157.0,1,0.8582,low (1 condition),LOGAN,84341.0,CACHE,Acute Care Hospitals,Voluntary non-profit - Private,Yes,49005,78292,2156,137031,112281,900,103,15806,Nonprofit
460021,ST. GEORGE REGIONAL HOSPITAL,UT,1912.0,5,0.8962,high (4-6 conditions),ST GEORGE,84790.0,WASHINGTON,Acute Care Hospitals,Voluntary non-profit - Private,Yes,49053,76411,3253,189827,155308,885,1263,22296,Nonprofit
460023,AMERICAN FORK HOSPITAL,UT,121.0,1,1.0082,low (1 condition),AMERICAN FORK,84003.0,UTAH,Acute Care Hospitals,Voluntary non-profit - Private,Yes,49049,96877,1030,683622,539347,4093,1689,94727,Nonprofit
460041,HOLY CROSS HOSPITAL-DAVIS,UT,272.0,2,0.9418,medium (2-3 conditions),LAYTON,84041.0,DAVIS,Acute Care Hospitals,Voluntary non-profit - Private,Yes,49011,108058,2051,366742,295736,4193,1111,41283,Nonprofit
460042,LAKEVIEW HOSPITAL,UT,68.0,1,1.0602,low (1 condition),BOUNTIFUL,84010.0,DAVIS,Acute Care Hospitals,Voluntary non-profit - Other,Yes,49011,108058,2051,366742,295736,4193,1111,41283,Nonprofit
460047,ST MARK'S HOSPITAL,UT,893.0,4,0.9395,high (4-6 conditions),SALT LAKE CITY,84124.0,SALT LAKE,Acute Care Hospitals,Proprietary,Yes,49035,94658,1220,1184689,804254,19552,5757,236654,For-profit
460051,HOLY CROSS HOSPITAL-JORDAN VALLEY,UT,292.0,2,0.9718,medium (2-3 conditions),WEST JORDAN,84088.0,SALT LAKE,Acute Care Hospitals,Voluntary non-profit - Private,Yes,49035,94658,1220,1184689,804254,19552,5757,236654,Nonprofit
460060,LONE PEAK HOSPITAL,UT,45.0,1,1.0559,low (1 condition),DRAPER,84020.0,SALT LAKE,Acute Care Hospitals,Proprietary,Yes,49035,94658,1220,1184689,804254,19552,5757,236654,For-profit
470001,CENTRAL VERMONT MEDICAL CENTER,VT,624.0,2,1.0836,medium (2-3 conditions),BARRE,5641.0,WASHINGTON,Acute Care Hospitals,Voluntary non-profit - Private,Yes,50023,79853,2906,59958,55094,518,10,1614,Nonprofit
470003,UNIV. OF VERMONT - FLETCHER ALLEN HEALTH CARE,VT,2263.0,5,0.95,high (4-6 conditions),BURLINGTON,5401.0,CHITTENDEN,Acute Care Hospitals,Voluntary non-profit - Other,Yes,50007,94310,2768,168831,145454,4190,145,4773,Nonprofit
470005,RUTLAND REGIONAL MEDICAL CENTER,VT,701.0,3,0.9753,medium (2-3 conditions),RUTLAND,5701.0,RUTLAND,Acute Care Hospitals,Voluntary non-profit - Private,Yes,50021,64778,2933,60484,56412,375,2,1279,Nonprofit
470011,BRATTLEBORO MEMORIAL HOSPITAL,VT,261.0,2,0.9535,medium (2-3 conditions),BRATTLEBORO,5301.0,WINDHAM,Acute Care Hospitals,Voluntary non-profit - Private,Yes,50025,68021,4236,45913,41617,372,30,1383,Nonprofit
470012,SOUTHWESTERN VERMONT MEDICAL CENTER,VT,608.0,3,0.9896,medium (2-3 conditions),BENNINGTON,5201.0,BENNINGTON,Acute Care Hospitals,Voluntary non-profit - Private,Yes,50003,71494,4402,37312,34163,380,33,1023,Nonprofit
470024,NORTHWESTERN MEDICAL CENTER INC,VT,433.0,3,0.9674,medium (2-3 conditions),SAINT ALBANS,5478.0,FRANKLIN,Acute Care Hospitals,Voluntary non-profit - Other,Yes,50011,79078,5479,50379,46462,138,156,973,Nonprofit
490002,RUSSELL COUNTY HOSPITAL,VA,160.0,3,1.0434,medium (2-3 conditions),LEBANON,24266.0,RUSSELL,Acute Care Hospitals,Voluntary non-profit - Private,Yes,51167,49020,6164,25635,24810,309,41,167,Nonprofit
490004,SENTARA RMH MEDICAL CENTER,VA,1999.0,4,0.9915,high (4-6 conditions),HARRISONBURG,22801.0,HARRISONBURG CITY,Acute Care Hospitals,Voluntary non-profit - Private,Yes,51660,59752,2394,51492,31608,3620,11,11890,Nonprofit
490005,WINCHESTER MEDICAL CENTER,VA,3369.0,6,1.0238,high (4-6 conditions),WINCHESTER,22601.0,WINCHESTER CITY,Acute Care Hospitals,Voluntary non-profit - Private,Yes,51840,64648,4489,27981,17552,2472,36,5611,Nonprofit
490007,SENTARA NORFOLK GENERAL HOSPITAL,VA,2258.0,5,0.9775,high (4-6 conditions),NORFOLK,23507.0,NORFOLK CITY,Acute Care Hospitals,Voluntary non-profit - Other,Yes,51710,64017,1777,235037,97557,91781,610,23196,Nonprofit
490009,UNIVERSITY OF VIRGINIA MEDICAL CENTER,VA,1916.0,5,0.9334,high (4-6 conditions),CHARLOTTESVILLE,22908.0,CHARLOTTESVILLE CITY,Acute Care Hospitals,Government - State,Yes,51540,69829,7075,45863,29533,7716,34,3103,Government
490013,SENTARA HALIFAX REGIONAL HOSPITAL,VA,620.0,3,0.96,medium (2-3 conditions),SOUTH BOSTON,24592.0,HALIFAX,Acute Care Hospitals,Voluntary non-profit - Private,Yes,51083,49244,3702,33811,20130,11731,29,840,Nonprofit
490017,BON SECOURS MARYVIEW MEDICAL CENTER,VA,793.0,4,1.0368,high (4-6 conditions),PORTSMOUTH,23707.0,PORTSMOUTH CITY,Acute Care Hospitals,Voluntary non-profit - Private,Yes,51740,58972,1991,97299,34957,49782,140,4942,Nonprofit
490018,AUGUSTA HEALTH,VA,1429.0,4,0.8751,high (4-6 conditions),FISHERSVILLE,22939.0,AUGUSTA,Acute Care Hospitals,Voluntary non-profit - Private,Yes,51015,79972,4036,77713,68690,3314,127,2931,Nonprofit
490019,UVA HEALTH CULPEPER MEDICAL CENTER,VA,637.0,3,1.0326,medium (2-3 conditions),CULPEPER,22701.0,CULPEPER,Acute Care Hospitals,Voluntary non-profit - Private,Yes,51047,96098,5662,53563,35089,6872,142,7912,Nonprofit
490020,JOHN RANDOLPH MEDICAL CENTER,VA,457.0,3,1.0054,medium (2-3 conditions),HOPEWELL,23860.0,HOPEWELL CITY,Acute Care Hospitals,Proprietary,Yes,51670,48681,5078,22944,9547,9443,3,1971,For-profit
490021,CENTRA HEALTH -  LYNCHBURG GEN HOSPITAL,VA,2817.0,5,0.8949,high (4-6 conditions),LYNCHBURG,24501.0,LYNCHBURG CITY,Acute Care Hospitals,Voluntary non-profit - Private,Yes,51680,59808,3594,79255,48062,21727,91,3920,Nonprofit
490022,MARY WASHINGTON HOSPITAL,VA,3066.0,5,1.1484,high (4-6 conditions),FREDERICKSBURG,22401.0,FREDERICKSBURG CITY,Acute Care Hospitals,Voluntary non-profit - Private,Yes,51630,85368,4625,28383,15795,5617,30,3508,Nonprofit
490023,FAUQUIER HOSPITAL,VA,452.0,3,1.0176,medium (2-3 conditions),WARRENTON,20186.0,FAUQUIER,Acute Care Hospitals,Proprietary,Yes,51061,129495,5639,73935,55960,4592,28,8624,For-profit
490024,CARILION MEDICAL CENTER,VA,2712.0,5,0.9153,high (4-6 conditions),ROANOKE,24014.0,ROANOKE CITY,Acute Care Hospitals,Voluntary non-profit - Private,Yes,51770,52671,2367,98677,54810,28099,85,8459,Nonprofit
490032,MEDICAL COLLEGE OF VIRGINIA HOSPITALS,VA,1211.0,5,0.9874,high (4-6 conditions),RICHMOND,23298.0,RICHMOND CITY,Acute Care Hospitals,Government - Hospital District or Authority,Yes,51760,62671,1684,227595,93413,94783,335,23439,Government
490033,WARREN MEMORIAL HOSPITAL,VA,359.0,2,1.0156,medium (2-3 conditions),FRONT ROYAL,22630.0,WARREN,Acute Care Hospitals,Voluntary non-profit - Private,Yes,51187,84331,6341,41104,33857,2051,7,2759,Nonprofit
490037,RIVERSIDE SHORE MEMORIAL HOSPITAL,VA,292.0,2,1.0086,medium (2-3 conditions),ONANCOCK,23417.0,ACCOMACK,Acute Care Hospitals,Voluntary non-profit - Private,Yes,51001,57500,7110,33326,19423,9037,33,3528,Nonprofit
490038,SMYTH COUNTY COMMUNITY HOSPITAL,VA,112.0,1,0.9766,low (1 condition),MARION,24354.0,SMYTH,Acute Care Hospitals,Voluntary non-profit - Private,Yes,51173,46859,3066,29585,27717,578,33,605,Nonprofit
490040,INOVA ALEXANDRIA HOSPITAL,VA,1369.0,4,0.9432,high (4-6 conditions),ALEXANDRIA,22304.0,ALEXANDRIA CITY,Acute Care Hospitals,Voluntary non-profit - Private,Yes,51510,113638,3178,156788,77751,32396,243,28540,Nonprofit
490041,MARY IMMACULATE HOSPITAL,VA,436.0,3,1.0575,medium (2-3 conditions),NEWPORT NEWS,23602.0,NEWPORT NEWS CITY,Acute Care Hospitals,Voluntary non-profit - Private,Yes,51700,66718,1731,184774,73541,74644,370,19474,Nonprofit
490042,CARILION NEW RIVER VALLEY MEDICAL CENTER,VA,941.0,4,0.985,high (4-6 conditions),CHRISTIANSBURG,24073.0,MONTGOMERY,Acute Care Hospitals,Voluntary non-profit - Private,Yes,51121,70769,2976,99159,80834,3837,207,4512,Nonprofit
490043,INOVA LOUDOUN HOSPITAL,VA,2162.0,4,0.8952,high (4-6 conditions),LEESBURG,20176.0,LOUDOUN,Acute Care Hospitals,Voluntary non-profit - Private,Yes,51107,178707,3411,427082,222395,31801,520,60466,Nonprofit
490044,SENTARA OBICI HOSPITAL,VA,1461.0,4,0.9908,high (4-6 conditions),SUFFOLK,23434.0,SUFFOLK CITY,Acute Care Hospitals,Voluntary non-profit - Other,Yes,51800,90089,3715,96638,44937,40147,66,4780,Nonprofit
490045,NOVANT PRINCE WILLIAM MEDICAL CENTER,VA,837.0,4,1.0113,high (4-6 conditions),MANASSAS,20110.0,MANASSAS CITY,Acute Care Hospitals,Voluntary non-profit - Private,Yes,51683,117919,5098,42674,14713,5287,51,18356,Nonprofit
490046,SENTARA LEIGH HOSPITAL,VA,2036.0,4,1.0371,high (4-6 conditions),NORFOLK,23502.0,NORFOLK CITY,Acute Care Hospitals,Voluntary non-profit - Other,No,51710,64017,1777,235037,97557,91781,610,23196,Nonprofit
490048,LEWISGALE MEDICAL CENTER,VA,1689.0,5,1.0775,high (4-6 conditions),SALEM,24153.0,SALEM CITY,Acute Care Hospitals,Proprietary,Yes,51775,66716,5519,25477,20986,1957,39,1139,For-profit
490050,VIRGINIA HOSPITAL CENTER,VA,1231.0,5,0.9779,high (4-6 conditions),ARLINGTON,22205.0,ARLINGTON,Acute Care Hospitals,Voluntary non-profit - Private,Yes,51013,140160,3591,235463,138514,21676,339,37054,Nonprofit
490052,RIVERSIDE REGIONAL MEDICAL CENTER,VA,1887.0,4,0.957,high (4-6 conditions),NEWPORT NEWS,23601.0,NEWPORT NEWS CITY,Acute Care Hospitals,Voluntary non-profit - Private,Yes,51700,66718,1731,184774,73541,74644,370,19474,Nonprofit
490053,JOHNSTON MEMORIAL HOSPITAL,VA,680.0,3,0.974,medium (2-3 conditions),ABINGDON,24211.0,WASHINGTON,Acute Care Hospitals,Voluntary non-profit - Private,Yes,51191,62774,3572,53913,50885,910,43,949,Nonprofit
490057,SENTARA VIRGINIA BEACH GENERAL HOSPITAL,VA,2268.0,4,0.9975,high (4-6 conditions),VIRGINIA BEACH,23454.0,VIRGINIA BEACH CITY,Acute Care Hospitals,Voluntary non-profit - Other,Yes,51810,90685,1693,457066,271315,83839,496,40854,Nonprofit
490059,BON SECOURS ST MARYS HOSPITAL,VA,1956.0,5,0.9614,high (4-6 conditions),RICHMOND,23226.0,RICHMOND CITY,Acute Care Hospitals,Voluntary non-profit - Private,Yes,51760,62671,1684,227595,93413,94783,335,23439,Nonprofit
490060,CLINCH VALLEY MEDICAL CENTER,VA,358.0,3,0.989,medium (2-3 conditions),RICHLANDS,24641.0,TAZEWELL,Acute Care Hospitals,Proprietary,Yes,51185,45788,3448,39933,37114,1310,4,518,For-profit
490063,INOVA FAIRFAX HOSPITAL,VA,3891.0,5,0.9626,high (4-6 conditions),FALLS CHURCH,22042.0,FAIRFAX,Acute Care Hospitals,Voluntary non-profit - Private,Yes,51600,132774,13779,24478,12850,1565,21,4483,Nonprofit
490066,SENTARA WILLIAMSBURG REGIONAL MEDICAL CENTER,VA,1087.0,4,0.9542,high (4-6 conditions),WILLIAMSBURG,23185.0,JAMES CITY,Acute Care Hospitals,Voluntary non-profit - Private,Yes,51095,107046,4875,80046,58022,10211,20,5531,Nonprofit
490067,BON SECOURS SOUTHSIDE MEDICAL CENTER,VA,1442.0,4,1.078,high (4-6 conditions),PETERSBURG,23805.0,PETERSBURG CITY,Acute Care Hospitals,Proprietary,Yes,51730,50741,2593,33365,4888,24876,17,2013,For-profit
490069,BON SECOURS MEMORIAL REGIONAL MEDICAL CENTER,VA,2124.0,5,0.99,high (4-6 conditions),MECHANICSVILLE,23116.0,HANOVER,Acute Care Hospitals,Voluntary non-profit - Church,Yes,51085,109504,3618,111652,90634,9354,116,4203,Nonprofit
490075,SOVAH HEALTH DANVILLE,VA,1265.0,4,0.9692,high (4-6 conditions),DANVILLE,24541.0,DANVILLE CITY,Acute Care Hospitals,Proprietary,Yes,51590,42778,2749,42239,16644,21229,30,2205,For-profit
490077,SENTARA MARTHA JEFFERSON HOSPITAL,VA,1315.0,4,0.9259,high (4-6 conditions),CHARLOTTESVILLE,22911.0,ALBEMARLE,Acute Care Hospitals,Voluntary non-profit - Private,Yes,51003,102617,3655,113683,84141,9989,59,8348,Nonprofit
490084,VCU HEALTH TAPPAHANNOCK HOSPITAL,VA,298.0,2,1.0065,medium (2-3 conditions),TAPPAHANNOCK,22560.0,ESSEX,Acute Care Hospitals,Voluntary non-profit - Private,Yes,51057,56481,7411,10604,5705,3961,14,461,Nonprofit
490088,CENTRA BEDFORD MEMORIAL HOSPITAL,VA,275.0,2,1.0054,medium (2-3 conditions),BEDFORD,24523.0,BEDFORD,Acute Care Hospitals,Voluntary non-profit - Private,Yes,51019,77644,2965,80254,68692,4791,83,2174,Nonprofit
490089,CARILION FRANKLIN MEMORIAL HOSPITAL,VA,334.0,2,0.9514,medium (2-3 conditions),ROCKY MOUNT,24151.0,FRANKLIN,Acute Care Hospitals,Voluntary non-profit - Private,Yes,51620,65125,9355,8212,3102,4244,0,259,Nonprofit
490090,"SOUTHSIDE COMMUNITY HOSPITAL, INC",VA,493.0,3,0.9462,medium (2-3 conditions),FARMVILLE,23901.0,PRINCE EDWARD,Acute Care Hospitals,Voluntary non-profit - Private,Yes,51147,55082,5441,21932,13117,6655,23,1050,Nonprofit
490092,BON SECOURS SOUTHAMPTON MEMORIAL HOSPITAL,VA,200.0,2,1.0611,medium (2-3 conditions),FRANKLIN,23851.0,FRANKLIN CITY,Acute Care Hospitals,Voluntary non-profit - Private,Yes,51620,65125,9355,8212,3102,4244,0,259,Nonprofit
490093,SENTARA CAREPLEX HOSPITAL,VA,997.0,4,1.0329,high (4-6 conditions),HAMPTON,23666.0,HAMPTON CITY,Acute Care Hospitals,Voluntary non-profit - Private,Yes,51650,67758,2270,137334,49231,65782,305,9084,Nonprofit
490098,COMMUNITY MEMORIAL HOSPITAL,VA,388.0,2,0.9978,medium (2-3 conditions),SOUTH HILL,23970.0,MECKLENBURG,Acute Care Hospitals,Government - Hospital District or Authority,Yes,51117,51691,4187,30431,18377,10002,88,912,Government
490101,INOVA FAIR OAKS HOSPITAL,VA,837.0,2,0.968,medium (2-3 conditions),FAIRFAX,22033.0,FAIRFAX,Acute Care Hospitals,Voluntary non-profit - Other,No,51600,132774,13779,24478,12850,1565,21,4483,Nonprofit
490107,RESTON HOSPITAL CENTER,VA,1014.0,4,1.0175,high (4-6 conditions),RESTON,20190.0,FAIRFAX,Acute Care Hospitals,Voluntary non-profit - Private,Yes,51600,132774,13779,24478,12850,1565,21,4483,Nonprofit
490110,LEWISGALE HOSPITAL MONTGOMERY,VA,691.0,4,0.9962,high (4-6 conditions),BLACKSBURG,24060.0,MONTGOMERY,Acute Care Hospitals,Proprietary,Yes,51121,70769,2976,99159,80834,3837,207,4512,For-profit
490111,WYTHE COUNTY COMMUNITY HOSPITAL,VA,227.0,2,0.9569,medium (2-3 conditions),WYTHEVILLE,24382.0,WYTHE,Acute Care Hospitals,Proprietary,Yes,51197,55359,3184,28219,26294,668,4,421,For-profit
490112,CJW MEDICAL CENTER,VA,3650.0,6,0.9836,high (4-6 conditions),RICHMOND,23225.0,RICHMOND CITY,Acute Care Hospitals,Proprietary,Yes,51760,62671,1684,227595,93413,94783,335,23439,For-profit
490113,SENTARA NORTHERN VIRGINIA MEDICAL CENTER,VA,1180.0,4,1.0675,high (4-6 conditions),WOODBRIDGE,22191.0,PRINCE WILLIAM,Acute Care Hospitals,Voluntary non-profit - Private,Yes,51153,128873,2929,484625,188367,96966,482,124358,Nonprofit
490114,LONESOME PINE HOSPITAL,VA,256.0,2,1.0363,medium (2-3 conditions),BIG STONE GAP,24219.0,WISE,Acute Care Hospitals,Voluntary non-profit - Private,Yes,51195,50740,1717,35727,32336,1887,41,485,Nonprofit
490115,TWIN COUNTY REGIONAL HOSPITAL,VA,261.0,2,1.0354,medium (2-3 conditions),GALAX,24333.0,GALAX CITY,Acute Care Hospitals,Proprietary,Yes,51640,41438,9202,6698,5076,327,29,1057,For-profit
490116,LEWISGALE HOSPITAL PULASKI,VA,192.0,2,0.9939,medium (2-3 conditions),PULASKI,24301.0,PULASKI,Acute Care Hospitals,Proprietary,Yes,51155,60767,2642,33771,30352,1548,3,725,For-profit
490118,HENRICO DOCTORS' HOSPITAL,VA,1997.0,6,1.0508,high (4-6 conditions),RICHMOND,23229.0,HENRICO,Acute Care Hospitals,Voluntary non-profit - Other,Yes,51087,86397,1572,334434,167297,98216,400,22374,Nonprofit
490119,SENTARA PRINCESS ANNE HOSPITAL,VA,1614.0,3,1.0149,medium (2-3 conditions),VIRGINIA BEACH,23456.0,VIRGINIA BEACH CITY,Acute Care Hospitals,Voluntary non-profit - Other,No,51810,90685,1693,457066,271315,83839,496,40854,Nonprofit
490120,CHESAPEAKE GENERAL HOSPITAL,VA,1941.0,4,0.9945,high (4-6 conditions),CHESAPEAKE,23320.0,CHESAPEAKE CITY,Acute Care Hospitals,Government - Hospital District or Authority,Yes,51550,94189,3124,251153,136706,71677,267,18598,Government
490122,INOVA MOUNT VERNON HOSPITAL,VA,844.0,4,0.9873,high (4-6 conditions),ALEXANDRIA,22306.0,FAIRFAX,Acute Care Hospitals,Voluntary non-profit - Private,Yes,51600,132774,13779,24478,12850,1565,21,4483,Nonprofit
490126,LEWISGALE HOSPITAL ALLEGHANY,VA,243.0,2,0.9375,medium (2-3 conditions),LOW MOOR,24457.0,ALLEGHANY,Acute Care Hospitals,Proprietary,Yes,51005,55160,3351,14962,13674,828,0,225,For-profit
490130,RIVERSIDE WALTER REED HOSPITAL,VA,378.0,2,0.9497,medium (2-3 conditions),GLOUCESTER,23061.0,GLOUCESTER,Acute Care Hospitals,Voluntary non-profit - Private,Yes,51073,83689,5736,39228,32546,3192,26,1586,Nonprofit
490136,BON SECOURS ST FRANCIS MEDICAL CENTER,VA,1129.0,4,0.9731,high (4-6 conditions),MIDLOTHIAN,23114.0,CHESTERFIELD,Acute Care Hospitals,Voluntary non-profit - Church,Yes,51041,98910,1898,371610,213334,85344,235,42400,Nonprofit
490140,"STAFFORD HOSPITAL, LLC",VA,465.0,3,1.055,medium (2-3 conditions),STAFFORD,22554.0,STAFFORD,Acute Care Hospitals,Voluntary non-profit - Private,Yes,51179,133792,4286,160520,86141,30317,156,25516,Nonprofit
490141,SPOTSYLVANIA REGIONAL MEDICAL CENTER,VA,748.0,4,1.0737,high (4-6 conditions),FREDERICKSBURG,22408.0,SPOTSYLVANIA,Acute Care Hospitals,Proprietary,Yes,51177,109576,3565,143876,90118,23560,182,18251,For-profit
490143,RIVERSIDE DOCTORS' HOSPITAL OF WILLIAMSBURG,VA,345.0,2,0.966,medium (2-3 conditions),WILLIAMSBURG,23185.0,JAMES CITY,Acute Care Hospitals,Voluntary non-profit - Private,Yes,51095,107046,4875,80046,58022,10211,20,5531,Nonprofit
490144,UVA HEALTH HAYMARKET MEDICAL CENTER,VA,445.0,2,1.0286,medium (2-3 conditions),HAYMARKET,20169.0,PRINCE WILLIAM,Acute Care Hospitals,Voluntary non-profit - Private,Yes,51153,128873,2929,484625,188367,96966,482,124358,Nonprofit
490145,STONESPRINGS HOSPITAL CENTER,VA,147.0,2,0.9983,medium (2-3 conditions),DULLES,20166.0,LOUDOUN,Acute Care Hospitals,Proprietary,Yes,51107,178707,3411,427082,222395,31801,520,60466,For-profit
500002,PROVIDENCE ST MARY MEDICAL CENTER,WA,813.0,3,0.9184,medium (2-3 conditions),WALLA WALLA,99362.0,WALLA WALLA,Acute Care Hospitals,Voluntary non-profit - Private,Yes,53071,72212,4129,62102,42505,1068,205,14538,Nonprofit
500003,SKAGIT VALLEY HOSPITAL,WA,828.0,4,0.9867,high (4-6 conditions),MOUNT VERNON,98274.0,SKAGIT,Acute Care Hospitals,Government - Hospital District or Authority,Yes,53057,85474,2182,130407,93511,971,1386,24646,Government
500005,VIRGINIA MASON MEDICAL CENTER,WA,1050.0,5,0.9515,high (4-6 conditions),SEATTLE,98101.0,KING,Acute Care Hospitals,Voluntary non-profit - Private,Yes,53033,122148,931,2262713,1229507,144810,9218,245320,Nonprofit
500007,ISLAND HOSPITAL,WA,105.0,1,0.9857,low (1 condition),ANACORTES,98221.0,SKAGIT,Acute Care Hospitals,Government - Hospital District or Authority,Yes,53057,85474,2182,130407,93511,971,1386,24646,Government
500008,UNIVERSITY OF WASHINGTON MEDICAL CTR,WA,1762.0,5,0.9418,high (4-6 conditions),SEATTLE,98195.0,KING,Acute Care Hospitals,Government - State,No,53033,122148,931,2262713,1229507,144810,9218,245320,Government
500011,HIGHLINE MEDICAL CENTER,WA,431.0,3,0.9749,medium (2-3 conditions),BURIEN,98166.0,KING,Acute Care Hospitals,Voluntary non-profit - Private,Yes,53033,122148,931,2262713,1229507,144810,9218,245320,Nonprofit
500014,PROVIDENCE REGIONAL MEDICAL CENTER EVERETT,WA,1463.0,4,0.9444,high (4-6 conditions),EVERETT,98201.0,SNOHOMISH,Acute Care Hospitals,Voluntary non-profit - Church,Yes,53061,107982,1708,834648,531121,29470,5963,98816,Nonprofit
500015,MULTICARE AUBURN MEDICAL CENTER,WA,373.0,3,1.0087,medium (2-3 conditions),AUBURN,98001.0,KING,Acute Care Hospitals,Voluntary non-profit - Private,Yes,53033,122148,931,2262713,1229507,144810,9218,245320,Nonprofit
500016,CONFLUENCE HEALTH HOSPITAL,WA,1272.0,4,0.9324,high (4-6 conditions),WENATCHEE,98807.0,CHELAN,Acute Care Hospitals,Voluntary non-profit - Private,Yes,53007,78306,5707,79518,52671,402,537,22604,Nonprofit
500019,PROVIDENCE CENTRALIA HOSPITAL,WA,399.0,2,1.001,medium (2-3 conditions),CENTRALIA,98531.0,LEWIS,Acute Care Hospitals,Voluntary non-profit - Other,Yes,53041,69690,3237,83925,67642,502,669,9408,Nonprofit
500021,ST CLARE HOSPITAL,WA,286.0,2,0.952,medium (2-3 conditions),LAKEWOOD,98499.0,PIERCE,Acute Care Hospitals,Voluntary non-profit - Church,Yes,53053,96632,1316,924106,577336,62678,6071,115594,Nonprofit
500024,PROVIDENCE ST PETER HOSPITAL,WA,1499.0,4,1.0275,high (4-6 conditions),OLYMPIA,98506.0,THURSTON,Acute Care Hospitals,Voluntary non-profit - Private,Yes,53067,93985,1815,296640,209556,9413,2555,30528,Nonprofit
500025,SWEDISH MEDICAL CENTER / CHERRY HILL,WA,663.0,2,0.9285,medium (2-3 conditions),SEATTLE,98122.0,KING,Acute Care Hospitals,Voluntary non-profit - Church,Yes,53033,122148,931,2262713,1229507,144810,9218,245320,Nonprofit
500026,SWEDISH EDMONDS HOSPITAL,WA,676.0,4,0.9944,high (4-6 conditions),EDMONDS,98026.0,SNOHOMISH,Acute Care Hospitals,Voluntary non-profit - Private,Yes,53061,107982,1708,834648,531121,29470,5963,98816,Nonprofit
500027,SWEDISH MEDICAL CENTER,WA,573.0,3,0.976,medium (2-3 conditions),SEATTLE,98122.0,KING,Acute Care Hospitals,Voluntary non-profit - Private,Yes,53033,122148,931,2262713,1229507,144810,9218,245320,Nonprofit
500030,ST JOSEPH HOSPITAL,WA,1865.0,5,0.9277,high (4-6 conditions),BELLINGHAM,98225.0,WHATCOM,Acute Care Hospitals,Voluntary non-profit - Other,No,53073,80989,2462,228432,173866,1916,3839,23662,Nonprofit
500031,GRAYS HARBOR COMMUNITY HOSPITAL,WA,520.0,3,1.005,medium (2-3 conditions),ABERDEEN,98520.0,GRAYS HARBOR,Acute Care Hospitals,Voluntary non-profit - Private,Yes,53027,63539,2689,76397,59034,1241,2854,8262,Nonprofit
500033,SAMARITAN HOSPITAL,WA,95.0,1,1.008,low (1 condition),MOSES LAKE,98837.0,GRANT,Acute Care Hospitals,Proprietary,Yes,53025,71115,3731,100428,50182,1196,712,43512,For-profit
500036,YAKIMA VALLEY MEMORIAL,WA,1509.0,4,0.965,high (4-6 conditions),YAKIMA,98902.0,YAKIMA,Acute Care Hospitals,Voluntary non-profit - Private,No,53077,68015,2240,256605,102978,1918,6528,132408,Nonprofit
500039,HARRISON MEDICAL CENTER,WA,2151.0,5,0.8886,high (4-6 conditions),SILVERDALE,98383.0,KITSAP,Acute Care Hospitals,Voluntary non-profit - Private,No,53035,98546,2118,276581,203638,6687,2271,25018,Nonprofit
500041,PEACEHEALTH ST JOHN MEDICAL CENTER,WA,460.0,2,0.9363,medium (2-3 conditions),LONGVIEW,98632.0,COWLITZ,Acute Care Hospitals,Voluntary non-profit - Church,Yes,53015,72932,2981,111539,89902,763,794,11367,Nonprofit
500044,DEACONESS MEDICAL CENTER,WA,901.0,3,0.9337,medium (2-3 conditions),SPOKANE,99210.0,SPOKANE,Acute Care Hospitals,Voluntary non-profit - Private,Yes,53063,73513,1384,544323,444020,10372,4217,37356,Nonprofit
500050,PEACEHEALTH SOUTHWEST MEDICAL CENTER,WA,1325.0,5,0.961,high (4-6 conditions),VANCOUVER,98664.0,CLARK,Acute Care Hospitals,Voluntary non-profit - Private,No,53011,94948,1484,510516,375468,10363,1551,61186,Nonprofit
500051,OVERLAKE HOSPITAL MEDICAL CENTER,WA,922.0,3,1.0277,medium (2-3 conditions),BELLEVUE,98004.0,KING,Acute Care Hospitals,Voluntary non-profit - Other,Yes,53033,122148,931,2262713,1229507,144810,9218,245320,Nonprofit
500053,TRIOS HEALTH,WA,662.0,4,1.0109,high (4-6 conditions),KENNEWICK,99338.0,BENTON,Acute Care Hospitals,Government - Hospital District or Authority,Yes,53005,87316,2359,210224,138200,3166,928,52111,Government
500054,PROV SACRED HRT MED CTR & CHILDS HOSP.,WA,1458.0,4,0.9053,high (4-6 conditions),SPOKANE,99220.0,SPOKANE,Acute Care Hospitals,Voluntary non-profit - Church,Yes,53063,73513,1384,544323,444020,10372,4217,37356,Nonprofit
500058,KADLEC REGIONAL MEDICAL CENTER,WA,2166.0,5,0.9289,high (4-6 conditions),RICHLAND,99352.0,BENTON,Acute Care Hospitals,Voluntary non-profit - Private,Yes,53005,87316,2359,210224,138200,3166,928,52111,Nonprofit
500064,HARBORVIEW MEDICAL CENTER,WA,86.0,1,0.9686,low (1 condition),SEATTLE,98104.0,KING,Acute Care Hospitals,Government - Local,Yes,53033,122148,931,2262713,1229507,144810,9218,245320,Government
500072,OLYMPIC MEDICAL CENTER,WA,627.0,3,0.9793,medium (2-3 conditions),PORT ANGELES,98362.0,CLALLAM,Acute Care Hospitals,Government - Local,Yes,53009,67999,2005,77593,62668,651,2634,5095,Government
500077,PROVIDENCE HOLY FAMILY HOSPITAL,WA,524.0,2,0.9318,medium (2-3 conditions),SPOKANE,99208.0,SPOKANE,Acute Care Hospitals,Voluntary non-profit - Private,Yes,53063,73513,1384,544323,444020,10372,4217,37356,Nonprofit
500079,MULTICARE GOOD SAMARITAN HOSPITAL,WA,2171.0,4,0.9839,high (4-6 conditions),PUYALLUP,98372.0,PIERCE,Acute Care Hospitals,Voluntary non-profit - Private,Yes,53053,96632,1316,924106,577336,62678,6071,115594,Nonprofit
500088,VALLEY MEDICAL CENTER,WA,1141.0,4,0.9941,high (4-6 conditions),RENTON,98055.0,KING,Acute Care Hospitals,Government - Hospital District or Authority,Yes,53033,122148,931,2262713,1229507,144810,9218,245320,Government
500108,ST JOSEPH MEDICAL CENTER,WA,1026.0,5,0.9407,high (4-6 conditions),TACOMA,98405.0,PIERCE,Acute Care Hospitals,Voluntary non-profit - Church,Yes,53053,96632,1316,924106,577336,62678,6071,115594,Nonprofit
500119,MULTICARE VALLEY HOSPITAL,WA,468.0,2,0.9487,medium (2-3 conditions),SPOKANE VALLEY,99216.0,SPOKANE,Acute Care Hospitals,Voluntary non-profit - Private,Yes,53063,73513,1384,544323,444020,10372,4217,37356,Nonprofit
500124,EVERGREENHEALTH MEDICAL CENTER,WA,1379.0,4,0.8911,high (4-6 conditions),KIRKLAND,98034.0,KING,Acute Care Hospitals,Government - Hospital District or Authority,Yes,53033,122148,931,2262713,1229507,144810,9218,245320,Government
500129,TACOMA GENERAL ALLENMORE HOSPITAL,WA,1653.0,5,1.022,high (4-6 conditions),TACOMA,98405.0,PIERCE,Acute Care Hospitals,Voluntary non-profit - Private,Yes,53053,96632,1316,924106,577336,62678,6071,115594,Nonprofit
500139,CAPITAL MEDICAL CENTER,WA,462.0,3,1.0732,medium (2-3 conditions),OLYMPIA,98502.0,THURSTON,Acute Care Hospitals,Voluntary non-profit - Private,Yes,53067,93985,1815,296640,209556,9413,2555,30528,Nonprofit
500141,ST FRANCIS COMMUNITY HOSPITAL,WA,425.0,2,0.99,medium (2-3 conditions),FEDERAL WAY,98003.0,KING,Acute Care Hospitals,Voluntary non-profit - Church,Yes,53033,122148,931,2262713,1229507,144810,9218,245320,Nonprofit
500150,LEGACY SALMON CREEK MEDICAL CENTER,WA,750.0,4,1.0028,high (4-6 conditions),VANCOUVER,98686.0,CLARK,Acute Care Hospitals,Voluntary non-profit - Private,Yes,53011,94948,1484,510516,375468,10363,1551,61186,Nonprofit
500151,ST ANTHONY HOSPITAL,WA,817.0,3,0.8837,medium (2-3 conditions),GIG HARBOR,98332.0,PIERCE,Acute Care Hospitals,Voluntary non-profit - Church,Yes,53053,96632,1316,924106,577336,62678,6071,115594,Nonprofit
500152,SWEDISH ISSAQUAH,WA,446.0,2,0.8976,medium (2-3 conditions),ISSAQUAH,98029.0,KING,Acute Care Hospitals,Voluntary non-profit - Private,Yes,53033,122148,931,2262713,1229507,144810,9218,245320,Nonprofit
500154,MULTICARE COVINGTON MEDICAL CENTER,WA,237.0,2,0.9886,medium (2-3 conditions),COVINGTON,98042.0,KING,Acute Care Hospitals,Voluntary non-profit - Private,Yes,53033,122148,931,2262713,1229507,144810,9218,245320,Nonprofit
510001,"WEST VIRGINIA UNIVERSITY HOSPITALS, INC",WV,1822.0,5,0.9748,high (4-6 conditions),MORGANTOWN,26506.0,MONONGALIA,Acute Care Hospitals,Voluntary non-profit - Private,Yes,54061,62704,2119,106520,91776,3735,46,3298,Nonprofit
510002,"CAMC GREENBRIER VALLEY MEDICAL CENTER, INC",WV,439.0,3,0.975,medium (2-3 conditions),RONCEVERTE,24970.0,GREENBRIER,Acute Care Hospitals,Proprietary,Yes,54025,48662,2746,32688,30006,718,36,599,For-profit
510006,"UNITED HOSPITAL CENTER, INC",WV,1455.0,4,1.0463,high (4-6 conditions),BRIDGEPORT,26330.0,HARRISON,Acute Care Hospitals,Voluntary non-profit - Private,Yes,54033,58326,1602,65407,60376,843,29,1413,Nonprofit
510007,ST MARYS MEDICAL CENTER,WV,1796.0,5,1.002,high (4-6 conditions),HUNTINGTON,25702.0,CABELL,Acute Care Hospitals,Voluntary non-profit - Church,Yes,54011,52828,3340,93300,83089,3835,76,1582,Nonprofit
510008,BERKELEY MEDICAL CENTER,WV,902.0,4,0.997,high (4-6 conditions),MARTINSBURG,25401.0,BERKELEY,Acute Care Hospitals,Voluntary non-profit - Private,Yes,54003,77329,3502,126165,101901,8711,71,7619,Nonprofit
510012,RIVERS HEALTH,WV,108.0,2,1.0438,medium (2-3 conditions),POINT PLEASANT,25550.0,MASON,Acute Care Hospitals,Voluntary non-profit - Private,Yes,54053,53454,6445,25214,24129,221,0,203,Nonprofit
510013,REYNOLDS MEMORIAL HOSPITAL,WV,277.0,3,1.0449,medium (2-3 conditions),GLEN DALE,26038.0,MARSHALL,Acute Care Hospitals,Voluntary non-profit - Private,Yes,54051,60329,5721,30129,28295,80,8,335,Nonprofit
510022,CHARLESTON AREA MEDICAL CENTER,WV,2693.0,5,1.054,high (4-6 conditions),CHARLESTON,25301.0,KANAWHA,Acute Care Hospitals,Voluntary non-profit - Private,Yes,54039,58887,1679,178198,153684,10931,91,2668,Nonprofit
510023,"WEIRTON MEDICAL CENTER, INC",WV,1003.0,4,1.0092,high (4-6 conditions),WEIRTON,26062.0,HANCOCK,Acute Care Hospitals,Government - Local,Yes,54029,61017,3416,28658,26482,563,0,473,Government
510024,MON HEALTH MEDICAL CENTER,WV,748.0,3,1.0204,medium (2-3 conditions),MORGANTOWN,26505.0,MONONGALIA,Acute Care Hospitals,Voluntary non-profit - Private,Yes,54061,62704,2119,106520,91776,3735,46,3298,Nonprofit
510029,THOMAS MEMORIAL HOSPITAL,WV,619.0,3,1.0426,medium (2-3 conditions),SOUTH CHARLESTON,25309.0,KANAWHA,Acute Care Hospitals,Voluntary non-profit - Private,Yes,54039,58887,1679,178198,153684,10931,91,2668,Nonprofit
510030,DAVIS MEDICAL CENTER,WV,277.0,2,1.0021,medium (2-3 conditions),ELKINS,26241.0,RANDOLPH,Acute Care Hospitals,Voluntary non-profit - Private,Yes,54083,55057,4290,27782,25138,401,28,301,Nonprofit
510038,STONEWALL JACKSON MEMORIAL HOSPITAL,WV,80.0,1,1.0623,low (1 condition),WESTON,26452.0,LEWIS,Acute Care Hospitals,Voluntary non-profit - Private,Yes,54041,52279,4156,16808,15333,55,32,253,Nonprofit
510046,PRINCETON COMMUNITY HOSPITAL ASSN INC,WV,861.0,3,0.9924,medium (2-3 conditions),PRINCETON,24740.0,MERCER,Acute Care Hospitals,Government - Local,Yes,54055,47799,3257,59062,52508,2455,169,771,Government
510048,LOGAN REGIONAL MEDICAL CENTER,WV,434.0,3,0.995,medium (2-3 conditions),LOGAN,25601.0,LOGAN,Acute Care Hospitals,Proprietary,Yes,54045,47237,3529,31826,30473,591,2,255,For-profit
510050,"WHEELING HOSPITAL, INC",WV,1179.0,4,1.0606,high (4-6 conditions),WHEELING,26003.0,OHIO,Acute Care Hospitals,Voluntary non-profit - Church,Yes,54069,57867,3233,41904,37802,1356,41,664,Nonprofit
510055,"CABELL HUNTINGTON HOSPITAL, INC",WV,529.0,3,0.9885,medium (2-3 conditions),HUNTINGTON,25701.0,CABELL,Acute Care Hospitals,Voluntary non-profit - Private,Yes,54011,52828,3340,93300,83089,3835,76,1582,Nonprofit
510058,CAMDEN CLARK MEDICAL CENTER,WV,1773.0,5,1.0782,high (4-6 conditions),PARKERSBURG,26101.0,WOOD,Acute Care Hospitals,Voluntary non-profit - Private,Yes,54107,56193,2976,83829,78808,959,82,1188,Nonprofit
510062,BECKLEY ARH HOSPITAL,WV,489.0,3,1.0594,medium (2-3 conditions),BECKLEY,25801.0,RALEIGH,Acute Care Hospitals,Voluntary non-profit - Private,Yes,54081,52055,4609,73666,64199,4963,12,1252,Nonprofit
510070,RALEIGH GENERAL HOSPITAL,WV,856.0,4,1.072,high (4-6 conditions),BECKLEY,25801.0,RALEIGH,Acute Care Hospitals,Proprietary,Yes,54081,52055,4609,73666,64199,4963,12,1252,For-profit
510072,WETZEL COUNTY HOSPITAL,WV,43.0,1,1.0417,low (1 condition),NEW MARTINSVILLE,26155.0,WETZEL,Acute Care Hospitals,Government - Local,Yes,54103,53341,3603,14233,13391,66,0,255,Government
520002,"ASPIRUS STEVENS POINT HOSPITAL & CLINICS, INC.",WI,202.0,2,0.9916,medium (2-3 conditions),STEVENS POINT,54481.0,PORTAGE,Acute Care Hospitals,Voluntary non-profit - Church,Yes,55097,73284,2229,70375,62970,579,106,2764,Nonprofit
520004,MAYO CLINIC HEALTH SYSTEM-FRANCISCAN MEDICAL CENTER INC,WI,607.0,3,0.8821,medium (2-3 conditions),LA CROSSE,54601.0,LA CROSSE,Acute Care Hospitals,Voluntary non-profit - Private,Yes,55063,70704,2221,120262,105619,1817,204,3146,Nonprofit
520008,WAUKESHA MEMORIAL HOSPITAL,WI,1381.0,4,0.9709,high (4-6 conditions),WAUKESHA,53188.0,WAUKESHA,Acute Care Hospitals,Voluntary non-profit - Private,Yes,55133,104100,1579,409040,350739,6111,399,22725,Nonprofit
520009,ASCENSION NE WISCONSIN - ST ELIZABETH CAMPUS,WI,361.0,3,0.9293,medium (2-3 conditions),APPLETON,54915.0,OUTAGAMIE,Acute Care Hospitals,Voluntary non-profit - Private,Yes,55087,82857,1727,191537,163624,2773,1801,9773,Nonprofit
520011,MARSHFIELD MEDICAL CENTER - RICE LAKE,WI,223.0,2,1.0634,medium (2-3 conditions),RICE LAKE,54868.0,BARRON,Acute Care Hospitals,Voluntary non-profit - Private,Yes,55005,64619,2076,46741,42643,662,159,1399,Nonprofit
520019,ASPIRUS RHINELANDER HOSPITAL,WI,130.0,1,0.9983,low (1 condition),RHINELANDER,54501.0,ONEIDA,Acute Care Hospitals,Voluntary non-profit - Private,Yes,55085,69621,2552,38007,35529,192,258,639,Nonprofit
520021,FROEDTERT SOUTH INC.,WI,616.0,4,1.0271,high (4-6 conditions),KENOSHA,53143.0,KENOSHA,Acute Care Hospitals,Government - Local,Yes,55059,79412,2215,168413,121573,10296,256,24975,Government
520028,THE MONROE CLINIC,WI,280.0,2,0.9815,medium (2-3 conditions),MONROE,53566.0,GREEN,Acute Care Hospitals,Voluntary non-profit - Private,Yes,55045,80248,2773,37036,34230,256,30,1509,Nonprofit
520030,ASPIRUS WAUSAU HOSPITAL,WI,1111.0,4,0.9341,high (4-6 conditions),WAUSAU,54401.0,MARATHON,Acute Care Hospitals,Proprietary,Yes,55073,76185,2620,138067,119909,646,127,4641,For-profit
520033,ASPIRUS RIVERVIEW HOSPITAL & CLINICS INC,WI,109.0,1,0.9505,low (1 condition),WISCONSIN RAPIDS,54494.0,WOOD,Acute Care Hospitals,Voluntary non-profit - Private,Yes,55141,66417,2136,74039,67304,508,198,2592,Nonprofit
520034,AURORA MEDICAL CTR MANITOWOC COUNTY,WI,102.0,1,0.9906,low (1 condition),TWO RIVERS,54241.0,MANITOWOC,Acute Care Hospitals,Voluntary non-profit - Private,Yes,55071,68611,2393,81314,71623,612,217,4228,Nonprofit
520035,AURORA MEDICAL CENTER SHEBOYGAN COUNTY,WI,483.0,3,1.0354,medium (2-3 conditions),SHEBOYGAN,53083.0,SHEBOYGAN,Acute Care Hospitals,Voluntary non-profit - Private,Yes,55117,71898,2647,117783,96085,2389,179,8850,Nonprofit
520037,MARSHFIELD MEDICAL CENTER,WI,756.0,4,1.076,high (4-6 conditions),MARSHFIELD,54449.0,WOOD,Acute Care Hospitals,Voluntary non-profit - Church,Yes,55141,66417,2136,74039,67304,508,198,2592,Nonprofit
520041,ASPIRUS DIVINE SAVIOR HOSPITAL,WI,84.0,1,0.9827,low (1 condition),PORTAGE,53901.0,COLUMBIA,Acute Care Hospitals,Voluntary non-profit - Private,Yes,55021,82792,2876,58322,53036,982,217,2269,Nonprofit
520049,BELLIN MEMORIAL HOSPITAL,WI,380.0,3,0.9524,medium (2-3 conditions),GREEN BAY,54301.0,BROWN,Acute Care Hospitals,Voluntary non-profit - Private,Yes,55009,77490,1375,269425,210396,6824,4436,26989,Nonprofit
520051,ASCENSION COLUMBIA ST MARYS HOSPITAL MILWAUKEE,WI,666.0,4,0.9636,high (4-6 conditions),MILWAUKEE,53211.0,MILWAUKEE,Acute Care Hospitals,Voluntary non-profit - Church,Yes,55079,62118,904,927656,451044,237537,3225,154350,Nonprofit
520057,SSM HEALTH ST CLARE HOSPITAL - BARABOO,WI,197.0,2,0.9689,medium (2-3 conditions),BARABOO,53913.0,SAUK,Acute Care Hospitals,Voluntary non-profit - Private,Yes,55111,77648,1981,65759,57228,604,439,4198,Nonprofit
520059,AURORA MEMORIAL HOSPITAL BURLINGTON,WI,282.0,2,0.9646,medium (2-3 conditions),BURLINGTON,53105.0,RACINE,Acute Care Hospitals,Voluntary non-profit - Private,Yes,55101,75331,1810,196888,136877,20566,430,28784,Nonprofit
520062,OCONOMOWOC MEMORIAL HOSPITAL,WI,342.0,2,1.0521,medium (2-3 conditions),OCONOMOWOC,53066.0,WAUKESHA,Acute Care Hospitals,Voluntary non-profit - Private,Yes,55133,104100,1579,409040,350739,6111,399,22725,Nonprofit
520063,ST JOSEPHS COMMUNITY HOSPITAL WEST BEND,WI,365.0,2,0.9551,medium (2-3 conditions),WEST BEND,53095.0,WASHINGTON,Acute Care Hospitals,Voluntary non-profit - Private,Yes,55131,95851,2049,137320,124718,2050,134,5027,Nonprofit
520066,MERCY HEALTH SYSTEM CORP,WI,577.0,4,1.0131,high (4-6 conditions),JANESVILLE,53547.0,ROCK,Acute Care Hospitals,Voluntary non-profit - Private,Yes,55105,74390,2111,163944,131551,7530,67,16163,Nonprofit
520070,MAYO CLINIC HEALTH SYSTEM EAU CLAIRE HOSPITAL,WI,1336.0,5,0.926,high (4-6 conditions),EAU CLAIRE,54703.0,EAU CLAIRE,Acute Care Hospitals,Voluntary non-profit - Private,Yes,55035,71834,2447,106328,93370,1171,263,3210,Nonprofit
520075,ST VINCENT HOSPITAL,WI,261.0,2,0.9082,medium (2-3 conditions),GREEN BAY,54301.0,BROWN,Acute Care Hospitals,Voluntary non-profit - Church,Yes,55009,77490,1375,269425,210396,6824,4436,26989,Nonprofit
520078,ASCENSION ST FRANCIS HOSPITAL,WI,44.0,1,1.0373,low (1 condition),MILWAUKEE,53215.0,MILWAUKEE,Acute Care Hospitals,Voluntary non-profit - Private,Yes,55079,62118,904,927656,451044,237537,3225,154350,Nonprofit
520083,SSM HEALTH ST MARY'S HOSPITAL - MADISON,WI,1730.0,5,0.9483,high (4-6 conditions),MADISON,53715.0,DANE,Acute Care Hospitals,Voluntary non-profit - Private,Yes,55025,88108,1559,564777,433144,28594,823,42861,Nonprofit
520087,GUNDERSEN LUTHERAN MEDICAL CENTER,WI,862.0,4,0.9185,high (4-6 conditions),LA CROSSE,54601.0,LA CROSSE,Acute Care Hospitals,Voluntary non-profit - Private,Yes,55063,70704,2221,120262,105619,1817,204,3146,Nonprofit
520088,SSM HEALTH ST AGNES HOSPITAL-FOND DU LAC,WI,382.0,2,0.9538,medium (2-3 conditions),FOND DU LAC,54935.0,FOND DU LAC,Acute Care Hospitals,Voluntary non-profit - Private,Yes,55039,73154,2698,104053,90158,1758,139,6892,Nonprofit
520089,UNITYPOINT HEALTH - MERITER,WI,1202.0,3,1.0182,medium (2-3 conditions),MADISON,53715.0,DANE,Acute Care Hospitals,Voluntary non-profit - Private,Yes,55025,88108,1559,564777,433144,28594,823,42861,Nonprofit
520096,ASCENSION ALL SAINTS HOSPITAL,WI,500.0,3,1.0258,medium (2-3 conditions),RACINE,53405.0,RACINE,Acute Care Hospitals,Voluntary non-profit - Church,Yes,55101,75331,1810,196888,136877,20566,430,28784,Nonprofit
520097,ST MARYS HOSPITAL MEDICAL CTR,WI,88.0,1,0.9422,low (1 condition),GREEN BAY,54303.0,BROWN,Acute Care Hospitals,Voluntary non-profit - Other,Yes,55009,77490,1375,269425,210396,6824,4436,26989,Nonprofit
520098,UNIVERSITY OF WI  HOSPITALS & CLINICS AUTHORITY,WI,2138.0,6,1.0003,high (4-6 conditions),MADISON,53792.0,DANE,Acute Care Hospitals,Government - Hospital District or Authority,Yes,55025,88108,1559,564777,433144,28594,823,42861,Government
520100,BELOIT HEALTH SYSTEM,WI,454.0,2,1.025,medium (2-3 conditions),BELOIT,53511.0,ROCK,Acute Care Hospitals,Voluntary non-profit - Private,Yes,55105,74390,2111,163944,131551,7530,67,16163,Nonprofit
520102,AURORA LAKELAND MEDICAL CENTER,WI,308.0,2,0.9501,medium (2-3 conditions),ELKHORN,53121.0,WALWORTH,Acute Care Hospitals,Voluntary non-profit - Private,Yes,55127,77359,2434,105447,88121,841,136,12545,Nonprofit
520103,COMMUNITY MEMORIAL HOSPITAL,WI,732.0,3,1.064,medium (2-3 conditions),MENOMONEE FALLS,53051.0,WAUKESHA,Acute Care Hospitals,Voluntary non-profit - Private,Yes,55133,104100,1579,409040,350739,6111,399,22725,Nonprofit
520107,HOLY FAMILY MEMORIAL,WI,197.0,2,1.0081,medium (2-3 conditions),MANITOWOC,54221.0,MANITOWOC,Acute Care Hospitals,Voluntary non-profit - Other,Yes,55071,68611,2393,81314,71623,612,217,4228,Nonprofit
520113,AURORA MEDICAL CENTER BAY AREA,WI,485.0,3,1.0665,medium (2-3 conditions),MARINETTE,54143.0,MARINETTE,Acute Care Hospitals,Voluntary non-profit - Private,Yes,55075,63401,3310,41907,39365,181,63,1127,Nonprofit
520116,WATERTOWN MEMORIAL HOSPITAL,WI,215.0,2,0.9609,medium (2-3 conditions),WATERTOWN,53098.0,DODGE,Acute Care Hospitals,Voluntary non-profit - Private,Yes,55027,73992,1815,88818,78086,2346,245,5696,Nonprofit
520136,ASCENSION SE WISCONSIN HOSPITAL,WI,564.0,3,0.9562,medium (2-3 conditions),MILWAUKEE,53210.0,MILWAUKEE,Acute Care Hospitals,Voluntary non-profit - Church,Yes,55079,62118,904,927656,451044,237537,3225,154350,Nonprofit
520138,AURORA ST LUKES MEDICAL CENTER,WI,2945.0,5,0.9977,high (4-6 conditions),MILWAUKEE,53215.0,MILWAUKEE,Acute Care Hospitals,Voluntary non-profit - Private,Yes,55079,62118,904,927656,451044,237537,3225,154350,Nonprofit
520139,WEST ALLIS MEMORIAL HOSPITAL,WI,567.0,3,1.0047,medium (2-3 conditions),WEST ALLIS,53227.0,MILWAUKEE,Acute Care Hospitals,Voluntary non-profit - Private,Yes,55079,62118,904,927656,451044,237537,3225,154350,Nonprofit
520160,THEDACARE REGIONAL MEDICAL CENTER - APPLETON INC,WI,357.0,2,0.8967,medium (2-3 conditions),APPLETON,54911.0,OUTAGAMIE,Acute Care Hospitals,Voluntary non-profit - Private,Yes,55087,82857,1727,191537,163624,2773,1801,9773,Nonprofit
520177,FROEDTERT MEMORIAL LUTHERAN HOSPITAL,WI,1423.0,5,1.0209,high (4-6 conditions),MILWAUKEE,53226.0,MILWAUKEE,Acute Care Hospitals,Voluntary non-profit - Private,Yes,55079,62118,904,927656,451044,237537,3225,154350,Nonprofit
520189,AURORA MEDICAL CENTER KENOSHA,WI,725.0,3,0.9765,medium (2-3 conditions),KENOSHA,53142.0,KENOSHA,Acute Care Hospitals,Voluntary non-profit - Private,Yes,55059,79412,2215,168413,121573,10296,256,24975,Nonprofit
520193,AURORA BAYCARE MEDICAL CTR,WI,414.0,3,0.9444,medium (2-3 conditions),GREEN BAY,54313.0,BROWN,Acute Care Hospitals,Proprietary,Yes,55009,77490,1375,269425,210396,6824,4436,26989,For-profit
520194,ORTHOPAEDIC HOSPITAL OF WISCONSIN,WI,673.0,1,0.7566,low (1 condition),GLENDALE,53212.0,MILWAUKEE,Acute Care Hospitals,Physician,No,55079,62118,904,927656,451044,237537,3225,154350,Physician-owned
520198,AURORA MEDICAL CTR OSHKOSH,WI,227.0,2,0.9851,medium (2-3 conditions),OSHKOSH,54904.0,WINNEBAGO,Acute Care Hospitals,Voluntary non-profit - Private,Yes,55139,72873,1743,171357,146984,4286,502,8464,Nonprofit
520202,MARSHFIELD MEDICAL CENTER - WESTON,WI,506.0,3,1.0168,medium (2-3 conditions),WESTON,54476.0,MARATHON,Acute Care Hospitals,Voluntary non-profit - Private,Yes,55073,76185,2620,138067,119909,646,127,4641,Nonprofit
520205,MIDWEST ORTHOPEDIC SPECIALTY HOSPITAL,WI,245.0,1,1.2628,low (1 condition),FRANKLIN,53132.0,MILWAUKEE,Acute Care Hospitals,Physician,No,55079,62118,904,927656,451044,237537,3225,154350,Physician-owned
520206,AURORA MEDICAL CENTER - SUMMIT,WI,482.0,4,0.9975,high (4-6 conditions),SUMMIT,53066.0,WAUKESHA,Acute Care Hospitals,Voluntary non-profit - Private,Yes,55133,104100,1579,409040,350739,6111,399,22725,Nonprofit
520207,AURORA MEDICAL CENTER,WI,956.0,5,1.0209,high (4-6 conditions),GRAFTON,53024.0,OZAUKEE,Acute Care Hospitals,Voluntary non-profit - Private,Yes,55089,96734,3801,92345,82922,1353,107,3299,Nonprofit
520208,SSM HEALTH ST MARY'S HOSPITAL - JANESVILLE,WI,219.0,2,1.0025,medium (2-3 conditions),JANESVILLE,53546.0,ROCK,Acute Care Hospitals,Voluntary non-profit - Other,Yes,55105,74390,2111,163944,131551,7530,67,16163,Nonprofit
520210,MARSHFIELD MEDICAL CENTER - EAU CLAIRE,WI,191.0,2,0.9927,medium (2-3 conditions),EAU CLAIRE,54701.0,EAU CLAIRE,Acute Care Hospitals,Voluntary non-profit - Private,Yes,55035,71834,2447,106328,93370,1171,263,3210,Nonprofit
520212,MARSHFIELD MEDICAL CENTER - MINOCQUA,WI,105.0,1,0.9751,low (1 condition),MINOCQUA,54548.0,ONEIDA,Acute Care Hospitals,Voluntary non-profit - Private,Yes,55085,69621,2552,38007,35529,192,258,639,Nonprofit
530002,CAMPBELL COUNTY HEALTH,WY,210.0,2,0.9571,medium (2-3 conditions),GILLETTE,82716.0,CAMPBELL,Acute Care Hospitals,Government - Hospital District or Authority,Yes,56005,95253,6736,47018,40041,164,359,4408,Government
530006,SHERIDAN MEMORIAL HOSPITAL,WY,405.0,2,0.984,medium (2-3 conditions),SHERIDAN,82801.0,SHERIDAN,Acute Care Hospitals,Government - Local,Yes,56033,70855,6422,31585,28346,132,348,1523,Government
530008,SAGEWEST HEALTH CARE,WY,167.0,1,0.9462,low (1 condition),RIVERTON,82501.0,FREMONT,Acute Care Hospitals,Proprietary,Yes,56013,64646,2796,39472,27506,210,7027,2659,For-profit
530012,BANNER WYOMING MEDICAL CENTER,WY,1446.0,4,0.9314,high (4-6 conditions),CASPER,82601.0,NATRONA,Acute Care Hospitals,Government - Local,Yes,56025,71247,1848,79735,67847,476,310,7381,Government
530014,CHEYENNE REGIONAL MEDICAL CENTER,WY,1411.0,4,0.9855,high (4-6 conditions),CHEYENNE,82001.0,LARAMIE,Acute Care Hospitals,Voluntary non-profit - Other,Yes,56021,77884,2917,100661,76436,2112,549,15755,Nonprofit
670023,METHODIST MANSFIELD MEDICAL CENTER,TX,774.0,4,0.9865,high (4-6 conditions),MANSFIELD,76063.0,TARRANT,Acute Care Hospitals,Voluntary non-profit - Private,Yes,48439,81905,930,2135743,921922,366947,3221,637594,Nonprofit
670025,BAYLOR SCOTT & WHITE THE HEART HOSPITAL PLANO,TX,1478.0,3,0.9186,medium (2-3 conditions),PLANO,75093.0,COLLIN,Acute Care Hospitals,Physician,Yes,48085,117588,1528,1116601,572361,117821,2225,178350,Physician-owned
670031,ST LUKE'S PATIENTS MEDICAL CENTER,TX,181.0,2,1.0081,medium (2-3 conditions),PASADENA,77505.0,HARRIS,Acute Care Hospitals,Proprietary,Yes,48201,73104,650,4758579,1303071,890273,5099,2065668,For-profit
670034,BAYLOR SCOTT & WHITE MEDICAL CENTER - ROUND ROCK,TX,1299.0,5,0.9693,high (4-6 conditions),ROUND ROCK,78664.0,WILLIAMSON,Acute Care Hospitals,Voluntary non-profit - Private,Yes,48491,108309,2023,643889,354615,42712,727,157980,Nonprofit
670041,ASCENSION SETON WILLIAMSON,TX,474.0,2,0.9634,medium (2-3 conditions),ROUND ROCK,78664.0,WILLIAMSON,Acute Care Hospitals,Voluntary non-profit - Private,Yes,48491,108309,2023,643889,354615,42712,727,157980,Nonprofit
670043,CEDAR PARK REGIONAL MEDICAL CENTER,TX,595.0,4,1.0791,high (4-6 conditions),CEDAR PARK,78613.0,WILLIAMSON,Acute Care Hospitals,Voluntary non-profit - Private,Yes,48491,108309,2023,643889,354615,42712,727,157980,Nonprofit
670044,TEXAS HEALTH PRESBYTERIAN HOSPITAL ROCKWALL,TX,420.0,2,0.9571,medium (2-3 conditions),ROCKWALL,75032.0,ROCKWALL,Acute Care Hospitals,Proprietary,Yes,48397,124917,5539,116931,75874,9679,171,23581,For-profit
670047,THE HOSPITALS OF PROVIDENCE - EAST CAMPUS,TX,397.0,3,1.0139,medium (2-3 conditions),EL PASO,79938.0,EL PASO,Acute Care Hospitals,Proprietary,Yes,48141,58859,1208,866275,97259,25346,2212,716543,For-profit
670049,NORTH CENTRAL SURGICAL CENTER LLP,TX,636.0,1,0.8489,low (1 condition),DALLAS,75231.0,DALLAS,Acute Care Hospitals,Voluntary non-profit - Other,Yes,48113,74149,771,2603816,705258,578968,3947,1061995,Nonprofit
670053,ST LUKE'S SUGAR LAND HOSPITAL,TX,177.0,2,1.0108,medium (2-3 conditions),SUGAR LAND,77478.0,FORT BEND,Acute Care Hospitals,Voluntary non-profit - Private,Yes,48157,113409,2627,859721,256176,174209,866,210272,Nonprofit
670055,METHODIST HOSPITAL  STONE OAK,TX,1253.0,4,0.9867,high (4-6 conditions),SAN ANTONIO,78258.0,BEXAR,Acute Care Hospitals,Proprietary,Yes,48029,70571,776,2037344,544259,149264,2632,1212855,For-profit
670056,ASCENSION  SETON HAYS,TX,673.0,4,0.9848,high (4-6 conditions),KYLE,78640.0,HAYS,Acute Care Hospitals,Voluntary non-profit - Private,Yes,48209,85827,2598,256429,131514,9766,271,100152,Nonprofit
670060,BAYLOR SCOTT AND WHITE MEDICAL CENTER SUNNYVALE,TX,275.0,2,1.0455,medium (2-3 conditions),SUNNYVALE,75182.0,DALLAS,Acute Care Hospitals,Proprietary,Yes,48113,74149,771,2603816,705258,578968,3947,1061995,For-profit
670067,BAYLOR SCOTT AND WHITE ORTHOPEDIC AND SPINE HOSPI,TX,1072.0,1,0.9216,low (1 condition),ARLINGTON,76015.0,TARRANT,Acute Care Hospitals,Proprietary,Yes,48439,81905,930,2135743,921922,366947,3221,637594,For-profit
670068,TEXAS HEALTH PRESBYTERIAN HOSPITAL FLOWER MOUND,TX,453.0,2,0.9676,medium (2-3 conditions),FLOWER MOUND,75028.0,DENTON,Acute Care Hospitals,Proprietary,Yes,48121,108185,1464,945644,511104,99365,1385,191815,For-profit
670069,METHODIST MCKINNEY HOSPITAL,TX,276.0,1,1.2551,low (1 condition),MCKINNEY,75070.0,COLLIN,Acute Care Hospitals,Physician,Yes,48085,117588,1528,1116601,572361,117821,2225,178350,Physician-owned
670071,TEXAS HEALTH HEART & VASCULAR HOSPITAL ARLINGTON,TX,91.0,1,0.9835,low (1 condition),ARLINGTON,76012.0,TARRANT,Acute Care Hospitals,Physician,No,48439,81905,930,2135743,921922,366947,3221,637594,Physician-owned
670075,ST LUKE'S HOSPITAL AT THE VINTAGE,TX,205.0,2,1.0012,medium (2-3 conditions),HOUSTON,77070.0,HARRIS,Acute Care Hospitals,Voluntary non-profit - Private,Yes,48201,73104,650,4758579,1303071,890273,5099,2065668,Nonprofit
670077,HOUSTON METHODIST WEST HOSPITAL,TX,1190.0,3,0.992,medium (2-3 conditions),HOUSTON,77094.0,HARRIS,Acute Care Hospitals,Voluntary non-profit - Private,Yes,48201,73104,650,4758579,1303071,890273,5099,2065668,Nonprofit
670080,SETON MEDICAL CENTER HARKER HEIGHTS,TX,323.0,3,1.064,medium (2-3 conditions),HARKER HEIGHTS,76548.0,BELL,Acute Care Hospitals,Proprietary,Yes,48027,66051,1732,379811,163585,82125,475,98037,For-profit
670082,BAYLOR SCOTT AND WHITE  MEDICAL CENTER  MCKINNEY,TX,969.0,3,1.021,medium (2-3 conditions),MC KINNEY,75071.0,COLLIN,Acute Care Hospitals,Voluntary non-profit - Private,Yes,48085,117588,1528,1116601,572361,117821,2225,178350,Nonprofit
670085,TEXAS HEALTH HARRIS METHODIST HOSPITAL ALLIANCE,TX,418.0,2,0.9545,medium (2-3 conditions),FORT WORTH,76244.0,TARRANT,Acute Care Hospitals,Voluntary non-profit - Private,Yes,48439,81905,930,2135743,921922,366947,3221,637594,Nonprofit
670088,BAYLOR SCOTT & WHITE MEDICAL CENTER- COLLEGE STATI,TX,785.0,4,1.0085,high (4-6 conditions),COLLEGE STATION,77845.0,BRAZOS,Acute Care Hospitals,Voluntary non-profit - Private,Yes,48041,58388,1835,237980,127348,24510,173,64536,Nonprofit
670098,RESOLUTE HEALTH HOSPITAL,TX,376.0,2,1.0617,medium (2-3 conditions),NEW BRAUNFELS,78130.0,COMAL,Acute Care Hospitals,Proprietary,Yes,48091,99015,3709,174552,113270,4271,133,48664,For-profit
670103,MEDICAL CITY ALLIANCE,TX,272.0,2,0.9969,medium (2-3 conditions),FORT WORTH,76177.0,TARRANT,Acute Care Hospitals,Voluntary non-profit - Private,Yes,48439,81905,930,2135743,921922,366947,3221,637594,Nonprofit
670106,HCA HOUSTON HEALTHCARE PEARLAND,TX,156.0,2,1.0332,medium (2-3 conditions),PEARLAND,77584.0,BRAZORIA,Acute Care Hospitals,Proprietary,Yes,48039,95155,2480,381650,163852,59286,613,119727,For-profit
670108,BAYLOR SCOTT & WHITE MEDICAL CENTER - MARBLE FALLS,TX,393.0,3,0.9476,medium (2-3 conditions),MARBLE FALLS,78654.0,BURNET,Acute Care Hospitals,Voluntary non-profit - Private,Yes,48053,77158,5656,51064,36432,636,91,11782,Nonprofit
670120,THE HOSPITALS OF PROVIDENCE TRANSMOUNTAIN CAMPUS,TX,288.0,2,1.084,medium (2-3 conditions),EL PASO,79911.0,EL PASO,Acute Care Hospitals,Proprietary,Yes,48141,58859,1208,866275,97259,25346,2212,716543,For-profit
670122,HOUSTON METHODIST THE WOODLANDS HOSPITAL,TX,1873.0,5,0.988,high (4-6 conditions),THE WOODLANDS,77385.0,MONTGOMERY,Acute Care Hospitals,Voluntary non-profit - Private,Yes,48339,97266,2149,654722,395015,37118,670,177581,Nonprofit
670260,TEXAS HEALTH HOSPITAL FRISCO,TX,305.0,3,0.9776,medium (2-3 conditions),FRISCO,75033.0,DENTON,Acute Care Hospitals,Voluntary non-profit - Private,Yes,48121,108185,1464,945644,511104,99365,1385,191815,Nonprofit
